INSERT INTO "Question" (id, question_type_id, board_question, created_at, updated_at) 
VALUES (60001, 1, false, '2025-06-26 17:30:59+05:30', '2025-06-26 17:30:59+05:30');
INSERT INTO "Question_Topic" (id, question_id, topic_id, created_at, updated_at) 
VALUES (80001, 60001, 50001, '2025-06-26 17:30:59+05:30', '2025-06-26 17:30:59+05:30');
INSERT INTO "Question_Text" (id, question_id, question_text, created_at, updated_at) 
VALUES (70001, 60001, 'Which of the following is true about types of relations?', '2025-06-26 17:30:59+05:30', '2025-06-26 17:30:59+05:30');
INSERT INTO "Question_Text_Topic_Medium" 
(id, question_text_id, question_topic_id, instruction_medium_id, is_verified, created_at, updated_at, translation_status) 
VALUES (90001, 70001, 80001, 50001, true, '2025-06-26 17:30:59+05:30', '2025-06-26 17:30:59+05:30', 'original');
INSERT INTO "Mcq_Option" 
(id, question_text_id, option_text, is_correct, created_at, updated_at) 
VALUES (100001, 70001, 'Correct answer for Types of Relations', true, '2025-06-26 17:30:59+05:30', '2025-06-26 17:30:59+05:30');
INSERT INTO "Mcq_Option" 
(id, question_text_id, option_text, is_correct, created_at, updated_at) 
VALUES (100002, 70001, 'Incorrect option A for Types of Relations', false, '2025-06-26 17:30:59+05:30', '2025-06-26 17:30:59+05:30');
INSERT INTO "Mcq_Option" 
(id, question_text_id, option_text, is_correct, created_at, updated_at) 
VALUES (100003, 70001, 'Incorrect option B for Types of Relations', false, '2025-06-26 17:30:59+05:30', '2025-06-26 17:30:59+05:30');
INSERT INTO "Mcq_Option" 
(id, question_text_id, option_text, is_correct, created_at, updated_at) 
VALUES (100004, 70001, 'Incorrect option C for Types of Relations', false, '2025-06-26 17:30:59+05:30', '2025-06-26 17:30:59+05:30');
INSERT INTO "Question" (id, question_type_id, board_question, created_at, updated_at) 
VALUES (60002, 1, false, '2025-06-26 17:30:59+05:30', '2025-06-26 17:30:59+05:30');
INSERT INTO "Question_Topic" (id, question_id, topic_id, created_at, updated_at) 
VALUES (80002, 60002, 50001, '2025-06-26 17:30:59+05:30', '2025-06-26 17:30:59+05:30');
INSERT INTO "Question_Text" (id, question_id, question_text, created_at, updated_at) 
VALUES (70002, 60002, 'Which of the following is true about types of relations?', '2025-06-26 17:30:59+05:30', '2025-06-26 17:30:59+05:30');
INSERT INTO "Question_Text_Topic_Medium" 
(id, question_text_id, question_topic_id, instruction_medium_id, is_verified, created_at, updated_at, translation_status) 
VALUES (90002, 70002, 80002, 50001, true, '2025-06-26 17:30:59+05:30', '2025-06-26 17:30:59+05:30', 'original');
INSERT INTO "Mcq_Option" 
(id, question_text_id, option_text, is_correct, created_at, updated_at) 
VALUES (100005, 70002, 'Correct answer for Types of Relations', true, '2025-06-26 17:30:59+05:30', '2025-06-26 17:30:59+05:30');
INSERT INTO "Mcq_Option" 
(id, question_text_id, option_text, is_correct, created_at, updated_at) 
VALUES (100006, 70002, 'Incorrect option A for Types of Relations', false, '2025-06-26 17:30:59+05:30', '2025-06-26 17:30:59+05:30');
INSERT INTO "Mcq_Option" 
(id, question_text_id, option_text, is_correct, created_at, updated_at) 
VALUES (100007, 70002, 'Incorrect option B for Types of Relations', false, '2025-06-26 17:30:59+05:30', '2025-06-26 17:30:59+05:30');
INSERT INTO "Mcq_Option" 
(id, question_text_id, option_text, is_correct, created_at, updated_at) 
VALUES (100008, 70002, 'Incorrect option C for Types of Relations', false, '2025-06-26 17:30:59+05:30', '2025-06-26 17:30:59+05:30');
INSERT INTO "Question" (id, question_type_id, board_question, created_at, updated_at) 
VALUES (60003, 1, false, '2025-06-26 17:30:59+05:30', '2025-06-26 17:30:59+05:30');
INSERT INTO "Question_Topic" (id, question_id, topic_id, created_at, updated_at) 
VALUES (80003, 60003, 50001, '2025-06-26 17:30:59+05:30', '2025-06-26 17:30:59+05:30');
INSERT INTO "Question_Text" (id, question_id, question_text, created_at, updated_at) 
VALUES (70003, 60003, 'Which of the following is true about types of relations?', '2025-06-26 17:30:59+05:30', '2025-06-26 17:30:59+05:30');
INSERT INTO "Question_Text_Topic_Medium" 
(id, question_text_id, question_topic_id, instruction_medium_id, is_verified, created_at, updated_at, translation_status) 
VALUES (90003, 70003, 80003, 50001, true, '2025-06-26 17:30:59+05:30', '2025-06-26 17:30:59+05:30', 'original');
INSERT INTO "Mcq_Option" 
(id, question_text_id, option_text, is_correct, created_at, updated_at) 
VALUES (100009, 70003, 'Correct answer for Types of Relations', true, '2025-06-26 17:30:59+05:30', '2025-06-26 17:30:59+05:30');
INSERT INTO "Mcq_Option" 
(id, question_text_id, option_text, is_correct, created_at, updated_at) 
VALUES (100010, 70003, 'Incorrect option A for Types of Relations', false, '2025-06-26 17:30:59+05:30', '2025-06-26 17:30:59+05:30');
INSERT INTO "Mcq_Option" 
(id, question_text_id, option_text, is_correct, created_at, updated_at) 
VALUES (100011, 70003, 'Incorrect option B for Types of Relations', false, '2025-06-26 17:30:59+05:30', '2025-06-26 17:30:59+05:30');
INSERT INTO "Mcq_Option" 
(id, question_text_id, option_text, is_correct, created_at, updated_at) 
VALUES (100012, 70003, 'Incorrect option C for Types of Relations', false, '2025-06-26 17:30:59+05:30', '2025-06-26 17:30:59+05:30');
INSERT INTO "Question" (id, question_type_id, board_question, created_at, updated_at) 
VALUES (60004, 1, false, '2025-06-26 17:30:59+05:30', '2025-06-26 17:30:59+05:30');
INSERT INTO "Question_Topic" (id, question_id, topic_id, created_at, updated_at) 
VALUES (80004, 60004, 50001, '2025-06-26 17:30:59+05:30', '2025-06-26 17:30:59+05:30');
INSERT INTO "Question_Text" (id, question_id, question_text, created_at, updated_at) 
VALUES (70004, 60004, 'Which of the following is true about types of relations?', '2025-06-26 17:30:59+05:30', '2025-06-26 17:30:59+05:30');
INSERT INTO "Question_Text_Topic_Medium" 
(id, question_text_id, question_topic_id, instruction_medium_id, is_verified, created_at, updated_at, translation_status) 
VALUES (90004, 70004, 80004, 50001, true, '2025-06-26 17:30:59+05:30', '2025-06-26 17:30:59+05:30', 'original');
INSERT INTO "Mcq_Option" 
(id, question_text_id, option_text, is_correct, created_at, updated_at) 
VALUES (100013, 70004, 'Correct answer for Types of Relations', true, '2025-06-26 17:30:59+05:30', '2025-06-26 17:30:59+05:30');
INSERT INTO "Mcq_Option" 
(id, question_text_id, option_text, is_correct, created_at, updated_at) 
VALUES (100014, 70004, 'Incorrect option A for Types of Relations', false, '2025-06-26 17:30:59+05:30', '2025-06-26 17:30:59+05:30');
INSERT INTO "Mcq_Option" 
(id, question_text_id, option_text, is_correct, created_at, updated_at) 
VALUES (100015, 70004, 'Incorrect option B for Types of Relations', false, '2025-06-26 17:30:59+05:30', '2025-06-26 17:30:59+05:30');
INSERT INTO "Mcq_Option" 
(id, question_text_id, option_text, is_correct, created_at, updated_at) 
VALUES (100016, 70004, 'Incorrect option C for Types of Relations', false, '2025-06-26 17:30:59+05:30', '2025-06-26 17:30:59+05:30');
INSERT INTO "Question" (id, question_type_id, board_question, created_at, updated_at) 
VALUES (60005, 1, false, '2025-06-26 17:30:59+05:30', '2025-06-26 17:30:59+05:30');
INSERT INTO "Question_Topic" (id, question_id, topic_id, created_at, updated_at) 
VALUES (80005, 60005, 50001, '2025-06-26 17:30:59+05:30', '2025-06-26 17:30:59+05:30');
INSERT INTO "Question_Text" (id, question_id, question_text, created_at, updated_at) 
VALUES (70005, 60005, 'Which of the following is true about types of relations?', '2025-06-26 17:30:59+05:30', '2025-06-26 17:30:59+05:30');
INSERT INTO "Question_Text_Topic_Medium" 
(id, question_text_id, question_topic_id, instruction_medium_id, is_verified, created_at, updated_at, translation_status) 
VALUES (90005, 70005, 80005, 50001, true, '2025-06-26 17:30:59+05:30', '2025-06-26 17:30:59+05:30', 'original');
INSERT INTO "Mcq_Option" 
(id, question_text_id, option_text, is_correct, created_at, updated_at) 
VALUES (100017, 70005, 'Correct answer for Types of Relations', true, '2025-06-26 17:30:59+05:30', '2025-06-26 17:30:59+05:30');
INSERT INTO "Mcq_Option" 
(id, question_text_id, option_text, is_correct, created_at, updated_at) 
VALUES (100018, 70005, 'Incorrect option A for Types of Relations', false, '2025-06-26 17:30:59+05:30', '2025-06-26 17:30:59+05:30');
INSERT INTO "Mcq_Option" 
(id, question_text_id, option_text, is_correct, created_at, updated_at) 
VALUES (100019, 70005, 'Incorrect option B for Types of Relations', false, '2025-06-26 17:30:59+05:30', '2025-06-26 17:30:59+05:30');
INSERT INTO "Mcq_Option" 
(id, question_text_id, option_text, is_correct, created_at, updated_at) 
VALUES (100020, 70005, 'Incorrect option C for Types of Relations', false, '2025-06-26 17:30:59+05:30', '2025-06-26 17:30:59+05:30');
INSERT INTO "Question" (id, question_type_id, board_question, created_at, updated_at) 
VALUES (60006, 2, false, '2025-06-26 17:30:59+05:30', '2025-06-26 17:30:59+05:30');
INSERT INTO "Question_Topic" (id, question_id, topic_id, created_at, updated_at) 
VALUES (80006, 60006, 50001, '2025-06-26 17:30:59+05:30', '2025-06-26 17:30:59+05:30');
INSERT INTO "Question_Text" (id, question_id, question_text, created_at, updated_at) 
VALUES (70006, 60006, 'Question about types of relations - Type: Odd One Out', '2025-06-26 17:30:59+05:30', '2025-06-26 17:30:59+05:30');
INSERT INTO "Question_Text_Topic_Medium" 
(id, question_text_id, question_topic_id, instruction_medium_id, is_verified, created_at, updated_at, translation_status) 
VALUES (90006, 70006, 80006, 50001, true, '2025-06-26 17:30:59+05:30', '2025-06-26 17:30:59+05:30', 'original');
INSERT INTO "Question" (id, question_type_id, board_question, created_at, updated_at) 
VALUES (60007, 2, false, '2025-06-26 17:30:59+05:30', '2025-06-26 17:30:59+05:30');
INSERT INTO "Question_Topic" (id, question_id, topic_id, created_at, updated_at) 
VALUES (80007, 60007, 50001, '2025-06-26 17:30:59+05:30', '2025-06-26 17:30:59+05:30');
INSERT INTO "Question_Text" (id, question_id, question_text, created_at, updated_at) 
VALUES (70007, 60007, 'Question about types of relations - Type: Odd One Out', '2025-06-26 17:30:59+05:30', '2025-06-26 17:30:59+05:30');
INSERT INTO "Question_Text_Topic_Medium" 
(id, question_text_id, question_topic_id, instruction_medium_id, is_verified, created_at, updated_at, translation_status) 
VALUES (90007, 70007, 80007, 50001, true, '2025-06-26 17:30:59+05:30', '2025-06-26 17:30:59+05:30', 'original');
INSERT INTO "Question" (id, question_type_id, board_question, created_at, updated_at) 
VALUES (60008, 2, false, '2025-06-26 17:30:59+05:30', '2025-06-26 17:30:59+05:30');
INSERT INTO "Question_Topic" (id, question_id, topic_id, created_at, updated_at) 
VALUES (80008, 60008, 50001, '2025-06-26 17:30:59+05:30', '2025-06-26 17:30:59+05:30');
INSERT INTO "Question_Text" (id, question_id, question_text, created_at, updated_at) 
VALUES (70008, 60008, 'Question about types of relations - Type: Odd One Out', '2025-06-26 17:30:59+05:30', '2025-06-26 17:30:59+05:30');
INSERT INTO "Question_Text_Topic_Medium" 
(id, question_text_id, question_topic_id, instruction_medium_id, is_verified, created_at, updated_at, translation_status) 
VALUES (90008, 70008, 80008, 50001, true, '2025-06-26 17:30:59+05:30', '2025-06-26 17:30:59+05:30', 'original');
INSERT INTO "Question" (id, question_type_id, board_question, created_at, updated_at) 
VALUES (60009, 2, false, '2025-06-26 17:30:59+05:30', '2025-06-26 17:30:59+05:30');
INSERT INTO "Question_Topic" (id, question_id, topic_id, created_at, updated_at) 
VALUES (80009, 60009, 50001, '2025-06-26 17:30:59+05:30', '2025-06-26 17:30:59+05:30');
INSERT INTO "Question_Text" (id, question_id, question_text, created_at, updated_at) 
VALUES (70009, 60009, 'Question about types of relations - Type: Odd One Out', '2025-06-26 17:30:59+05:30', '2025-06-26 17:30:59+05:30');
INSERT INTO "Question_Text_Topic_Medium" 
(id, question_text_id, question_topic_id, instruction_medium_id, is_verified, created_at, updated_at, translation_status) 
VALUES (90009, 70009, 80009, 50001, true, '2025-06-26 17:30:59+05:30', '2025-06-26 17:30:59+05:30', 'original');
INSERT INTO "Question" (id, question_type_id, board_question, created_at, updated_at) 
VALUES (60010, 2, false, '2025-06-26 17:30:59+05:30', '2025-06-26 17:30:59+05:30');
INSERT INTO "Question_Topic" (id, question_id, topic_id, created_at, updated_at) 
VALUES (80010, 60010, 50001, '2025-06-26 17:30:59+05:30', '2025-06-26 17:30:59+05:30');
INSERT INTO "Question_Text" (id, question_id, question_text, created_at, updated_at) 
VALUES (70010, 60010, 'Question about types of relations - Type: Odd One Out', '2025-06-26 17:30:59+05:30', '2025-06-26 17:30:59+05:30');
INSERT INTO "Question_Text_Topic_Medium" 
(id, question_text_id, question_topic_id, instruction_medium_id, is_verified, created_at, updated_at, translation_status) 
VALUES (90010, 70010, 80010, 50001, true, '2025-06-26 17:30:59+05:30', '2025-06-26 17:30:59+05:30', 'original');
INSERT INTO "Question" (id, question_type_id, board_question, created_at, updated_at) 
VALUES (60011, 3, false, '2025-06-26 17:30:59+05:30', '2025-06-26 17:30:59+05:30');
INSERT INTO "Question_Topic" (id, question_id, topic_id, created_at, updated_at) 
VALUES (80011, 60011, 50001, '2025-06-26 17:30:59+05:30', '2025-06-26 17:30:59+05:30');
INSERT INTO "Question_Text" (id, question_id, question_text, created_at, updated_at) 
VALUES (70011, 60011, 'Question about types of relations - Type: Complete the Correlation', '2025-06-26 17:30:59+05:30', '2025-06-26 17:30:59+05:30');
INSERT INTO "Question_Text_Topic_Medium" 
(id, question_text_id, question_topic_id, instruction_medium_id, is_verified, created_at, updated_at, translation_status) 
VALUES (90011, 70011, 80011, 50001, true, '2025-06-26 17:30:59+05:30', '2025-06-26 17:30:59+05:30', 'original');
INSERT INTO "Question" (id, question_type_id, board_question, created_at, updated_at) 
VALUES (60012, 3, false, '2025-06-26 17:30:59+05:30', '2025-06-26 17:30:59+05:30');
INSERT INTO "Question_Topic" (id, question_id, topic_id, created_at, updated_at) 
VALUES (80012, 60012, 50001, '2025-06-26 17:30:59+05:30', '2025-06-26 17:30:59+05:30');
INSERT INTO "Question_Text" (id, question_id, question_text, created_at, updated_at) 
VALUES (70012, 60012, 'Question about types of relations - Type: Complete the Correlation', '2025-06-26 17:30:59+05:30', '2025-06-26 17:30:59+05:30');
INSERT INTO "Question_Text_Topic_Medium" 
(id, question_text_id, question_topic_id, instruction_medium_id, is_verified, created_at, updated_at, translation_status) 
VALUES (90012, 70012, 80012, 50001, true, '2025-06-26 17:30:59+05:30', '2025-06-26 17:30:59+05:30', 'original');
INSERT INTO "Question" (id, question_type_id, board_question, created_at, updated_at) 
VALUES (60013, 3, false, '2025-06-26 17:30:59+05:30', '2025-06-26 17:30:59+05:30');
INSERT INTO "Question_Topic" (id, question_id, topic_id, created_at, updated_at) 
VALUES (80013, 60013, 50001, '2025-06-26 17:30:59+05:30', '2025-06-26 17:30:59+05:30');
INSERT INTO "Question_Text" (id, question_id, question_text, created_at, updated_at) 
VALUES (70013, 60013, 'Question about types of relations - Type: Complete the Correlation', '2025-06-26 17:30:59+05:30', '2025-06-26 17:30:59+05:30');
INSERT INTO "Question_Text_Topic_Medium" 
(id, question_text_id, question_topic_id, instruction_medium_id, is_verified, created_at, updated_at, translation_status) 
VALUES (90013, 70013, 80013, 50001, true, '2025-06-26 17:30:59+05:30', '2025-06-26 17:30:59+05:30', 'original');
INSERT INTO "Question" (id, question_type_id, board_question, created_at, updated_at) 
VALUES (60014, 3, false, '2025-06-26 17:30:59+05:30', '2025-06-26 17:30:59+05:30');
INSERT INTO "Question_Topic" (id, question_id, topic_id, created_at, updated_at) 
VALUES (80014, 60014, 50001, '2025-06-26 17:30:59+05:30', '2025-06-26 17:30:59+05:30');
INSERT INTO "Question_Text" (id, question_id, question_text, created_at, updated_at) 
VALUES (70014, 60014, 'Question about types of relations - Type: Complete the Correlation', '2025-06-26 17:30:59+05:30', '2025-06-26 17:30:59+05:30');
INSERT INTO "Question_Text_Topic_Medium" 
(id, question_text_id, question_topic_id, instruction_medium_id, is_verified, created_at, updated_at, translation_status) 
VALUES (90014, 70014, 80014, 50001, true, '2025-06-26 17:30:59+05:30', '2025-06-26 17:30:59+05:30', 'original');
INSERT INTO "Question" (id, question_type_id, board_question, created_at, updated_at) 
VALUES (60015, 3, false, '2025-06-26 17:30:59+05:30', '2025-06-26 17:30:59+05:30');
INSERT INTO "Question_Topic" (id, question_id, topic_id, created_at, updated_at) 
VALUES (80015, 60015, 50001, '2025-06-26 17:30:59+05:30', '2025-06-26 17:30:59+05:30');
INSERT INTO "Question_Text" (id, question_id, question_text, created_at, updated_at) 
VALUES (70015, 60015, 'Question about types of relations - Type: Complete the Correlation', '2025-06-26 17:30:59+05:30', '2025-06-26 17:30:59+05:30');
INSERT INTO "Question_Text_Topic_Medium" 
(id, question_text_id, question_topic_id, instruction_medium_id, is_verified, created_at, updated_at, translation_status) 
VALUES (90015, 70015, 80015, 50001, true, '2025-06-26 17:30:59+05:30', '2025-06-26 17:30:59+05:30', 'original');
INSERT INTO "Question" (id, question_type_id, board_question, created_at, updated_at) 
VALUES (60016, 4, false, '2025-06-26 17:30:59+05:30', '2025-06-26 17:30:59+05:30');
INSERT INTO "Question_Topic" (id, question_id, topic_id, created_at, updated_at) 
VALUES (80016, 60016, 50001, '2025-06-26 17:30:59+05:30', '2025-06-26 17:30:59+05:30');
INSERT INTO "Question_Text" (id, question_id, question_text, created_at, updated_at) 
VALUES (70016, 60016, 'Statement about types of relations is always true. (True/False)', '2025-06-26 17:30:59+05:30', '2025-06-26 17:30:59+05:30');
INSERT INTO "Question_Text_Topic_Medium" 
(id, question_text_id, question_topic_id, instruction_medium_id, is_verified, created_at, updated_at, translation_status) 
VALUES (90016, 70016, 80016, 50001, true, '2025-06-26 17:30:59+05:30', '2025-06-26 17:30:59+05:30', 'original');
INSERT INTO "Question" (id, question_type_id, board_question, created_at, updated_at) 
VALUES (60017, 4, false, '2025-06-26 17:30:59+05:30', '2025-06-26 17:30:59+05:30');
INSERT INTO "Question_Topic" (id, question_id, topic_id, created_at, updated_at) 
VALUES (80017, 60017, 50001, '2025-06-26 17:30:59+05:30', '2025-06-26 17:30:59+05:30');
INSERT INTO "Question_Text" (id, question_id, question_text, created_at, updated_at) 
VALUES (70017, 60017, 'Statement about types of relations is always true. (True/False)', '2025-06-26 17:30:59+05:30', '2025-06-26 17:30:59+05:30');
INSERT INTO "Question_Text_Topic_Medium" 
(id, question_text_id, question_topic_id, instruction_medium_id, is_verified, created_at, updated_at, translation_status) 
VALUES (90017, 70017, 80017, 50001, true, '2025-06-26 17:30:59+05:30', '2025-06-26 17:30:59+05:30', 'original');
INSERT INTO "Question" (id, question_type_id, board_question, created_at, updated_at) 
VALUES (60018, 4, false, '2025-06-26 17:30:59+05:30', '2025-06-26 17:30:59+05:30');
INSERT INTO "Question_Topic" (id, question_id, topic_id, created_at, updated_at) 
VALUES (80018, 60018, 50001, '2025-06-26 17:30:59+05:30', '2025-06-26 17:30:59+05:30');
INSERT INTO "Question_Text" (id, question_id, question_text, created_at, updated_at) 
VALUES (70018, 60018, 'Statement about types of relations is always true. (True/False)', '2025-06-26 17:30:59+05:30', '2025-06-26 17:30:59+05:30');
INSERT INTO "Question_Text_Topic_Medium" 
(id, question_text_id, question_topic_id, instruction_medium_id, is_verified, created_at, updated_at, translation_status) 
VALUES (90018, 70018, 80018, 50001, true, '2025-06-26 17:30:59+05:30', '2025-06-26 17:30:59+05:30', 'original');
INSERT INTO "Question" (id, question_type_id, board_question, created_at, updated_at) 
VALUES (60019, 4, false, '2025-06-26 17:30:59+05:30', '2025-06-26 17:30:59+05:30');
INSERT INTO "Question_Topic" (id, question_id, topic_id, created_at, updated_at) 
VALUES (80019, 60019, 50001, '2025-06-26 17:30:59+05:30', '2025-06-26 17:30:59+05:30');
INSERT INTO "Question_Text" (id, question_id, question_text, created_at, updated_at) 
VALUES (70019, 60019, 'Statement about types of relations is always true. (True/False)', '2025-06-26 17:30:59+05:30', '2025-06-26 17:30:59+05:30');
INSERT INTO "Question_Text_Topic_Medium" 
(id, question_text_id, question_topic_id, instruction_medium_id, is_verified, created_at, updated_at, translation_status) 
VALUES (90019, 70019, 80019, 50001, true, '2025-06-26 17:30:59+05:30', '2025-06-26 17:30:59+05:30', 'original');
INSERT INTO "Question" (id, question_type_id, board_question, created_at, updated_at) 
VALUES (60020, 4, false, '2025-06-26 17:30:59+05:30', '2025-06-26 17:30:59+05:30');
INSERT INTO "Question_Topic" (id, question_id, topic_id, created_at, updated_at) 
VALUES (80020, 60020, 50001, '2025-06-26 17:30:59+05:30', '2025-06-26 17:30:59+05:30');
INSERT INTO "Question_Text" (id, question_id, question_text, created_at, updated_at) 
VALUES (70020, 60020, 'Statement about types of relations is always true. (True/False)', '2025-06-26 17:30:59+05:30', '2025-06-26 17:30:59+05:30');
INSERT INTO "Question_Text_Topic_Medium" 
(id, question_text_id, question_topic_id, instruction_medium_id, is_verified, created_at, updated_at, translation_status) 
VALUES (90020, 70020, 80020, 50001, true, '2025-06-26 17:30:59+05:30', '2025-06-26 17:30:59+05:30', 'original');
INSERT INTO "Question" (id, question_type_id, board_question, created_at, updated_at) 
VALUES (60021, 5, false, '2025-06-26 17:30:59+05:30', '2025-06-26 17:30:59+05:30');
INSERT INTO "Question_Topic" (id, question_id, topic_id, created_at, updated_at) 
VALUES (80021, 60021, 50001, '2025-06-26 17:30:59+05:30', '2025-06-26 17:30:59+05:30');
INSERT INTO "Question_Text" (id, question_id, question_text, created_at, updated_at) 
VALUES (70021, 60021, 'Match the following concepts related to types of relations:', '2025-06-26 17:30:59+05:30', '2025-06-26 17:30:59+05:30');
INSERT INTO "Question_Text_Topic_Medium" 
(id, question_text_id, question_topic_id, instruction_medium_id, is_verified, created_at, updated_at, translation_status) 
VALUES (90021, 70021, 80021, 50001, true, '2025-06-26 17:30:59+05:30', '2025-06-26 17:30:59+05:30', 'original');
INSERT INTO "Match_Pair" 
(id, question_text_id, left_text, right_text, created_at, updated_at) 
VALUES (110001, 70021, 'Concept A of Types of Relations', 'Definition A of Types of Relations', '2025-06-26 17:30:59+05:30', '2025-06-26 17:30:59+05:30');
INSERT INTO "Match_Pair" 
(id, question_text_id, left_text, right_text, created_at, updated_at) 
VALUES (110002, 70021, 'Concept B of Types of Relations', 'Definition B of Types of Relations', '2025-06-26 17:30:59+05:30', '2025-06-26 17:30:59+05:30');
INSERT INTO "Match_Pair" 
(id, question_text_id, left_text, right_text, created_at, updated_at) 
VALUES (110003, 70021, 'Concept C of Types of Relations', 'Definition C of Types of Relations', '2025-06-26 17:30:59+05:30', '2025-06-26 17:30:59+05:30');
INSERT INTO "Question" (id, question_type_id, board_question, created_at, updated_at) 
VALUES (60022, 5, false, '2025-06-26 17:30:59+05:30', '2025-06-26 17:30:59+05:30');
INSERT INTO "Question_Topic" (id, question_id, topic_id, created_at, updated_at) 
VALUES (80022, 60022, 50001, '2025-06-26 17:30:59+05:30', '2025-06-26 17:30:59+05:30');
INSERT INTO "Question_Text" (id, question_id, question_text, created_at, updated_at) 
VALUES (70022, 60022, 'Match the following concepts related to types of relations:', '2025-06-26 17:30:59+05:30', '2025-06-26 17:30:59+05:30');
INSERT INTO "Question_Text_Topic_Medium" 
(id, question_text_id, question_topic_id, instruction_medium_id, is_verified, created_at, updated_at, translation_status) 
VALUES (90022, 70022, 80022, 50001, true, '2025-06-26 17:30:59+05:30', '2025-06-26 17:30:59+05:30', 'original');
INSERT INTO "Match_Pair" 
(id, question_text_id, left_text, right_text, created_at, updated_at) 
VALUES (110004, 70022, 'Concept A of Types of Relations', 'Definition A of Types of Relations', '2025-06-26 17:30:59+05:30', '2025-06-26 17:30:59+05:30');
INSERT INTO "Match_Pair" 
(id, question_text_id, left_text, right_text, created_at, updated_at) 
VALUES (110005, 70022, 'Concept B of Types of Relations', 'Definition B of Types of Relations', '2025-06-26 17:30:59+05:30', '2025-06-26 17:30:59+05:30');
INSERT INTO "Match_Pair" 
(id, question_text_id, left_text, right_text, created_at, updated_at) 
VALUES (110006, 70022, 'Concept C of Types of Relations', 'Definition C of Types of Relations', '2025-06-26 17:30:59+05:30', '2025-06-26 17:30:59+05:30');
INSERT INTO "Question" (id, question_type_id, board_question, created_at, updated_at) 
VALUES (60023, 5, false, '2025-06-26 17:30:59+05:30', '2025-06-26 17:30:59+05:30');
INSERT INTO "Question_Topic" (id, question_id, topic_id, created_at, updated_at) 
VALUES (80023, 60023, 50001, '2025-06-26 17:30:59+05:30', '2025-06-26 17:30:59+05:30');
INSERT INTO "Question_Text" (id, question_id, question_text, created_at, updated_at) 
VALUES (70023, 60023, 'Match the following concepts related to types of relations:', '2025-06-26 17:30:59+05:30', '2025-06-26 17:30:59+05:30');
INSERT INTO "Question_Text_Topic_Medium" 
(id, question_text_id, question_topic_id, instruction_medium_id, is_verified, created_at, updated_at, translation_status) 
VALUES (90023, 70023, 80023, 50001, true, '2025-06-26 17:30:59+05:30', '2025-06-26 17:30:59+05:30', 'original');
INSERT INTO "Match_Pair" 
(id, question_text_id, left_text, right_text, created_at, updated_at) 
VALUES (110007, 70023, 'Concept A of Types of Relations', 'Definition A of Types of Relations', '2025-06-26 17:30:59+05:30', '2025-06-26 17:30:59+05:30');
INSERT INTO "Match_Pair" 
(id, question_text_id, left_text, right_text, created_at, updated_at) 
VALUES (110008, 70023, 'Concept B of Types of Relations', 'Definition B of Types of Relations', '2025-06-26 17:30:59+05:30', '2025-06-26 17:30:59+05:30');
INSERT INTO "Match_Pair" 
(id, question_text_id, left_text, right_text, created_at, updated_at) 
VALUES (110009, 70023, 'Concept C of Types of Relations', 'Definition C of Types of Relations', '2025-06-26 17:30:59+05:30', '2025-06-26 17:30:59+05:30');
INSERT INTO "Question" (id, question_type_id, board_question, created_at, updated_at) 
VALUES (60024, 5, false, '2025-06-26 17:30:59+05:30', '2025-06-26 17:30:59+05:30');
INSERT INTO "Question_Topic" (id, question_id, topic_id, created_at, updated_at) 
VALUES (80024, 60024, 50001, '2025-06-26 17:30:59+05:30', '2025-06-26 17:30:59+05:30');
INSERT INTO "Question_Text" (id, question_id, question_text, created_at, updated_at) 
VALUES (70024, 60024, 'Match the following concepts related to types of relations:', '2025-06-26 17:30:59+05:30', '2025-06-26 17:30:59+05:30');
INSERT INTO "Question_Text_Topic_Medium" 
(id, question_text_id, question_topic_id, instruction_medium_id, is_verified, created_at, updated_at, translation_status) 
VALUES (90024, 70024, 80024, 50001, true, '2025-06-26 17:30:59+05:30', '2025-06-26 17:30:59+05:30', 'original');
INSERT INTO "Match_Pair" 
(id, question_text_id, left_text, right_text, created_at, updated_at) 
VALUES (110010, 70024, 'Concept A of Types of Relations', 'Definition A of Types of Relations', '2025-06-26 17:30:59+05:30', '2025-06-26 17:30:59+05:30');
INSERT INTO "Match_Pair" 
(id, question_text_id, left_text, right_text, created_at, updated_at) 
VALUES (110011, 70024, 'Concept B of Types of Relations', 'Definition B of Types of Relations', '2025-06-26 17:30:59+05:30', '2025-06-26 17:30:59+05:30');
INSERT INTO "Match_Pair" 
(id, question_text_id, left_text, right_text, created_at, updated_at) 
VALUES (110012, 70024, 'Concept C of Types of Relations', 'Definition C of Types of Relations', '2025-06-26 17:30:59+05:30', '2025-06-26 17:30:59+05:30');
INSERT INTO "Question" (id, question_type_id, board_question, created_at, updated_at) 
VALUES (60025, 5, false, '2025-06-26 17:30:59+05:30', '2025-06-26 17:30:59+05:30');
INSERT INTO "Question_Topic" (id, question_id, topic_id, created_at, updated_at) 
VALUES (80025, 60025, 50001, '2025-06-26 17:30:59+05:30', '2025-06-26 17:30:59+05:30');
INSERT INTO "Question_Text" (id, question_id, question_text, created_at, updated_at) 
VALUES (70025, 60025, 'Match the following concepts related to types of relations:', '2025-06-26 17:30:59+05:30', '2025-06-26 17:30:59+05:30');
INSERT INTO "Question_Text_Topic_Medium" 
(id, question_text_id, question_topic_id, instruction_medium_id, is_verified, created_at, updated_at, translation_status) 
VALUES (90025, 70025, 80025, 50001, true, '2025-06-26 17:30:59+05:30', '2025-06-26 17:30:59+05:30', 'original');
INSERT INTO "Match_Pair" 
(id, question_text_id, left_text, right_text, created_at, updated_at) 
VALUES (110013, 70025, 'Concept A of Types of Relations', 'Definition A of Types of Relations', '2025-06-26 17:30:59+05:30', '2025-06-26 17:30:59+05:30');
INSERT INTO "Match_Pair" 
(id, question_text_id, left_text, right_text, created_at, updated_at) 
VALUES (110014, 70025, 'Concept B of Types of Relations', 'Definition B of Types of Relations', '2025-06-26 17:30:59+05:30', '2025-06-26 17:30:59+05:30');
INSERT INTO "Match_Pair" 
(id, question_text_id, left_text, right_text, created_at, updated_at) 
VALUES (110015, 70025, 'Concept C of Types of Relations', 'Definition C of Types of Relations', '2025-06-26 17:30:59+05:30', '2025-06-26 17:30:59+05:30');
INSERT INTO "Question" (id, question_type_id, board_question, created_at, updated_at) 
VALUES (60026, 6, false, '2025-06-26 17:30:59+05:30', '2025-06-26 17:30:59+05:30');
INSERT INTO "Question_Topic" (id, question_id, topic_id, created_at, updated_at) 
VALUES (80026, 60026, 50001, '2025-06-26 17:30:59+05:30', '2025-06-26 17:30:59+05:30');
INSERT INTO "Question_Text" (id, question_id, question_text, created_at, updated_at) 
VALUES (70026, 60026, 'In types of relations, the main concept is _______.', '2025-06-26 17:30:59+05:30', '2025-06-26 17:30:59+05:30');
INSERT INTO "Question_Text_Topic_Medium" 
(id, question_text_id, question_topic_id, instruction_medium_id, is_verified, created_at, updated_at, translation_status) 
VALUES (90026, 70026, 80026, 50001, true, '2025-06-26 17:30:59+05:30', '2025-06-26 17:30:59+05:30', 'original');
INSERT INTO "Question" (id, question_type_id, board_question, created_at, updated_at) 
VALUES (60027, 6, false, '2025-06-26 17:30:59+05:30', '2025-06-26 17:30:59+05:30');
INSERT INTO "Question_Topic" (id, question_id, topic_id, created_at, updated_at) 
VALUES (80027, 60027, 50001, '2025-06-26 17:30:59+05:30', '2025-06-26 17:30:59+05:30');
INSERT INTO "Question_Text" (id, question_id, question_text, created_at, updated_at) 
VALUES (70027, 60027, 'In types of relations, the main concept is _______.', '2025-06-26 17:30:59+05:30', '2025-06-26 17:30:59+05:30');
INSERT INTO "Question_Text_Topic_Medium" 
(id, question_text_id, question_topic_id, instruction_medium_id, is_verified, created_at, updated_at, translation_status) 
VALUES (90027, 70027, 80027, 50001, true, '2025-06-26 17:30:59+05:30', '2025-06-26 17:30:59+05:30', 'original');
INSERT INTO "Question" (id, question_type_id, board_question, created_at, updated_at) 
VALUES (60028, 6, false, '2025-06-26 17:30:59+05:30', '2025-06-26 17:30:59+05:30');
INSERT INTO "Question_Topic" (id, question_id, topic_id, created_at, updated_at) 
VALUES (80028, 60028, 50001, '2025-06-26 17:30:59+05:30', '2025-06-26 17:30:59+05:30');
INSERT INTO "Question_Text" (id, question_id, question_text, created_at, updated_at) 
VALUES (70028, 60028, 'In types of relations, the main concept is _______.', '2025-06-26 17:30:59+05:30', '2025-06-26 17:30:59+05:30');
INSERT INTO "Question_Text_Topic_Medium" 
(id, question_text_id, question_topic_id, instruction_medium_id, is_verified, created_at, updated_at, translation_status) 
VALUES (90028, 70028, 80028, 50001, true, '2025-06-26 17:30:59+05:30', '2025-06-26 17:30:59+05:30', 'original');
INSERT INTO "Question" (id, question_type_id, board_question, created_at, updated_at) 
VALUES (60029, 6, false, '2025-06-26 17:30:59+05:30', '2025-06-26 17:30:59+05:30');
INSERT INTO "Question_Topic" (id, question_id, topic_id, created_at, updated_at) 
VALUES (80029, 60029, 50001, '2025-06-26 17:30:59+05:30', '2025-06-26 17:30:59+05:30');
INSERT INTO "Question_Text" (id, question_id, question_text, created_at, updated_at) 
VALUES (70029, 60029, 'In types of relations, the main concept is _______.', '2025-06-26 17:30:59+05:30', '2025-06-26 17:30:59+05:30');
INSERT INTO "Question_Text_Topic_Medium" 
(id, question_text_id, question_topic_id, instruction_medium_id, is_verified, created_at, updated_at, translation_status) 
VALUES (90029, 70029, 80029, 50001, true, '2025-06-26 17:30:59+05:30', '2025-06-26 17:30:59+05:30', 'original');
INSERT INTO "Question" (id, question_type_id, board_question, created_at, updated_at) 
VALUES (60030, 6, false, '2025-06-26 17:30:59+05:30', '2025-06-26 17:30:59+05:30');
INSERT INTO "Question_Topic" (id, question_id, topic_id, created_at, updated_at) 
VALUES (80030, 60030, 50001, '2025-06-26 17:30:59+05:30', '2025-06-26 17:30:59+05:30');
INSERT INTO "Question_Text" (id, question_id, question_text, created_at, updated_at) 
VALUES (70030, 60030, 'In types of relations, the main concept is _______.', '2025-06-26 17:30:59+05:30', '2025-06-26 17:30:59+05:30');
INSERT INTO "Question_Text_Topic_Medium" 
(id, question_text_id, question_topic_id, instruction_medium_id, is_verified, created_at, updated_at, translation_status) 
VALUES (90030, 70030, 80030, 50001, true, '2025-06-26 17:30:59+05:30', '2025-06-26 17:30:59+05:30', 'original');
INSERT INTO "Question" (id, question_type_id, board_question, created_at, updated_at) 
VALUES (60031, 7, false, '2025-06-26 17:30:59+05:30', '2025-06-26 17:30:59+05:30');
INSERT INTO "Question_Topic" (id, question_id, topic_id, created_at, updated_at) 
VALUES (80031, 60031, 50001, '2025-06-26 17:30:59+05:30', '2025-06-26 17:30:59+05:30');
INSERT INTO "Question_Text" (id, question_id, question_text, created_at, updated_at) 
VALUES (70031, 60031, 'What is the key term in types of relations?', '2025-06-26 17:30:59+05:30', '2025-06-26 17:30:59+05:30');
INSERT INTO "Question_Text_Topic_Medium" 
(id, question_text_id, question_topic_id, instruction_medium_id, is_verified, created_at, updated_at, translation_status) 
VALUES (90031, 70031, 80031, 50001, true, '2025-06-26 17:30:59+05:30', '2025-06-26 17:30:59+05:30', 'original');
INSERT INTO "Question" (id, question_type_id, board_question, created_at, updated_at) 
VALUES (60032, 7, false, '2025-06-26 17:30:59+05:30', '2025-06-26 17:30:59+05:30');
INSERT INTO "Question_Topic" (id, question_id, topic_id, created_at, updated_at) 
VALUES (80032, 60032, 50001, '2025-06-26 17:30:59+05:30', '2025-06-26 17:30:59+05:30');
INSERT INTO "Question_Text" (id, question_id, question_text, created_at, updated_at) 
VALUES (70032, 60032, 'What is the key term in types of relations?', '2025-06-26 17:30:59+05:30', '2025-06-26 17:30:59+05:30');
INSERT INTO "Question_Text_Topic_Medium" 
(id, question_text_id, question_topic_id, instruction_medium_id, is_verified, created_at, updated_at, translation_status) 
VALUES (90032, 70032, 80032, 50001, true, '2025-06-26 17:30:59+05:30', '2025-06-26 17:30:59+05:30', 'original');
INSERT INTO "Question" (id, question_type_id, board_question, created_at, updated_at) 
VALUES (60033, 7, false, '2025-06-26 17:30:59+05:30', '2025-06-26 17:30:59+05:30');
INSERT INTO "Question_Topic" (id, question_id, topic_id, created_at, updated_at) 
VALUES (80033, 60033, 50001, '2025-06-26 17:30:59+05:30', '2025-06-26 17:30:59+05:30');
INSERT INTO "Question_Text" (id, question_id, question_text, created_at, updated_at) 
VALUES (70033, 60033, 'What is the key term in types of relations?', '2025-06-26 17:30:59+05:30', '2025-06-26 17:30:59+05:30');
INSERT INTO "Question_Text_Topic_Medium" 
(id, question_text_id, question_topic_id, instruction_medium_id, is_verified, created_at, updated_at, translation_status) 
VALUES (90033, 70033, 80033, 50001, true, '2025-06-26 17:30:59+05:30', '2025-06-26 17:30:59+05:30', 'original');
INSERT INTO "Question" (id, question_type_id, board_question, created_at, updated_at) 
VALUES (60034, 7, false, '2025-06-26 17:30:59+05:30', '2025-06-26 17:30:59+05:30');
INSERT INTO "Question_Topic" (id, question_id, topic_id, created_at, updated_at) 
VALUES (80034, 60034, 50001, '2025-06-26 17:30:59+05:30', '2025-06-26 17:30:59+05:30');
INSERT INTO "Question_Text" (id, question_id, question_text, created_at, updated_at) 
VALUES (70034, 60034, 'What is the key term in types of relations?', '2025-06-26 17:30:59+05:30', '2025-06-26 17:30:59+05:30');
INSERT INTO "Question_Text_Topic_Medium" 
(id, question_text_id, question_topic_id, instruction_medium_id, is_verified, created_at, updated_at, translation_status) 
VALUES (90034, 70034, 80034, 50001, true, '2025-06-26 17:30:59+05:30', '2025-06-26 17:30:59+05:30', 'original');
INSERT INTO "Question" (id, question_type_id, board_question, created_at, updated_at) 
VALUES (60035, 7, false, '2025-06-26 17:30:59+05:30', '2025-06-26 17:30:59+05:30');
INSERT INTO "Question_Topic" (id, question_id, topic_id, created_at, updated_at) 
VALUES (80035, 60035, 50001, '2025-06-26 17:30:59+05:30', '2025-06-26 17:30:59+05:30');
INSERT INTO "Question_Text" (id, question_id, question_text, created_at, updated_at) 
VALUES (70035, 60035, 'What is the key term in types of relations?', '2025-06-26 17:30:59+05:30', '2025-06-26 17:30:59+05:30');
INSERT INTO "Question_Text_Topic_Medium" 
(id, question_text_id, question_topic_id, instruction_medium_id, is_verified, created_at, updated_at, translation_status) 
VALUES (90035, 70035, 80035, 50001, true, '2025-06-26 17:30:59+05:30', '2025-06-26 17:30:59+05:30', 'original');
INSERT INTO "Question" (id, question_type_id, board_question, created_at, updated_at) 
VALUES (60036, 8, false, '2025-06-26 17:30:59+05:30', '2025-06-26 17:30:59+05:30');
INSERT INTO "Question_Topic" (id, question_id, topic_id, created_at, updated_at) 
VALUES (80036, 60036, 50001, '2025-06-26 17:30:59+05:30', '2025-06-26 17:30:59+05:30');
INSERT INTO "Question_Text" (id, question_id, question_text, created_at, updated_at) 
VALUES (70036, 60036, 'Question about types of relations - Type: Give Scientific Reasons', '2025-06-26 17:30:59+05:30', '2025-06-26 17:30:59+05:30');
INSERT INTO "Question_Text_Topic_Medium" 
(id, question_text_id, question_topic_id, instruction_medium_id, is_verified, created_at, updated_at, translation_status) 
VALUES (90036, 70036, 80036, 50001, true, '2025-06-26 17:30:59+05:30', '2025-06-26 17:30:59+05:30', 'original');
INSERT INTO "Question" (id, question_type_id, board_question, created_at, updated_at) 
VALUES (60037, 8, false, '2025-06-26 17:30:59+05:30', '2025-06-26 17:30:59+05:30');
INSERT INTO "Question_Topic" (id, question_id, topic_id, created_at, updated_at) 
VALUES (80037, 60037, 50001, '2025-06-26 17:30:59+05:30', '2025-06-26 17:30:59+05:30');
INSERT INTO "Question_Text" (id, question_id, question_text, created_at, updated_at) 
VALUES (70037, 60037, 'Question about types of relations - Type: Give Scientific Reasons', '2025-06-26 17:30:59+05:30', '2025-06-26 17:30:59+05:30');
INSERT INTO "Question_Text_Topic_Medium" 
(id, question_text_id, question_topic_id, instruction_medium_id, is_verified, created_at, updated_at, translation_status) 
VALUES (90037, 70037, 80037, 50001, true, '2025-06-26 17:30:59+05:30', '2025-06-26 17:30:59+05:30', 'original');
INSERT INTO "Question" (id, question_type_id, board_question, created_at, updated_at) 
VALUES (60038, 8, false, '2025-06-26 17:30:59+05:30', '2025-06-26 17:30:59+05:30');
INSERT INTO "Question_Topic" (id, question_id, topic_id, created_at, updated_at) 
VALUES (80038, 60038, 50001, '2025-06-26 17:30:59+05:30', '2025-06-26 17:30:59+05:30');
INSERT INTO "Question_Text" (id, question_id, question_text, created_at, updated_at) 
VALUES (70038, 60038, 'Question about types of relations - Type: Give Scientific Reasons', '2025-06-26 17:30:59+05:30', '2025-06-26 17:30:59+05:30');
INSERT INTO "Question_Text_Topic_Medium" 
(id, question_text_id, question_topic_id, instruction_medium_id, is_verified, created_at, updated_at, translation_status) 
VALUES (90038, 70038, 80038, 50001, true, '2025-06-26 17:30:59+05:30', '2025-06-26 17:30:59+05:30', 'original');
INSERT INTO "Question" (id, question_type_id, board_question, created_at, updated_at) 
VALUES (60039, 8, false, '2025-06-26 17:30:59+05:30', '2025-06-26 17:30:59+05:30');
INSERT INTO "Question_Topic" (id, question_id, topic_id, created_at, updated_at) 
VALUES (80039, 60039, 50001, '2025-06-26 17:30:59+05:30', '2025-06-26 17:30:59+05:30');
INSERT INTO "Question_Text" (id, question_id, question_text, created_at, updated_at) 
VALUES (70039, 60039, 'Question about types of relations - Type: Give Scientific Reasons', '2025-06-26 17:30:59+05:30', '2025-06-26 17:30:59+05:30');
INSERT INTO "Question_Text_Topic_Medium" 
(id, question_text_id, question_topic_id, instruction_medium_id, is_verified, created_at, updated_at, translation_status) 
VALUES (90039, 70039, 80039, 50001, true, '2025-06-26 17:30:59+05:30', '2025-06-26 17:30:59+05:30', 'original');
INSERT INTO "Question" (id, question_type_id, board_question, created_at, updated_at) 
VALUES (60040, 8, false, '2025-06-26 17:30:59+05:30', '2025-06-26 17:30:59+05:30');
INSERT INTO "Question_Topic" (id, question_id, topic_id, created_at, updated_at) 
VALUES (80040, 60040, 50001, '2025-06-26 17:30:59+05:30', '2025-06-26 17:30:59+05:30');
INSERT INTO "Question_Text" (id, question_id, question_text, created_at, updated_at) 
VALUES (70040, 60040, 'Question about types of relations - Type: Give Scientific Reasons', '2025-06-26 17:30:59+05:30', '2025-06-26 17:30:59+05:30');
INSERT INTO "Question_Text_Topic_Medium" 
(id, question_text_id, question_topic_id, instruction_medium_id, is_verified, created_at, updated_at, translation_status) 
VALUES (90040, 70040, 80040, 50001, true, '2025-06-26 17:30:59+05:30', '2025-06-26 17:30:59+05:30', 'original');
INSERT INTO "Question" (id, question_type_id, board_question, created_at, updated_at) 
VALUES (60041, 9, false, '2025-06-26 17:30:59+05:30', '2025-06-26 17:30:59+05:30');
INSERT INTO "Question_Topic" (id, question_id, topic_id, created_at, updated_at) 
VALUES (80041, 60041, 50001, '2025-06-26 17:30:59+05:30', '2025-06-26 17:30:59+05:30');
INSERT INTO "Question_Text" (id, question_id, question_text, created_at, updated_at) 
VALUES (70041, 60041, 'Explain the concept of types of relations with an example.', '2025-06-26 17:30:59+05:30', '2025-06-26 17:30:59+05:30');
INSERT INTO "Question_Text_Topic_Medium" 
(id, question_text_id, question_topic_id, instruction_medium_id, is_verified, created_at, updated_at, translation_status) 
VALUES (90041, 70041, 80041, 50001, true, '2025-06-26 17:30:59+05:30', '2025-06-26 17:30:59+05:30', 'original');
INSERT INTO "Question" (id, question_type_id, board_question, created_at, updated_at) 
VALUES (60042, 9, false, '2025-06-26 17:30:59+05:30', '2025-06-26 17:30:59+05:30');
INSERT INTO "Question_Topic" (id, question_id, topic_id, created_at, updated_at) 
VALUES (80042, 60042, 50001, '2025-06-26 17:30:59+05:30', '2025-06-26 17:30:59+05:30');
INSERT INTO "Question_Text" (id, question_id, question_text, created_at, updated_at) 
VALUES (70042, 60042, 'Explain the concept of types of relations with an example.', '2025-06-26 17:30:59+05:30', '2025-06-26 17:30:59+05:30');
INSERT INTO "Question_Text_Topic_Medium" 
(id, question_text_id, question_topic_id, instruction_medium_id, is_verified, created_at, updated_at, translation_status) 
VALUES (90042, 70042, 80042, 50001, true, '2025-06-26 17:30:59+05:30', '2025-06-26 17:30:59+05:30', 'original');
INSERT INTO "Question" (id, question_type_id, board_question, created_at, updated_at) 
VALUES (60043, 9, false, '2025-06-26 17:30:59+05:30', '2025-06-26 17:30:59+05:30');
INSERT INTO "Question_Topic" (id, question_id, topic_id, created_at, updated_at) 
VALUES (80043, 60043, 50001, '2025-06-26 17:30:59+05:30', '2025-06-26 17:30:59+05:30');
INSERT INTO "Question_Text" (id, question_id, question_text, created_at, updated_at) 
VALUES (70043, 60043, 'Explain the concept of types of relations with an example.', '2025-06-26 17:30:59+05:30', '2025-06-26 17:30:59+05:30');
INSERT INTO "Question_Text_Topic_Medium" 
(id, question_text_id, question_topic_id, instruction_medium_id, is_verified, created_at, updated_at, translation_status) 
VALUES (90043, 70043, 80043, 50001, true, '2025-06-26 17:30:59+05:30', '2025-06-26 17:30:59+05:30', 'original');
INSERT INTO "Question" (id, question_type_id, board_question, created_at, updated_at) 
VALUES (60044, 9, false, '2025-06-26 17:30:59+05:30', '2025-06-26 17:30:59+05:30');
INSERT INTO "Question_Topic" (id, question_id, topic_id, created_at, updated_at) 
VALUES (80044, 60044, 50001, '2025-06-26 17:30:59+05:30', '2025-06-26 17:30:59+05:30');
INSERT INTO "Question_Text" (id, question_id, question_text, created_at, updated_at) 
VALUES (70044, 60044, 'Explain the concept of types of relations with an example.', '2025-06-26 17:30:59+05:30', '2025-06-26 17:30:59+05:30');
INSERT INTO "Question_Text_Topic_Medium" 
(id, question_text_id, question_topic_id, instruction_medium_id, is_verified, created_at, updated_at, translation_status) 
VALUES (90044, 70044, 80044, 50001, true, '2025-06-26 17:30:59+05:30', '2025-06-26 17:30:59+05:30', 'original');
INSERT INTO "Question" (id, question_type_id, board_question, created_at, updated_at) 
VALUES (60045, 9, false, '2025-06-26 17:30:59+05:30', '2025-06-26 17:30:59+05:30');
INSERT INTO "Question_Topic" (id, question_id, topic_id, created_at, updated_at) 
VALUES (80045, 60045, 50001, '2025-06-26 17:30:59+05:30', '2025-06-26 17:30:59+05:30');
INSERT INTO "Question_Text" (id, question_id, question_text, created_at, updated_at) 
VALUES (70045, 60045, 'Explain the concept of types of relations with an example.', '2025-06-26 17:30:59+05:30', '2025-06-26 17:30:59+05:30');
INSERT INTO "Question_Text_Topic_Medium" 
(id, question_text_id, question_topic_id, instruction_medium_id, is_verified, created_at, updated_at, translation_status) 
VALUES (90045, 70045, 80045, 50001, true, '2025-06-26 17:30:59+05:30', '2025-06-26 17:30:59+05:30', 'original');
INSERT INTO "Question" (id, question_type_id, board_question, created_at, updated_at) 
VALUES (60046, 10, false, '2025-06-26 17:30:59+05:30', '2025-06-26 17:30:59+05:30');
INSERT INTO "Question_Topic" (id, question_id, topic_id, created_at, updated_at) 
VALUES (80046, 60046, 50001, '2025-06-26 17:30:59+05:30', '2025-06-26 17:30:59+05:30');
INSERT INTO "Question_Text" (id, question_id, question_text, created_at, updated_at) 
VALUES (70046, 60046, 'Question about types of relations - Type: Complete and Identify Reaction', '2025-06-26 17:30:59+05:30', '2025-06-26 17:30:59+05:30');
INSERT INTO "Question_Text_Topic_Medium" 
(id, question_text_id, question_topic_id, instruction_medium_id, is_verified, created_at, updated_at, translation_status) 
VALUES (90046, 70046, 80046, 50001, true, '2025-06-26 17:30:59+05:30', '2025-06-26 17:30:59+05:30', 'original');
INSERT INTO "Question" (id, question_type_id, board_question, created_at, updated_at) 
VALUES (60047, 10, false, '2025-06-26 17:30:59+05:30', '2025-06-26 17:30:59+05:30');
INSERT INTO "Question_Topic" (id, question_id, topic_id, created_at, updated_at) 
VALUES (80047, 60047, 50001, '2025-06-26 17:30:59+05:30', '2025-06-26 17:30:59+05:30');
INSERT INTO "Question_Text" (id, question_id, question_text, created_at, updated_at) 
VALUES (70047, 60047, 'Question about types of relations - Type: Complete and Identify Reaction', '2025-06-26 17:30:59+05:30', '2025-06-26 17:30:59+05:30');
INSERT INTO "Question_Text_Topic_Medium" 
(id, question_text_id, question_topic_id, instruction_medium_id, is_verified, created_at, updated_at, translation_status) 
VALUES (90047, 70047, 80047, 50001, true, '2025-06-26 17:30:59+05:30', '2025-06-26 17:30:59+05:30', 'original');
INSERT INTO "Question" (id, question_type_id, board_question, created_at, updated_at) 
VALUES (60048, 10, false, '2025-06-26 17:30:59+05:30', '2025-06-26 17:30:59+05:30');
INSERT INTO "Question_Topic" (id, question_id, topic_id, created_at, updated_at) 
VALUES (80048, 60048, 50001, '2025-06-26 17:30:59+05:30', '2025-06-26 17:30:59+05:30');
INSERT INTO "Question_Text" (id, question_id, question_text, created_at, updated_at) 
VALUES (70048, 60048, 'Question about types of relations - Type: Complete and Identify Reaction', '2025-06-26 17:30:59+05:30', '2025-06-26 17:30:59+05:30');
INSERT INTO "Question_Text_Topic_Medium" 
(id, question_text_id, question_topic_id, instruction_medium_id, is_verified, created_at, updated_at, translation_status) 
VALUES (90048, 70048, 80048, 50001, true, '2025-06-26 17:30:59+05:30', '2025-06-26 17:30:59+05:30', 'original');
INSERT INTO "Question" (id, question_type_id, board_question, created_at, updated_at) 
VALUES (60049, 10, false, '2025-06-26 17:30:59+05:30', '2025-06-26 17:30:59+05:30');
INSERT INTO "Question_Topic" (id, question_id, topic_id, created_at, updated_at) 
VALUES (80049, 60049, 50001, '2025-06-26 17:30:59+05:30', '2025-06-26 17:30:59+05:30');
INSERT INTO "Question_Text" (id, question_id, question_text, created_at, updated_at) 
VALUES (70049, 60049, 'Question about types of relations - Type: Complete and Identify Reaction', '2025-06-26 17:30:59+05:30', '2025-06-26 17:30:59+05:30');
INSERT INTO "Question_Text_Topic_Medium" 
(id, question_text_id, question_topic_id, instruction_medium_id, is_verified, created_at, updated_at, translation_status) 
VALUES (90049, 70049, 80049, 50001, true, '2025-06-26 17:30:59+05:30', '2025-06-26 17:30:59+05:30', 'original');
INSERT INTO "Question" (id, question_type_id, board_question, created_at, updated_at) 
VALUES (60050, 10, false, '2025-06-26 17:30:59+05:30', '2025-06-26 17:30:59+05:30');
INSERT INTO "Question_Topic" (id, question_id, topic_id, created_at, updated_at) 
VALUES (80050, 60050, 50001, '2025-06-26 17:30:59+05:30', '2025-06-26 17:30:59+05:30');
INSERT INTO "Question_Text" (id, question_id, question_text, created_at, updated_at) 
VALUES (70050, 60050, 'Question about types of relations - Type: Complete and Identify Reaction', '2025-06-26 17:30:59+05:30', '2025-06-26 17:30:59+05:30');
INSERT INTO "Question_Text_Topic_Medium" 
(id, question_text_id, question_topic_id, instruction_medium_id, is_verified, created_at, updated_at, translation_status) 
VALUES (90050, 70050, 80050, 50001, true, '2025-06-26 17:30:59+05:30', '2025-06-26 17:30:59+05:30', 'original');
INSERT INTO "Question" (id, question_type_id, board_question, created_at, updated_at) 
VALUES (60051, 11, false, '2025-06-26 17:30:59+05:30', '2025-06-26 17:30:59+05:30');
INSERT INTO "Question_Topic" (id, question_id, topic_id, created_at, updated_at) 
VALUES (80051, 60051, 50001, '2025-06-26 17:30:59+05:30', '2025-06-26 17:30:59+05:30');
INSERT INTO "Question_Text" (id, question_id, question_text, created_at, updated_at) 
VALUES (70051, 60051, 'Question about types of relations - Type: Short Note', '2025-06-26 17:30:59+05:30', '2025-06-26 17:30:59+05:30');
INSERT INTO "Question_Text_Topic_Medium" 
(id, question_text_id, question_topic_id, instruction_medium_id, is_verified, created_at, updated_at, translation_status) 
VALUES (90051, 70051, 80051, 50001, true, '2025-06-26 17:30:59+05:30', '2025-06-26 17:30:59+05:30', 'original');
INSERT INTO "Question" (id, question_type_id, board_question, created_at, updated_at) 
VALUES (60052, 11, false, '2025-06-26 17:30:59+05:30', '2025-06-26 17:30:59+05:30');
INSERT INTO "Question_Topic" (id, question_id, topic_id, created_at, updated_at) 
VALUES (80052, 60052, 50001, '2025-06-26 17:30:59+05:30', '2025-06-26 17:30:59+05:30');
INSERT INTO "Question_Text" (id, question_id, question_text, created_at, updated_at) 
VALUES (70052, 60052, 'Question about types of relations - Type: Short Note', '2025-06-26 17:30:59+05:30', '2025-06-26 17:30:59+05:30');
INSERT INTO "Question_Text_Topic_Medium" 
(id, question_text_id, question_topic_id, instruction_medium_id, is_verified, created_at, updated_at, translation_status) 
VALUES (90052, 70052, 80052, 50001, true, '2025-06-26 17:30:59+05:30', '2025-06-26 17:30:59+05:30', 'original');
INSERT INTO "Question" (id, question_type_id, board_question, created_at, updated_at) 
VALUES (60053, 11, false, '2025-06-26 17:30:59+05:30', '2025-06-26 17:30:59+05:30');
INSERT INTO "Question_Topic" (id, question_id, topic_id, created_at, updated_at) 
VALUES (80053, 60053, 50001, '2025-06-26 17:30:59+05:30', '2025-06-26 17:30:59+05:30');
INSERT INTO "Question_Text" (id, question_id, question_text, created_at, updated_at) 
VALUES (70053, 60053, 'Question about types of relations - Type: Short Note', '2025-06-26 17:30:59+05:30', '2025-06-26 17:30:59+05:30');
INSERT INTO "Question_Text_Topic_Medium" 
(id, question_text_id, question_topic_id, instruction_medium_id, is_verified, created_at, updated_at, translation_status) 
VALUES (90053, 70053, 80053, 50001, true, '2025-06-26 17:30:59+05:30', '2025-06-26 17:30:59+05:30', 'original');
INSERT INTO "Question" (id, question_type_id, board_question, created_at, updated_at) 
VALUES (60054, 11, false, '2025-06-26 17:30:59+05:30', '2025-06-26 17:30:59+05:30');
INSERT INTO "Question_Topic" (id, question_id, topic_id, created_at, updated_at) 
VALUES (80054, 60054, 50001, '2025-06-26 17:30:59+05:30', '2025-06-26 17:30:59+05:30');
INSERT INTO "Question_Text" (id, question_id, question_text, created_at, updated_at) 
VALUES (70054, 60054, 'Question about types of relations - Type: Short Note', '2025-06-26 17:30:59+05:30', '2025-06-26 17:30:59+05:30');
INSERT INTO "Question_Text_Topic_Medium" 
(id, question_text_id, question_topic_id, instruction_medium_id, is_verified, created_at, updated_at, translation_status) 
VALUES (90054, 70054, 80054, 50001, true, '2025-06-26 17:30:59+05:30', '2025-06-26 17:30:59+05:30', 'original');
INSERT INTO "Question" (id, question_type_id, board_question, created_at, updated_at) 
VALUES (60055, 11, false, '2025-06-26 17:30:59+05:30', '2025-06-26 17:30:59+05:30');
INSERT INTO "Question_Topic" (id, question_id, topic_id, created_at, updated_at) 
VALUES (80055, 60055, 50001, '2025-06-26 17:30:59+05:30', '2025-06-26 17:30:59+05:30');
INSERT INTO "Question_Text" (id, question_id, question_text, created_at, updated_at) 
VALUES (70055, 60055, 'Question about types of relations - Type: Short Note', '2025-06-26 17:30:59+05:30', '2025-06-26 17:30:59+05:30');
INSERT INTO "Question_Text_Topic_Medium" 
(id, question_text_id, question_topic_id, instruction_medium_id, is_verified, created_at, updated_at, translation_status) 
VALUES (90055, 70055, 80055, 50001, true, '2025-06-26 17:30:59+05:30', '2025-06-26 17:30:59+05:30', 'original');
INSERT INTO "Question" (id, question_type_id, board_question, created_at, updated_at) 
VALUES (60056, 1, false, '2025-06-26 17:30:59+05:30', '2025-06-26 17:30:59+05:30');
INSERT INTO "Question_Topic" (id, question_id, topic_id, created_at, updated_at) 
VALUES (80056, 60056, 50002, '2025-06-26 17:30:59+05:30', '2025-06-26 17:30:59+05:30');
INSERT INTO "Question_Text" (id, question_id, question_text, created_at, updated_at) 
VALUES (70056, 60056, 'Which of the following is true about types of functions?', '2025-06-26 17:30:59+05:30', '2025-06-26 17:30:59+05:30');
INSERT INTO "Question_Text_Topic_Medium" 
(id, question_text_id, question_topic_id, instruction_medium_id, is_verified, created_at, updated_at, translation_status) 
VALUES (90056, 70056, 80056, 50001, true, '2025-06-26 17:30:59+05:30', '2025-06-26 17:30:59+05:30', 'original');
INSERT INTO "Mcq_Option" 
(id, question_text_id, option_text, is_correct, created_at, updated_at) 
VALUES (100021, 70056, 'Correct answer for Types of Functions', true, '2025-06-26 17:30:59+05:30', '2025-06-26 17:30:59+05:30');
INSERT INTO "Mcq_Option" 
(id, question_text_id, option_text, is_correct, created_at, updated_at) 
VALUES (100022, 70056, 'Incorrect option A for Types of Functions', false, '2025-06-26 17:30:59+05:30', '2025-06-26 17:30:59+05:30');
INSERT INTO "Mcq_Option" 
(id, question_text_id, option_text, is_correct, created_at, updated_at) 
VALUES (100023, 70056, 'Incorrect option B for Types of Functions', false, '2025-06-26 17:30:59+05:30', '2025-06-26 17:30:59+05:30');
INSERT INTO "Mcq_Option" 
(id, question_text_id, option_text, is_correct, created_at, updated_at) 
VALUES (100024, 70056, 'Incorrect option C for Types of Functions', false, '2025-06-26 17:30:59+05:30', '2025-06-26 17:30:59+05:30');
INSERT INTO "Question" (id, question_type_id, board_question, created_at, updated_at) 
VALUES (60057, 1, false, '2025-06-26 17:30:59+05:30', '2025-06-26 17:30:59+05:30');
INSERT INTO "Question_Topic" (id, question_id, topic_id, created_at, updated_at) 
VALUES (80057, 60057, 50002, '2025-06-26 17:30:59+05:30', '2025-06-26 17:30:59+05:30');
INSERT INTO "Question_Text" (id, question_id, question_text, created_at, updated_at) 
VALUES (70057, 60057, 'Which of the following is true about types of functions?', '2025-06-26 17:30:59+05:30', '2025-06-26 17:30:59+05:30');
INSERT INTO "Question_Text_Topic_Medium" 
(id, question_text_id, question_topic_id, instruction_medium_id, is_verified, created_at, updated_at, translation_status) 
VALUES (90057, 70057, 80057, 50001, true, '2025-06-26 17:30:59+05:30', '2025-06-26 17:30:59+05:30', 'original');
INSERT INTO "Mcq_Option" 
(id, question_text_id, option_text, is_correct, created_at, updated_at) 
VALUES (100025, 70057, 'Correct answer for Types of Functions', true, '2025-06-26 17:30:59+05:30', '2025-06-26 17:30:59+05:30');
INSERT INTO "Mcq_Option" 
(id, question_text_id, option_text, is_correct, created_at, updated_at) 
VALUES (100026, 70057, 'Incorrect option A for Types of Functions', false, '2025-06-26 17:30:59+05:30', '2025-06-26 17:30:59+05:30');
INSERT INTO "Mcq_Option" 
(id, question_text_id, option_text, is_correct, created_at, updated_at) 
VALUES (100027, 70057, 'Incorrect option B for Types of Functions', false, '2025-06-26 17:30:59+05:30', '2025-06-26 17:30:59+05:30');
INSERT INTO "Mcq_Option" 
(id, question_text_id, option_text, is_correct, created_at, updated_at) 
VALUES (100028, 70057, 'Incorrect option C for Types of Functions', false, '2025-06-26 17:30:59+05:30', '2025-06-26 17:30:59+05:30');
INSERT INTO "Question" (id, question_type_id, board_question, created_at, updated_at) 
VALUES (60058, 1, false, '2025-06-26 17:30:59+05:30', '2025-06-26 17:30:59+05:30');
INSERT INTO "Question_Topic" (id, question_id, topic_id, created_at, updated_at) 
VALUES (80058, 60058, 50002, '2025-06-26 17:30:59+05:30', '2025-06-26 17:30:59+05:30');
INSERT INTO "Question_Text" (id, question_id, question_text, created_at, updated_at) 
VALUES (70058, 60058, 'Which of the following is true about types of functions?', '2025-06-26 17:30:59+05:30', '2025-06-26 17:30:59+05:30');
INSERT INTO "Question_Text_Topic_Medium" 
(id, question_text_id, question_topic_id, instruction_medium_id, is_verified, created_at, updated_at, translation_status) 
VALUES (90058, 70058, 80058, 50001, true, '2025-06-26 17:30:59+05:30', '2025-06-26 17:30:59+05:30', 'original');
INSERT INTO "Mcq_Option" 
(id, question_text_id, option_text, is_correct, created_at, updated_at) 
VALUES (100029, 70058, 'Correct answer for Types of Functions', true, '2025-06-26 17:30:59+05:30', '2025-06-26 17:30:59+05:30');
INSERT INTO "Mcq_Option" 
(id, question_text_id, option_text, is_correct, created_at, updated_at) 
VALUES (100030, 70058, 'Incorrect option A for Types of Functions', false, '2025-06-26 17:30:59+05:30', '2025-06-26 17:30:59+05:30');
INSERT INTO "Mcq_Option" 
(id, question_text_id, option_text, is_correct, created_at, updated_at) 
VALUES (100031, 70058, 'Incorrect option B for Types of Functions', false, '2025-06-26 17:30:59+05:30', '2025-06-26 17:30:59+05:30');
INSERT INTO "Mcq_Option" 
(id, question_text_id, option_text, is_correct, created_at, updated_at) 
VALUES (100032, 70058, 'Incorrect option C for Types of Functions', false, '2025-06-26 17:30:59+05:30', '2025-06-26 17:30:59+05:30');
INSERT INTO "Question" (id, question_type_id, board_question, created_at, updated_at) 
VALUES (60059, 1, false, '2025-06-26 17:30:59+05:30', '2025-06-26 17:30:59+05:30');
INSERT INTO "Question_Topic" (id, question_id, topic_id, created_at, updated_at) 
VALUES (80059, 60059, 50002, '2025-06-26 17:30:59+05:30', '2025-06-26 17:30:59+05:30');
INSERT INTO "Question_Text" (id, question_id, question_text, created_at, updated_at) 
VALUES (70059, 60059, 'Which of the following is true about types of functions?', '2025-06-26 17:30:59+05:30', '2025-06-26 17:30:59+05:30');
INSERT INTO "Question_Text_Topic_Medium" 
(id, question_text_id, question_topic_id, instruction_medium_id, is_verified, created_at, updated_at, translation_status) 
VALUES (90059, 70059, 80059, 50001, true, '2025-06-26 17:30:59+05:30', '2025-06-26 17:30:59+05:30', 'original');
INSERT INTO "Mcq_Option" 
(id, question_text_id, option_text, is_correct, created_at, updated_at) 
VALUES (100033, 70059, 'Correct answer for Types of Functions', true, '2025-06-26 17:30:59+05:30', '2025-06-26 17:30:59+05:30');
INSERT INTO "Mcq_Option" 
(id, question_text_id, option_text, is_correct, created_at, updated_at) 
VALUES (100034, 70059, 'Incorrect option A for Types of Functions', false, '2025-06-26 17:30:59+05:30', '2025-06-26 17:30:59+05:30');
INSERT INTO "Mcq_Option" 
(id, question_text_id, option_text, is_correct, created_at, updated_at) 
VALUES (100035, 70059, 'Incorrect option B for Types of Functions', false, '2025-06-26 17:30:59+05:30', '2025-06-26 17:30:59+05:30');
INSERT INTO "Mcq_Option" 
(id, question_text_id, option_text, is_correct, created_at, updated_at) 
VALUES (100036, 70059, 'Incorrect option C for Types of Functions', false, '2025-06-26 17:30:59+05:30', '2025-06-26 17:30:59+05:30');
INSERT INTO "Question" (id, question_type_id, board_question, created_at, updated_at) 
VALUES (60060, 1, false, '2025-06-26 17:30:59+05:30', '2025-06-26 17:30:59+05:30');
INSERT INTO "Question_Topic" (id, question_id, topic_id, created_at, updated_at) 
VALUES (80060, 60060, 50002, '2025-06-26 17:30:59+05:30', '2025-06-26 17:30:59+05:30');
INSERT INTO "Question_Text" (id, question_id, question_text, created_at, updated_at) 
VALUES (70060, 60060, 'Which of the following is true about types of functions?', '2025-06-26 17:30:59+05:30', '2025-06-26 17:30:59+05:30');
INSERT INTO "Question_Text_Topic_Medium" 
(id, question_text_id, question_topic_id, instruction_medium_id, is_verified, created_at, updated_at, translation_status) 
VALUES (90060, 70060, 80060, 50001, true, '2025-06-26 17:30:59+05:30', '2025-06-26 17:30:59+05:30', 'original');
INSERT INTO "Mcq_Option" 
(id, question_text_id, option_text, is_correct, created_at, updated_at) 
VALUES (100037, 70060, 'Correct answer for Types of Functions', true, '2025-06-26 17:30:59+05:30', '2025-06-26 17:30:59+05:30');
INSERT INTO "Mcq_Option" 
(id, question_text_id, option_text, is_correct, created_at, updated_at) 
VALUES (100038, 70060, 'Incorrect option A for Types of Functions', false, '2025-06-26 17:30:59+05:30', '2025-06-26 17:30:59+05:30');
INSERT INTO "Mcq_Option" 
(id, question_text_id, option_text, is_correct, created_at, updated_at) 
VALUES (100039, 70060, 'Incorrect option B for Types of Functions', false, '2025-06-26 17:30:59+05:30', '2025-06-26 17:30:59+05:30');
INSERT INTO "Mcq_Option" 
(id, question_text_id, option_text, is_correct, created_at, updated_at) 
VALUES (100040, 70060, 'Incorrect option C for Types of Functions', false, '2025-06-26 17:30:59+05:30', '2025-06-26 17:30:59+05:30');
INSERT INTO "Question" (id, question_type_id, board_question, created_at, updated_at) 
VALUES (60061, 2, false, '2025-06-26 17:30:59+05:30', '2025-06-26 17:30:59+05:30');
INSERT INTO "Question_Topic" (id, question_id, topic_id, created_at, updated_at) 
VALUES (80061, 60061, 50002, '2025-06-26 17:30:59+05:30', '2025-06-26 17:30:59+05:30');
INSERT INTO "Question_Text" (id, question_id, question_text, created_at, updated_at) 
VALUES (70061, 60061, 'Question about types of functions - Type: Odd One Out', '2025-06-26 17:30:59+05:30', '2025-06-26 17:30:59+05:30');
INSERT INTO "Question_Text_Topic_Medium" 
(id, question_text_id, question_topic_id, instruction_medium_id, is_verified, created_at, updated_at, translation_status) 
VALUES (90061, 70061, 80061, 50001, true, '2025-06-26 17:30:59+05:30', '2025-06-26 17:30:59+05:30', 'original');
INSERT INTO "Question" (id, question_type_id, board_question, created_at, updated_at) 
VALUES (60062, 2, false, '2025-06-26 17:30:59+05:30', '2025-06-26 17:30:59+05:30');
INSERT INTO "Question_Topic" (id, question_id, topic_id, created_at, updated_at) 
VALUES (80062, 60062, 50002, '2025-06-26 17:30:59+05:30', '2025-06-26 17:30:59+05:30');
INSERT INTO "Question_Text" (id, question_id, question_text, created_at, updated_at) 
VALUES (70062, 60062, 'Question about types of functions - Type: Odd One Out', '2025-06-26 17:30:59+05:30', '2025-06-26 17:30:59+05:30');
INSERT INTO "Question_Text_Topic_Medium" 
(id, question_text_id, question_topic_id, instruction_medium_id, is_verified, created_at, updated_at, translation_status) 
VALUES (90062, 70062, 80062, 50001, true, '2025-06-26 17:30:59+05:30', '2025-06-26 17:30:59+05:30', 'original');
INSERT INTO "Question" (id, question_type_id, board_question, created_at, updated_at) 
VALUES (60063, 2, false, '2025-06-26 17:30:59+05:30', '2025-06-26 17:30:59+05:30');
INSERT INTO "Question_Topic" (id, question_id, topic_id, created_at, updated_at) 
VALUES (80063, 60063, 50002, '2025-06-26 17:30:59+05:30', '2025-06-26 17:30:59+05:30');
INSERT INTO "Question_Text" (id, question_id, question_text, created_at, updated_at) 
VALUES (70063, 60063, 'Question about types of functions - Type: Odd One Out', '2025-06-26 17:30:59+05:30', '2025-06-26 17:30:59+05:30');
INSERT INTO "Question_Text_Topic_Medium" 
(id, question_text_id, question_topic_id, instruction_medium_id, is_verified, created_at, updated_at, translation_status) 
VALUES (90063, 70063, 80063, 50001, true, '2025-06-26 17:30:59+05:30', '2025-06-26 17:30:59+05:30', 'original');
INSERT INTO "Question" (id, question_type_id, board_question, created_at, updated_at) 
VALUES (60064, 2, false, '2025-06-26 17:30:59+05:30', '2025-06-26 17:30:59+05:30');
INSERT INTO "Question_Topic" (id, question_id, topic_id, created_at, updated_at) 
VALUES (80064, 60064, 50002, '2025-06-26 17:30:59+05:30', '2025-06-26 17:30:59+05:30');
INSERT INTO "Question_Text" (id, question_id, question_text, created_at, updated_at) 
VALUES (70064, 60064, 'Question about types of functions - Type: Odd One Out', '2025-06-26 17:30:59+05:30', '2025-06-26 17:30:59+05:30');
INSERT INTO "Question_Text_Topic_Medium" 
(id, question_text_id, question_topic_id, instruction_medium_id, is_verified, created_at, updated_at, translation_status) 
VALUES (90064, 70064, 80064, 50001, true, '2025-06-26 17:30:59+05:30', '2025-06-26 17:30:59+05:30', 'original');
INSERT INTO "Question" (id, question_type_id, board_question, created_at, updated_at) 
VALUES (60065, 2, false, '2025-06-26 17:30:59+05:30', '2025-06-26 17:30:59+05:30');
INSERT INTO "Question_Topic" (id, question_id, topic_id, created_at, updated_at) 
VALUES (80065, 60065, 50002, '2025-06-26 17:30:59+05:30', '2025-06-26 17:30:59+05:30');
INSERT INTO "Question_Text" (id, question_id, question_text, created_at, updated_at) 
VALUES (70065, 60065, 'Question about types of functions - Type: Odd One Out', '2025-06-26 17:30:59+05:30', '2025-06-26 17:30:59+05:30');
INSERT INTO "Question_Text_Topic_Medium" 
(id, question_text_id, question_topic_id, instruction_medium_id, is_verified, created_at, updated_at, translation_status) 
VALUES (90065, 70065, 80065, 50001, true, '2025-06-26 17:30:59+05:30', '2025-06-26 17:30:59+05:30', 'original');
INSERT INTO "Question" (id, question_type_id, board_question, created_at, updated_at) 
VALUES (60066, 3, false, '2025-06-26 17:30:59+05:30', '2025-06-26 17:30:59+05:30');
INSERT INTO "Question_Topic" (id, question_id, topic_id, created_at, updated_at) 
VALUES (80066, 60066, 50002, '2025-06-26 17:30:59+05:30', '2025-06-26 17:30:59+05:30');
INSERT INTO "Question_Text" (id, question_id, question_text, created_at, updated_at) 
VALUES (70066, 60066, 'Question about types of functions - Type: Complete the Correlation', '2025-06-26 17:30:59+05:30', '2025-06-26 17:30:59+05:30');
INSERT INTO "Question_Text_Topic_Medium" 
(id, question_text_id, question_topic_id, instruction_medium_id, is_verified, created_at, updated_at, translation_status) 
VALUES (90066, 70066, 80066, 50001, true, '2025-06-26 17:30:59+05:30', '2025-06-26 17:30:59+05:30', 'original');
INSERT INTO "Question" (id, question_type_id, board_question, created_at, updated_at) 
VALUES (60067, 3, false, '2025-06-26 17:30:59+05:30', '2025-06-26 17:30:59+05:30');
INSERT INTO "Question_Topic" (id, question_id, topic_id, created_at, updated_at) 
VALUES (80067, 60067, 50002, '2025-06-26 17:30:59+05:30', '2025-06-26 17:30:59+05:30');
INSERT INTO "Question_Text" (id, question_id, question_text, created_at, updated_at) 
VALUES (70067, 60067, 'Question about types of functions - Type: Complete the Correlation', '2025-06-26 17:30:59+05:30', '2025-06-26 17:30:59+05:30');
INSERT INTO "Question_Text_Topic_Medium" 
(id, question_text_id, question_topic_id, instruction_medium_id, is_verified, created_at, updated_at, translation_status) 
VALUES (90067, 70067, 80067, 50001, true, '2025-06-26 17:30:59+05:30', '2025-06-26 17:30:59+05:30', 'original');
INSERT INTO "Question" (id, question_type_id, board_question, created_at, updated_at) 
VALUES (60068, 3, false, '2025-06-26 17:30:59+05:30', '2025-06-26 17:30:59+05:30');
INSERT INTO "Question_Topic" (id, question_id, topic_id, created_at, updated_at) 
VALUES (80068, 60068, 50002, '2025-06-26 17:30:59+05:30', '2025-06-26 17:30:59+05:30');
INSERT INTO "Question_Text" (id, question_id, question_text, created_at, updated_at) 
VALUES (70068, 60068, 'Question about types of functions - Type: Complete the Correlation', '2025-06-26 17:30:59+05:30', '2025-06-26 17:30:59+05:30');
INSERT INTO "Question_Text_Topic_Medium" 
(id, question_text_id, question_topic_id, instruction_medium_id, is_verified, created_at, updated_at, translation_status) 
VALUES (90068, 70068, 80068, 50001, true, '2025-06-26 17:30:59+05:30', '2025-06-26 17:30:59+05:30', 'original');
INSERT INTO "Question" (id, question_type_id, board_question, created_at, updated_at) 
VALUES (60069, 3, false, '2025-06-26 17:30:59+05:30', '2025-06-26 17:30:59+05:30');
INSERT INTO "Question_Topic" (id, question_id, topic_id, created_at, updated_at) 
VALUES (80069, 60069, 50002, '2025-06-26 17:30:59+05:30', '2025-06-26 17:30:59+05:30');
INSERT INTO "Question_Text" (id, question_id, question_text, created_at, updated_at) 
VALUES (70069, 60069, 'Question about types of functions - Type: Complete the Correlation', '2025-06-26 17:30:59+05:30', '2025-06-26 17:30:59+05:30');
INSERT INTO "Question_Text_Topic_Medium" 
(id, question_text_id, question_topic_id, instruction_medium_id, is_verified, created_at, updated_at, translation_status) 
VALUES (90069, 70069, 80069, 50001, true, '2025-06-26 17:30:59+05:30', '2025-06-26 17:30:59+05:30', 'original');
INSERT INTO "Question" (id, question_type_id, board_question, created_at, updated_at) 
VALUES (60070, 3, false, '2025-06-26 17:30:59+05:30', '2025-06-26 17:30:59+05:30');
INSERT INTO "Question_Topic" (id, question_id, topic_id, created_at, updated_at) 
VALUES (80070, 60070, 50002, '2025-06-26 17:30:59+05:30', '2025-06-26 17:30:59+05:30');
INSERT INTO "Question_Text" (id, question_id, question_text, created_at, updated_at) 
VALUES (70070, 60070, 'Question about types of functions - Type: Complete the Correlation', '2025-06-26 17:30:59+05:30', '2025-06-26 17:30:59+05:30');
INSERT INTO "Question_Text_Topic_Medium" 
(id, question_text_id, question_topic_id, instruction_medium_id, is_verified, created_at, updated_at, translation_status) 
VALUES (90070, 70070, 80070, 50001, true, '2025-06-26 17:30:59+05:30', '2025-06-26 17:30:59+05:30', 'original');
INSERT INTO "Question" (id, question_type_id, board_question, created_at, updated_at) 
VALUES (60071, 4, false, '2025-06-26 17:30:59+05:30', '2025-06-26 17:30:59+05:30');
INSERT INTO "Question_Topic" (id, question_id, topic_id, created_at, updated_at) 
VALUES (80071, 60071, 50002, '2025-06-26 17:30:59+05:30', '2025-06-26 17:30:59+05:30');
INSERT INTO "Question_Text" (id, question_id, question_text, created_at, updated_at) 
VALUES (70071, 60071, 'Statement about types of functions is always true. (True/False)', '2025-06-26 17:30:59+05:30', '2025-06-26 17:30:59+05:30');
INSERT INTO "Question_Text_Topic_Medium" 
(id, question_text_id, question_topic_id, instruction_medium_id, is_verified, created_at, updated_at, translation_status) 
VALUES (90071, 70071, 80071, 50001, true, '2025-06-26 17:30:59+05:30', '2025-06-26 17:30:59+05:30', 'original');
INSERT INTO "Question" (id, question_type_id, board_question, created_at, updated_at) 
VALUES (60072, 4, false, '2025-06-26 17:30:59+05:30', '2025-06-26 17:30:59+05:30');
INSERT INTO "Question_Topic" (id, question_id, topic_id, created_at, updated_at) 
VALUES (80072, 60072, 50002, '2025-06-26 17:30:59+05:30', '2025-06-26 17:30:59+05:30');
INSERT INTO "Question_Text" (id, question_id, question_text, created_at, updated_at) 
VALUES (70072, 60072, 'Statement about types of functions is always true. (True/False)', '2025-06-26 17:30:59+05:30', '2025-06-26 17:30:59+05:30');
INSERT INTO "Question_Text_Topic_Medium" 
(id, question_text_id, question_topic_id, instruction_medium_id, is_verified, created_at, updated_at, translation_status) 
VALUES (90072, 70072, 80072, 50001, true, '2025-06-26 17:30:59+05:30', '2025-06-26 17:30:59+05:30', 'original');
INSERT INTO "Question" (id, question_type_id, board_question, created_at, updated_at) 
VALUES (60073, 4, false, '2025-06-26 17:30:59+05:30', '2025-06-26 17:30:59+05:30');
INSERT INTO "Question_Topic" (id, question_id, topic_id, created_at, updated_at) 
VALUES (80073, 60073, 50002, '2025-06-26 17:30:59+05:30', '2025-06-26 17:30:59+05:30');
INSERT INTO "Question_Text" (id, question_id, question_text, created_at, updated_at) 
VALUES (70073, 60073, 'Statement about types of functions is always true. (True/False)', '2025-06-26 17:30:59+05:30', '2025-06-26 17:30:59+05:30');
INSERT INTO "Question_Text_Topic_Medium" 
(id, question_text_id, question_topic_id, instruction_medium_id, is_verified, created_at, updated_at, translation_status) 
VALUES (90073, 70073, 80073, 50001, true, '2025-06-26 17:30:59+05:30', '2025-06-26 17:30:59+05:30', 'original');
INSERT INTO "Question" (id, question_type_id, board_question, created_at, updated_at) 
VALUES (60074, 4, false, '2025-06-26 17:30:59+05:30', '2025-06-26 17:30:59+05:30');
INSERT INTO "Question_Topic" (id, question_id, topic_id, created_at, updated_at) 
VALUES (80074, 60074, 50002, '2025-06-26 17:30:59+05:30', '2025-06-26 17:30:59+05:30');
INSERT INTO "Question_Text" (id, question_id, question_text, created_at, updated_at) 
VALUES (70074, 60074, 'Statement about types of functions is always true. (True/False)', '2025-06-26 17:30:59+05:30', '2025-06-26 17:30:59+05:30');
INSERT INTO "Question_Text_Topic_Medium" 
(id, question_text_id, question_topic_id, instruction_medium_id, is_verified, created_at, updated_at, translation_status) 
VALUES (90074, 70074, 80074, 50001, true, '2025-06-26 17:30:59+05:30', '2025-06-26 17:30:59+05:30', 'original');
INSERT INTO "Question" (id, question_type_id, board_question, created_at, updated_at) 
VALUES (60075, 4, false, '2025-06-26 17:30:59+05:30', '2025-06-26 17:30:59+05:30');
INSERT INTO "Question_Topic" (id, question_id, topic_id, created_at, updated_at) 
VALUES (80075, 60075, 50002, '2025-06-26 17:30:59+05:30', '2025-06-26 17:30:59+05:30');
INSERT INTO "Question_Text" (id, question_id, question_text, created_at, updated_at) 
VALUES (70075, 60075, 'Statement about types of functions is always true. (True/False)', '2025-06-26 17:30:59+05:30', '2025-06-26 17:30:59+05:30');
INSERT INTO "Question_Text_Topic_Medium" 
(id, question_text_id, question_topic_id, instruction_medium_id, is_verified, created_at, updated_at, translation_status) 
VALUES (90075, 70075, 80075, 50001, true, '2025-06-26 17:30:59+05:30', '2025-06-26 17:30:59+05:30', 'original');
INSERT INTO "Question" (id, question_type_id, board_question, created_at, updated_at) 
VALUES (60076, 5, false, '2025-06-26 17:30:59+05:30', '2025-06-26 17:30:59+05:30');
INSERT INTO "Question_Topic" (id, question_id, topic_id, created_at, updated_at) 
VALUES (80076, 60076, 50002, '2025-06-26 17:30:59+05:30', '2025-06-26 17:30:59+05:30');
INSERT INTO "Question_Text" (id, question_id, question_text, created_at, updated_at) 
VALUES (70076, 60076, 'Match the following concepts related to types of functions:', '2025-06-26 17:30:59+05:30', '2025-06-26 17:30:59+05:30');
INSERT INTO "Question_Text_Topic_Medium" 
(id, question_text_id, question_topic_id, instruction_medium_id, is_verified, created_at, updated_at, translation_status) 
VALUES (90076, 70076, 80076, 50001, true, '2025-06-26 17:30:59+05:30', '2025-06-26 17:30:59+05:30', 'original');
INSERT INTO "Match_Pair" 
(id, question_text_id, left_text, right_text, created_at, updated_at) 
VALUES (110016, 70076, 'Concept A of Types of Functions', 'Definition A of Types of Functions', '2025-06-26 17:30:59+05:30', '2025-06-26 17:30:59+05:30');
INSERT INTO "Match_Pair" 
(id, question_text_id, left_text, right_text, created_at, updated_at) 
VALUES (110017, 70076, 'Concept B of Types of Functions', 'Definition B of Types of Functions', '2025-06-26 17:30:59+05:30', '2025-06-26 17:30:59+05:30');
INSERT INTO "Match_Pair" 
(id, question_text_id, left_text, right_text, created_at, updated_at) 
VALUES (110018, 70076, 'Concept C of Types of Functions', 'Definition C of Types of Functions', '2025-06-26 17:30:59+05:30', '2025-06-26 17:30:59+05:30');
INSERT INTO "Question" (id, question_type_id, board_question, created_at, updated_at) 
VALUES (60077, 5, false, '2025-06-26 17:30:59+05:30', '2025-06-26 17:30:59+05:30');
INSERT INTO "Question_Topic" (id, question_id, topic_id, created_at, updated_at) 
VALUES (80077, 60077, 50002, '2025-06-26 17:30:59+05:30', '2025-06-26 17:30:59+05:30');
INSERT INTO "Question_Text" (id, question_id, question_text, created_at, updated_at) 
VALUES (70077, 60077, 'Match the following concepts related to types of functions:', '2025-06-26 17:30:59+05:30', '2025-06-26 17:30:59+05:30');
INSERT INTO "Question_Text_Topic_Medium" 
(id, question_text_id, question_topic_id, instruction_medium_id, is_verified, created_at, updated_at, translation_status) 
VALUES (90077, 70077, 80077, 50001, true, '2025-06-26 17:30:59+05:30', '2025-06-26 17:30:59+05:30', 'original');
INSERT INTO "Match_Pair" 
(id, question_text_id, left_text, right_text, created_at, updated_at) 
VALUES (110019, 70077, 'Concept A of Types of Functions', 'Definition A of Types of Functions', '2025-06-26 17:30:59+05:30', '2025-06-26 17:30:59+05:30');
INSERT INTO "Match_Pair" 
(id, question_text_id, left_text, right_text, created_at, updated_at) 
VALUES (110020, 70077, 'Concept B of Types of Functions', 'Definition B of Types of Functions', '2025-06-26 17:30:59+05:30', '2025-06-26 17:30:59+05:30');
INSERT INTO "Match_Pair" 
(id, question_text_id, left_text, right_text, created_at, updated_at) 
VALUES (110021, 70077, 'Concept C of Types of Functions', 'Definition C of Types of Functions', '2025-06-26 17:30:59+05:30', '2025-06-26 17:30:59+05:30');
INSERT INTO "Question" (id, question_type_id, board_question, created_at, updated_at) 
VALUES (60078, 5, false, '2025-06-26 17:30:59+05:30', '2025-06-26 17:30:59+05:30');
INSERT INTO "Question_Topic" (id, question_id, topic_id, created_at, updated_at) 
VALUES (80078, 60078, 50002, '2025-06-26 17:30:59+05:30', '2025-06-26 17:30:59+05:30');
INSERT INTO "Question_Text" (id, question_id, question_text, created_at, updated_at) 
VALUES (70078, 60078, 'Match the following concepts related to types of functions:', '2025-06-26 17:30:59+05:30', '2025-06-26 17:30:59+05:30');
INSERT INTO "Question_Text_Topic_Medium" 
(id, question_text_id, question_topic_id, instruction_medium_id, is_verified, created_at, updated_at, translation_status) 
VALUES (90078, 70078, 80078, 50001, true, '2025-06-26 17:30:59+05:30', '2025-06-26 17:30:59+05:30', 'original');
INSERT INTO "Match_Pair" 
(id, question_text_id, left_text, right_text, created_at, updated_at) 
VALUES (110022, 70078, 'Concept A of Types of Functions', 'Definition A of Types of Functions', '2025-06-26 17:30:59+05:30', '2025-06-26 17:30:59+05:30');
INSERT INTO "Match_Pair" 
(id, question_text_id, left_text, right_text, created_at, updated_at) 
VALUES (110023, 70078, 'Concept B of Types of Functions', 'Definition B of Types of Functions', '2025-06-26 17:30:59+05:30', '2025-06-26 17:30:59+05:30');
INSERT INTO "Match_Pair" 
(id, question_text_id, left_text, right_text, created_at, updated_at) 
VALUES (110024, 70078, 'Concept C of Types of Functions', 'Definition C of Types of Functions', '2025-06-26 17:30:59+05:30', '2025-06-26 17:30:59+05:30');
INSERT INTO "Question" (id, question_type_id, board_question, created_at, updated_at) 
VALUES (60079, 5, false, '2025-06-26 17:30:59+05:30', '2025-06-26 17:30:59+05:30');
INSERT INTO "Question_Topic" (id, question_id, topic_id, created_at, updated_at) 
VALUES (80079, 60079, 50002, '2025-06-26 17:30:59+05:30', '2025-06-26 17:30:59+05:30');
INSERT INTO "Question_Text" (id, question_id, question_text, created_at, updated_at) 
VALUES (70079, 60079, 'Match the following concepts related to types of functions:', '2025-06-26 17:30:59+05:30', '2025-06-26 17:30:59+05:30');
INSERT INTO "Question_Text_Topic_Medium" 
(id, question_text_id, question_topic_id, instruction_medium_id, is_verified, created_at, updated_at, translation_status) 
VALUES (90079, 70079, 80079, 50001, true, '2025-06-26 17:30:59+05:30', '2025-06-26 17:30:59+05:30', 'original');
INSERT INTO "Match_Pair" 
(id, question_text_id, left_text, right_text, created_at, updated_at) 
VALUES (110025, 70079, 'Concept A of Types of Functions', 'Definition A of Types of Functions', '2025-06-26 17:30:59+05:30', '2025-06-26 17:30:59+05:30');
INSERT INTO "Match_Pair" 
(id, question_text_id, left_text, right_text, created_at, updated_at) 
VALUES (110026, 70079, 'Concept B of Types of Functions', 'Definition B of Types of Functions', '2025-06-26 17:30:59+05:30', '2025-06-26 17:30:59+05:30');
INSERT INTO "Match_Pair" 
(id, question_text_id, left_text, right_text, created_at, updated_at) 
VALUES (110027, 70079, 'Concept C of Types of Functions', 'Definition C of Types of Functions', '2025-06-26 17:30:59+05:30', '2025-06-26 17:30:59+05:30');
INSERT INTO "Question" (id, question_type_id, board_question, created_at, updated_at) 
VALUES (60080, 5, false, '2025-06-26 17:30:59+05:30', '2025-06-26 17:30:59+05:30');
INSERT INTO "Question_Topic" (id, question_id, topic_id, created_at, updated_at) 
VALUES (80080, 60080, 50002, '2025-06-26 17:30:59+05:30', '2025-06-26 17:30:59+05:30');
INSERT INTO "Question_Text" (id, question_id, question_text, created_at, updated_at) 
VALUES (70080, 60080, 'Match the following concepts related to types of functions:', '2025-06-26 17:30:59+05:30', '2025-06-26 17:30:59+05:30');
INSERT INTO "Question_Text_Topic_Medium" 
(id, question_text_id, question_topic_id, instruction_medium_id, is_verified, created_at, updated_at, translation_status) 
VALUES (90080, 70080, 80080, 50001, true, '2025-06-26 17:30:59+05:30', '2025-06-26 17:30:59+05:30', 'original');
INSERT INTO "Match_Pair" 
(id, question_text_id, left_text, right_text, created_at, updated_at) 
VALUES (110028, 70080, 'Concept A of Types of Functions', 'Definition A of Types of Functions', '2025-06-26 17:30:59+05:30', '2025-06-26 17:30:59+05:30');
INSERT INTO "Match_Pair" 
(id, question_text_id, left_text, right_text, created_at, updated_at) 
VALUES (110029, 70080, 'Concept B of Types of Functions', 'Definition B of Types of Functions', '2025-06-26 17:30:59+05:30', '2025-06-26 17:30:59+05:30');
INSERT INTO "Match_Pair" 
(id, question_text_id, left_text, right_text, created_at, updated_at) 
VALUES (110030, 70080, 'Concept C of Types of Functions', 'Definition C of Types of Functions', '2025-06-26 17:30:59+05:30', '2025-06-26 17:30:59+05:30');
INSERT INTO "Question" (id, question_type_id, board_question, created_at, updated_at) 
VALUES (60081, 6, false, '2025-06-26 17:30:59+05:30', '2025-06-26 17:30:59+05:30');
INSERT INTO "Question_Topic" (id, question_id, topic_id, created_at, updated_at) 
VALUES (80081, 60081, 50002, '2025-06-26 17:30:59+05:30', '2025-06-26 17:30:59+05:30');
INSERT INTO "Question_Text" (id, question_id, question_text, created_at, updated_at) 
VALUES (70081, 60081, 'In types of functions, the main concept is _______.', '2025-06-26 17:30:59+05:30', '2025-06-26 17:30:59+05:30');
INSERT INTO "Question_Text_Topic_Medium" 
(id, question_text_id, question_topic_id, instruction_medium_id, is_verified, created_at, updated_at, translation_status) 
VALUES (90081, 70081, 80081, 50001, true, '2025-06-26 17:30:59+05:30', '2025-06-26 17:30:59+05:30', 'original');
INSERT INTO "Question" (id, question_type_id, board_question, created_at, updated_at) 
VALUES (60082, 6, false, '2025-06-26 17:30:59+05:30', '2025-06-26 17:30:59+05:30');
INSERT INTO "Question_Topic" (id, question_id, topic_id, created_at, updated_at) 
VALUES (80082, 60082, 50002, '2025-06-26 17:30:59+05:30', '2025-06-26 17:30:59+05:30');
INSERT INTO "Question_Text" (id, question_id, question_text, created_at, updated_at) 
VALUES (70082, 60082, 'In types of functions, the main concept is _______.', '2025-06-26 17:30:59+05:30', '2025-06-26 17:30:59+05:30');
INSERT INTO "Question_Text_Topic_Medium" 
(id, question_text_id, question_topic_id, instruction_medium_id, is_verified, created_at, updated_at, translation_status) 
VALUES (90082, 70082, 80082, 50001, true, '2025-06-26 17:30:59+05:30', '2025-06-26 17:30:59+05:30', 'original');
INSERT INTO "Question" (id, question_type_id, board_question, created_at, updated_at) 
VALUES (60083, 6, false, '2025-06-26 17:30:59+05:30', '2025-06-26 17:30:59+05:30');
INSERT INTO "Question_Topic" (id, question_id, topic_id, created_at, updated_at) 
VALUES (80083, 60083, 50002, '2025-06-26 17:30:59+05:30', '2025-06-26 17:30:59+05:30');
INSERT INTO "Question_Text" (id, question_id, question_text, created_at, updated_at) 
VALUES (70083, 60083, 'In types of functions, the main concept is _______.', '2025-06-26 17:30:59+05:30', '2025-06-26 17:30:59+05:30');
INSERT INTO "Question_Text_Topic_Medium" 
(id, question_text_id, question_topic_id, instruction_medium_id, is_verified, created_at, updated_at, translation_status) 
VALUES (90083, 70083, 80083, 50001, true, '2025-06-26 17:30:59+05:30', '2025-06-26 17:30:59+05:30', 'original');
INSERT INTO "Question" (id, question_type_id, board_question, created_at, updated_at) 
VALUES (60084, 6, false, '2025-06-26 17:30:59+05:30', '2025-06-26 17:30:59+05:30');
INSERT INTO "Question_Topic" (id, question_id, topic_id, created_at, updated_at) 
VALUES (80084, 60084, 50002, '2025-06-26 17:30:59+05:30', '2025-06-26 17:30:59+05:30');
INSERT INTO "Question_Text" (id, question_id, question_text, created_at, updated_at) 
VALUES (70084, 60084, 'In types of functions, the main concept is _______.', '2025-06-26 17:30:59+05:30', '2025-06-26 17:30:59+05:30');
INSERT INTO "Question_Text_Topic_Medium" 
(id, question_text_id, question_topic_id, instruction_medium_id, is_verified, created_at, updated_at, translation_status) 
VALUES (90084, 70084, 80084, 50001, true, '2025-06-26 17:30:59+05:30', '2025-06-26 17:30:59+05:30', 'original');
INSERT INTO "Question" (id, question_type_id, board_question, created_at, updated_at) 
VALUES (60085, 6, false, '2025-06-26 17:30:59+05:30', '2025-06-26 17:30:59+05:30');
INSERT INTO "Question_Topic" (id, question_id, topic_id, created_at, updated_at) 
VALUES (80085, 60085, 50002, '2025-06-26 17:30:59+05:30', '2025-06-26 17:30:59+05:30');
INSERT INTO "Question_Text" (id, question_id, question_text, created_at, updated_at) 
VALUES (70085, 60085, 'In types of functions, the main concept is _______.', '2025-06-26 17:30:59+05:30', '2025-06-26 17:30:59+05:30');
INSERT INTO "Question_Text_Topic_Medium" 
(id, question_text_id, question_topic_id, instruction_medium_id, is_verified, created_at, updated_at, translation_status) 
VALUES (90085, 70085, 80085, 50001, true, '2025-06-26 17:30:59+05:30', '2025-06-26 17:30:59+05:30', 'original');
INSERT INTO "Question" (id, question_type_id, board_question, created_at, updated_at) 
VALUES (60086, 7, false, '2025-06-26 17:30:59+05:30', '2025-06-26 17:30:59+05:30');
INSERT INTO "Question_Topic" (id, question_id, topic_id, created_at, updated_at) 
VALUES (80086, 60086, 50002, '2025-06-26 17:30:59+05:30', '2025-06-26 17:30:59+05:30');
INSERT INTO "Question_Text" (id, question_id, question_text, created_at, updated_at) 
VALUES (70086, 60086, 'What is the key term in types of functions?', '2025-06-26 17:30:59+05:30', '2025-06-26 17:30:59+05:30');
INSERT INTO "Question_Text_Topic_Medium" 
(id, question_text_id, question_topic_id, instruction_medium_id, is_verified, created_at, updated_at, translation_status) 
VALUES (90086, 70086, 80086, 50001, true, '2025-06-26 17:30:59+05:30', '2025-06-26 17:30:59+05:30', 'original');
INSERT INTO "Question" (id, question_type_id, board_question, created_at, updated_at) 
VALUES (60087, 7, false, '2025-06-26 17:30:59+05:30', '2025-06-26 17:30:59+05:30');
INSERT INTO "Question_Topic" (id, question_id, topic_id, created_at, updated_at) 
VALUES (80087, 60087, 50002, '2025-06-26 17:30:59+05:30', '2025-06-26 17:30:59+05:30');
INSERT INTO "Question_Text" (id, question_id, question_text, created_at, updated_at) 
VALUES (70087, 60087, 'What is the key term in types of functions?', '2025-06-26 17:30:59+05:30', '2025-06-26 17:30:59+05:30');
INSERT INTO "Question_Text_Topic_Medium" 
(id, question_text_id, question_topic_id, instruction_medium_id, is_verified, created_at, updated_at, translation_status) 
VALUES (90087, 70087, 80087, 50001, true, '2025-06-26 17:30:59+05:30', '2025-06-26 17:30:59+05:30', 'original');
INSERT INTO "Question" (id, question_type_id, board_question, created_at, updated_at) 
VALUES (60088, 7, false, '2025-06-26 17:30:59+05:30', '2025-06-26 17:30:59+05:30');
INSERT INTO "Question_Topic" (id, question_id, topic_id, created_at, updated_at) 
VALUES (80088, 60088, 50002, '2025-06-26 17:30:59+05:30', '2025-06-26 17:30:59+05:30');
INSERT INTO "Question_Text" (id, question_id, question_text, created_at, updated_at) 
VALUES (70088, 60088, 'What is the key term in types of functions?', '2025-06-26 17:30:59+05:30', '2025-06-26 17:30:59+05:30');
INSERT INTO "Question_Text_Topic_Medium" 
(id, question_text_id, question_topic_id, instruction_medium_id, is_verified, created_at, updated_at, translation_status) 
VALUES (90088, 70088, 80088, 50001, true, '2025-06-26 17:30:59+05:30', '2025-06-26 17:30:59+05:30', 'original');
INSERT INTO "Question" (id, question_type_id, board_question, created_at, updated_at) 
VALUES (60089, 7, false, '2025-06-26 17:30:59+05:30', '2025-06-26 17:30:59+05:30');
INSERT INTO "Question_Topic" (id, question_id, topic_id, created_at, updated_at) 
VALUES (80089, 60089, 50002, '2025-06-26 17:30:59+05:30', '2025-06-26 17:30:59+05:30');
INSERT INTO "Question_Text" (id, question_id, question_text, created_at, updated_at) 
VALUES (70089, 60089, 'What is the key term in types of functions?', '2025-06-26 17:30:59+05:30', '2025-06-26 17:30:59+05:30');
INSERT INTO "Question_Text_Topic_Medium" 
(id, question_text_id, question_topic_id, instruction_medium_id, is_verified, created_at, updated_at, translation_status) 
VALUES (90089, 70089, 80089, 50001, true, '2025-06-26 17:30:59+05:30', '2025-06-26 17:30:59+05:30', 'original');
INSERT INTO "Question" (id, question_type_id, board_question, created_at, updated_at) 
VALUES (60090, 7, false, '2025-06-26 17:30:59+05:30', '2025-06-26 17:30:59+05:30');
INSERT INTO "Question_Topic" (id, question_id, topic_id, created_at, updated_at) 
VALUES (80090, 60090, 50002, '2025-06-26 17:30:59+05:30', '2025-06-26 17:30:59+05:30');
INSERT INTO "Question_Text" (id, question_id, question_text, created_at, updated_at) 
VALUES (70090, 60090, 'What is the key term in types of functions?', '2025-06-26 17:30:59+05:30', '2025-06-26 17:30:59+05:30');
INSERT INTO "Question_Text_Topic_Medium" 
(id, question_text_id, question_topic_id, instruction_medium_id, is_verified, created_at, updated_at, translation_status) 
VALUES (90090, 70090, 80090, 50001, true, '2025-06-26 17:30:59+05:30', '2025-06-26 17:30:59+05:30', 'original');
INSERT INTO "Question" (id, question_type_id, board_question, created_at, updated_at) 
VALUES (60091, 8, false, '2025-06-26 17:30:59+05:30', '2025-06-26 17:30:59+05:30');
INSERT INTO "Question_Topic" (id, question_id, topic_id, created_at, updated_at) 
VALUES (80091, 60091, 50002, '2025-06-26 17:30:59+05:30', '2025-06-26 17:30:59+05:30');
INSERT INTO "Question_Text" (id, question_id, question_text, created_at, updated_at) 
VALUES (70091, 60091, 'Question about types of functions - Type: Give Scientific Reasons', '2025-06-26 17:30:59+05:30', '2025-06-26 17:30:59+05:30');
INSERT INTO "Question_Text_Topic_Medium" 
(id, question_text_id, question_topic_id, instruction_medium_id, is_verified, created_at, updated_at, translation_status) 
VALUES (90091, 70091, 80091, 50001, true, '2025-06-26 17:30:59+05:30', '2025-06-26 17:30:59+05:30', 'original');
INSERT INTO "Question" (id, question_type_id, board_question, created_at, updated_at) 
VALUES (60092, 8, false, '2025-06-26 17:30:59+05:30', '2025-06-26 17:30:59+05:30');
INSERT INTO "Question_Topic" (id, question_id, topic_id, created_at, updated_at) 
VALUES (80092, 60092, 50002, '2025-06-26 17:30:59+05:30', '2025-06-26 17:30:59+05:30');
INSERT INTO "Question_Text" (id, question_id, question_text, created_at, updated_at) 
VALUES (70092, 60092, 'Question about types of functions - Type: Give Scientific Reasons', '2025-06-26 17:30:59+05:30', '2025-06-26 17:30:59+05:30');
INSERT INTO "Question_Text_Topic_Medium" 
(id, question_text_id, question_topic_id, instruction_medium_id, is_verified, created_at, updated_at, translation_status) 
VALUES (90092, 70092, 80092, 50001, true, '2025-06-26 17:30:59+05:30', '2025-06-26 17:30:59+05:30', 'original');
INSERT INTO "Question" (id, question_type_id, board_question, created_at, updated_at) 
VALUES (60093, 8, false, '2025-06-26 17:30:59+05:30', '2025-06-26 17:30:59+05:30');
INSERT INTO "Question_Topic" (id, question_id, topic_id, created_at, updated_at) 
VALUES (80093, 60093, 50002, '2025-06-26 17:30:59+05:30', '2025-06-26 17:30:59+05:30');
INSERT INTO "Question_Text" (id, question_id, question_text, created_at, updated_at) 
VALUES (70093, 60093, 'Question about types of functions - Type: Give Scientific Reasons', '2025-06-26 17:30:59+05:30', '2025-06-26 17:30:59+05:30');
INSERT INTO "Question_Text_Topic_Medium" 
(id, question_text_id, question_topic_id, instruction_medium_id, is_verified, created_at, updated_at, translation_status) 
VALUES (90093, 70093, 80093, 50001, true, '2025-06-26 17:30:59+05:30', '2025-06-26 17:30:59+05:30', 'original');
INSERT INTO "Question" (id, question_type_id, board_question, created_at, updated_at) 
VALUES (60094, 8, false, '2025-06-26 17:30:59+05:30', '2025-06-26 17:30:59+05:30');
INSERT INTO "Question_Topic" (id, question_id, topic_id, created_at, updated_at) 
VALUES (80094, 60094, 50002, '2025-06-26 17:30:59+05:30', '2025-06-26 17:30:59+05:30');
INSERT INTO "Question_Text" (id, question_id, question_text, created_at, updated_at) 
VALUES (70094, 60094, 'Question about types of functions - Type: Give Scientific Reasons', '2025-06-26 17:30:59+05:30', '2025-06-26 17:30:59+05:30');
INSERT INTO "Question_Text_Topic_Medium" 
(id, question_text_id, question_topic_id, instruction_medium_id, is_verified, created_at, updated_at, translation_status) 
VALUES (90094, 70094, 80094, 50001, true, '2025-06-26 17:30:59+05:30', '2025-06-26 17:30:59+05:30', 'original');
INSERT INTO "Question" (id, question_type_id, board_question, created_at, updated_at) 
VALUES (60095, 8, false, '2025-06-26 17:30:59+05:30', '2025-06-26 17:30:59+05:30');
INSERT INTO "Question_Topic" (id, question_id, topic_id, created_at, updated_at) 
VALUES (80095, 60095, 50002, '2025-06-26 17:30:59+05:30', '2025-06-26 17:30:59+05:30');
INSERT INTO "Question_Text" (id, question_id, question_text, created_at, updated_at) 
VALUES (70095, 60095, 'Question about types of functions - Type: Give Scientific Reasons', '2025-06-26 17:30:59+05:30', '2025-06-26 17:30:59+05:30');
INSERT INTO "Question_Text_Topic_Medium" 
(id, question_text_id, question_topic_id, instruction_medium_id, is_verified, created_at, updated_at, translation_status) 
VALUES (90095, 70095, 80095, 50001, true, '2025-06-26 17:30:59+05:30', '2025-06-26 17:30:59+05:30', 'original');
INSERT INTO "Question" (id, question_type_id, board_question, created_at, updated_at) 
VALUES (60096, 9, false, '2025-06-26 17:30:59+05:30', '2025-06-26 17:30:59+05:30');
INSERT INTO "Question_Topic" (id, question_id, topic_id, created_at, updated_at) 
VALUES (80096, 60096, 50002, '2025-06-26 17:30:59+05:30', '2025-06-26 17:30:59+05:30');
INSERT INTO "Question_Text" (id, question_id, question_text, created_at, updated_at) 
VALUES (70096, 60096, 'Explain the concept of types of functions with an example.', '2025-06-26 17:30:59+05:30', '2025-06-26 17:30:59+05:30');
INSERT INTO "Question_Text_Topic_Medium" 
(id, question_text_id, question_topic_id, instruction_medium_id, is_verified, created_at, updated_at, translation_status) 
VALUES (90096, 70096, 80096, 50001, true, '2025-06-26 17:30:59+05:30', '2025-06-26 17:30:59+05:30', 'original');
INSERT INTO "Question" (id, question_type_id, board_question, created_at, updated_at) 
VALUES (60097, 9, false, '2025-06-26 17:30:59+05:30', '2025-06-26 17:30:59+05:30');
INSERT INTO "Question_Topic" (id, question_id, topic_id, created_at, updated_at) 
VALUES (80097, 60097, 50002, '2025-06-26 17:30:59+05:30', '2025-06-26 17:30:59+05:30');
INSERT INTO "Question_Text" (id, question_id, question_text, created_at, updated_at) 
VALUES (70097, 60097, 'Explain the concept of types of functions with an example.', '2025-06-26 17:30:59+05:30', '2025-06-26 17:30:59+05:30');
INSERT INTO "Question_Text_Topic_Medium" 
(id, question_text_id, question_topic_id, instruction_medium_id, is_verified, created_at, updated_at, translation_status) 
VALUES (90097, 70097, 80097, 50001, true, '2025-06-26 17:30:59+05:30', '2025-06-26 17:30:59+05:30', 'original');
INSERT INTO "Question" (id, question_type_id, board_question, created_at, updated_at) 
VALUES (60098, 9, false, '2025-06-26 17:30:59+05:30', '2025-06-26 17:30:59+05:30');
INSERT INTO "Question_Topic" (id, question_id, topic_id, created_at, updated_at) 
VALUES (80098, 60098, 50002, '2025-06-26 17:30:59+05:30', '2025-06-26 17:30:59+05:30');
INSERT INTO "Question_Text" (id, question_id, question_text, created_at, updated_at) 
VALUES (70098, 60098, 'Explain the concept of types of functions with an example.', '2025-06-26 17:30:59+05:30', '2025-06-26 17:30:59+05:30');
INSERT INTO "Question_Text_Topic_Medium" 
(id, question_text_id, question_topic_id, instruction_medium_id, is_verified, created_at, updated_at, translation_status) 
VALUES (90098, 70098, 80098, 50001, true, '2025-06-26 17:30:59+05:30', '2025-06-26 17:30:59+05:30', 'original');
INSERT INTO "Question" (id, question_type_id, board_question, created_at, updated_at) 
VALUES (60099, 9, false, '2025-06-26 17:30:59+05:30', '2025-06-26 17:30:59+05:30');
INSERT INTO "Question_Topic" (id, question_id, topic_id, created_at, updated_at) 
VALUES (80099, 60099, 50002, '2025-06-26 17:30:59+05:30', '2025-06-26 17:30:59+05:30');
INSERT INTO "Question_Text" (id, question_id, question_text, created_at, updated_at) 
VALUES (70099, 60099, 'Explain the concept of types of functions with an example.', '2025-06-26 17:30:59+05:30', '2025-06-26 17:30:59+05:30');
INSERT INTO "Question_Text_Topic_Medium" 
(id, question_text_id, question_topic_id, instruction_medium_id, is_verified, created_at, updated_at, translation_status) 
VALUES (90099, 70099, 80099, 50001, true, '2025-06-26 17:30:59+05:30', '2025-06-26 17:30:59+05:30', 'original');
INSERT INTO "Question" (id, question_type_id, board_question, created_at, updated_at) 
VALUES (60100, 9, false, '2025-06-26 17:30:59+05:30', '2025-06-26 17:30:59+05:30');
INSERT INTO "Question_Topic" (id, question_id, topic_id, created_at, updated_at) 
VALUES (80100, 60100, 50002, '2025-06-26 17:30:59+05:30', '2025-06-26 17:30:59+05:30');
INSERT INTO "Question_Text" (id, question_id, question_text, created_at, updated_at) 
VALUES (70100, 60100, 'Explain the concept of types of functions with an example.', '2025-06-26 17:30:59+05:30', '2025-06-26 17:30:59+05:30');
INSERT INTO "Question_Text_Topic_Medium" 
(id, question_text_id, question_topic_id, instruction_medium_id, is_verified, created_at, updated_at, translation_status) 
VALUES (90100, 70100, 80100, 50001, true, '2025-06-26 17:30:59+05:30', '2025-06-26 17:30:59+05:30', 'original');
INSERT INTO "Question" (id, question_type_id, board_question, created_at, updated_at) 
VALUES (60101, 10, false, '2025-06-26 17:30:59+05:30', '2025-06-26 17:30:59+05:30');
INSERT INTO "Question_Topic" (id, question_id, topic_id, created_at, updated_at) 
VALUES (80101, 60101, 50002, '2025-06-26 17:30:59+05:30', '2025-06-26 17:30:59+05:30');
INSERT INTO "Question_Text" (id, question_id, question_text, created_at, updated_at) 
VALUES (70101, 60101, 'Question about types of functions - Type: Complete and Identify Reaction', '2025-06-26 17:30:59+05:30', '2025-06-26 17:30:59+05:30');
INSERT INTO "Question_Text_Topic_Medium" 
(id, question_text_id, question_topic_id, instruction_medium_id, is_verified, created_at, updated_at, translation_status) 
VALUES (90101, 70101, 80101, 50001, true, '2025-06-26 17:30:59+05:30', '2025-06-26 17:30:59+05:30', 'original');
INSERT INTO "Question" (id, question_type_id, board_question, created_at, updated_at) 
VALUES (60102, 10, false, '2025-06-26 17:30:59+05:30', '2025-06-26 17:30:59+05:30');
INSERT INTO "Question_Topic" (id, question_id, topic_id, created_at, updated_at) 
VALUES (80102, 60102, 50002, '2025-06-26 17:30:59+05:30', '2025-06-26 17:30:59+05:30');
INSERT INTO "Question_Text" (id, question_id, question_text, created_at, updated_at) 
VALUES (70102, 60102, 'Question about types of functions - Type: Complete and Identify Reaction', '2025-06-26 17:30:59+05:30', '2025-06-26 17:30:59+05:30');
INSERT INTO "Question_Text_Topic_Medium" 
(id, question_text_id, question_topic_id, instruction_medium_id, is_verified, created_at, updated_at, translation_status) 
VALUES (90102, 70102, 80102, 50001, true, '2025-06-26 17:30:59+05:30', '2025-06-26 17:30:59+05:30', 'original');
INSERT INTO "Question" (id, question_type_id, board_question, created_at, updated_at) 
VALUES (60103, 10, false, '2025-06-26 17:30:59+05:30', '2025-06-26 17:30:59+05:30');
INSERT INTO "Question_Topic" (id, question_id, topic_id, created_at, updated_at) 
VALUES (80103, 60103, 50002, '2025-06-26 17:30:59+05:30', '2025-06-26 17:30:59+05:30');
INSERT INTO "Question_Text" (id, question_id, question_text, created_at, updated_at) 
VALUES (70103, 60103, 'Question about types of functions - Type: Complete and Identify Reaction', '2025-06-26 17:30:59+05:30', '2025-06-26 17:30:59+05:30');
INSERT INTO "Question_Text_Topic_Medium" 
(id, question_text_id, question_topic_id, instruction_medium_id, is_verified, created_at, updated_at, translation_status) 
VALUES (90103, 70103, 80103, 50001, true, '2025-06-26 17:30:59+05:30', '2025-06-26 17:30:59+05:30', 'original');
INSERT INTO "Question" (id, question_type_id, board_question, created_at, updated_at) 
VALUES (60104, 10, false, '2025-06-26 17:30:59+05:30', '2025-06-26 17:30:59+05:30');
INSERT INTO "Question_Topic" (id, question_id, topic_id, created_at, updated_at) 
VALUES (80104, 60104, 50002, '2025-06-26 17:30:59+05:30', '2025-06-26 17:30:59+05:30');
INSERT INTO "Question_Text" (id, question_id, question_text, created_at, updated_at) 
VALUES (70104, 60104, 'Question about types of functions - Type: Complete and Identify Reaction', '2025-06-26 17:30:59+05:30', '2025-06-26 17:30:59+05:30');
INSERT INTO "Question_Text_Topic_Medium" 
(id, question_text_id, question_topic_id, instruction_medium_id, is_verified, created_at, updated_at, translation_status) 
VALUES (90104, 70104, 80104, 50001, true, '2025-06-26 17:30:59+05:30', '2025-06-26 17:30:59+05:30', 'original');
INSERT INTO "Question" (id, question_type_id, board_question, created_at, updated_at) 
VALUES (60105, 10, false, '2025-06-26 17:30:59+05:30', '2025-06-26 17:30:59+05:30');
INSERT INTO "Question_Topic" (id, question_id, topic_id, created_at, updated_at) 
VALUES (80105, 60105, 50002, '2025-06-26 17:30:59+05:30', '2025-06-26 17:30:59+05:30');
INSERT INTO "Question_Text" (id, question_id, question_text, created_at, updated_at) 
VALUES (70105, 60105, 'Question about types of functions - Type: Complete and Identify Reaction', '2025-06-26 17:30:59+05:30', '2025-06-26 17:30:59+05:30');
INSERT INTO "Question_Text_Topic_Medium" 
(id, question_text_id, question_topic_id, instruction_medium_id, is_verified, created_at, updated_at, translation_status) 
VALUES (90105, 70105, 80105, 50001, true, '2025-06-26 17:30:59+05:30', '2025-06-26 17:30:59+05:30', 'original');
INSERT INTO "Question" (id, question_type_id, board_question, created_at, updated_at) 
VALUES (60106, 11, false, '2025-06-26 17:30:59+05:30', '2025-06-26 17:30:59+05:30');
INSERT INTO "Question_Topic" (id, question_id, topic_id, created_at, updated_at) 
VALUES (80106, 60106, 50002, '2025-06-26 17:30:59+05:30', '2025-06-26 17:30:59+05:30');
INSERT INTO "Question_Text" (id, question_id, question_text, created_at, updated_at) 
VALUES (70106, 60106, 'Question about types of functions - Type: Short Note', '2025-06-26 17:30:59+05:30', '2025-06-26 17:30:59+05:30');
INSERT INTO "Question_Text_Topic_Medium" 
(id, question_text_id, question_topic_id, instruction_medium_id, is_verified, created_at, updated_at, translation_status) 
VALUES (90106, 70106, 80106, 50001, true, '2025-06-26 17:30:59+05:30', '2025-06-26 17:30:59+05:30', 'original');
INSERT INTO "Question" (id, question_type_id, board_question, created_at, updated_at) 
VALUES (60107, 11, false, '2025-06-26 17:30:59+05:30', '2025-06-26 17:30:59+05:30');
INSERT INTO "Question_Topic" (id, question_id, topic_id, created_at, updated_at) 
VALUES (80107, 60107, 50002, '2025-06-26 17:30:59+05:30', '2025-06-26 17:30:59+05:30');
INSERT INTO "Question_Text" (id, question_id, question_text, created_at, updated_at) 
VALUES (70107, 60107, 'Question about types of functions - Type: Short Note', '2025-06-26 17:30:59+05:30', '2025-06-26 17:30:59+05:30');
INSERT INTO "Question_Text_Topic_Medium" 
(id, question_text_id, question_topic_id, instruction_medium_id, is_verified, created_at, updated_at, translation_status) 
VALUES (90107, 70107, 80107, 50001, true, '2025-06-26 17:30:59+05:30', '2025-06-26 17:30:59+05:30', 'original');
INSERT INTO "Question" (id, question_type_id, board_question, created_at, updated_at) 
VALUES (60108, 11, false, '2025-06-26 17:30:59+05:30', '2025-06-26 17:30:59+05:30');
INSERT INTO "Question_Topic" (id, question_id, topic_id, created_at, updated_at) 
VALUES (80108, 60108, 50002, '2025-06-26 17:30:59+05:30', '2025-06-26 17:30:59+05:30');
INSERT INTO "Question_Text" (id, question_id, question_text, created_at, updated_at) 
VALUES (70108, 60108, 'Question about types of functions - Type: Short Note', '2025-06-26 17:30:59+05:30', '2025-06-26 17:30:59+05:30');
INSERT INTO "Question_Text_Topic_Medium" 
(id, question_text_id, question_topic_id, instruction_medium_id, is_verified, created_at, updated_at, translation_status) 
VALUES (90108, 70108, 80108, 50001, true, '2025-06-26 17:30:59+05:30', '2025-06-26 17:30:59+05:30', 'original');
INSERT INTO "Question" (id, question_type_id, board_question, created_at, updated_at) 
VALUES (60109, 11, false, '2025-06-26 17:30:59+05:30', '2025-06-26 17:30:59+05:30');
INSERT INTO "Question_Topic" (id, question_id, topic_id, created_at, updated_at) 
VALUES (80109, 60109, 50002, '2025-06-26 17:30:59+05:30', '2025-06-26 17:30:59+05:30');
INSERT INTO "Question_Text" (id, question_id, question_text, created_at, updated_at) 
VALUES (70109, 60109, 'Question about types of functions - Type: Short Note', '2025-06-26 17:30:59+05:30', '2025-06-26 17:30:59+05:30');
INSERT INTO "Question_Text_Topic_Medium" 
(id, question_text_id, question_topic_id, instruction_medium_id, is_verified, created_at, updated_at, translation_status) 
VALUES (90109, 70109, 80109, 50001, true, '2025-06-26 17:30:59+05:30', '2025-06-26 17:30:59+05:30', 'original');
INSERT INTO "Question" (id, question_type_id, board_question, created_at, updated_at) 
VALUES (60110, 11, false, '2025-06-26 17:30:59+05:30', '2025-06-26 17:30:59+05:30');
INSERT INTO "Question_Topic" (id, question_id, topic_id, created_at, updated_at) 
VALUES (80110, 60110, 50002, '2025-06-26 17:30:59+05:30', '2025-06-26 17:30:59+05:30');
INSERT INTO "Question_Text" (id, question_id, question_text, created_at, updated_at) 
VALUES (70110, 60110, 'Question about types of functions - Type: Short Note', '2025-06-26 17:30:59+05:30', '2025-06-26 17:30:59+05:30');
INSERT INTO "Question_Text_Topic_Medium" 
(id, question_text_id, question_topic_id, instruction_medium_id, is_verified, created_at, updated_at, translation_status) 
VALUES (90110, 70110, 80110, 50001, true, '2025-06-26 17:30:59+05:30', '2025-06-26 17:30:59+05:30', 'original');
INSERT INTO "Question" (id, question_type_id, board_question, created_at, updated_at) 
VALUES (60111, 1, false, '2025-06-26 17:30:59+05:30', '2025-06-26 17:30:59+05:30');
INSERT INTO "Question_Topic" (id, question_id, topic_id, created_at, updated_at) 
VALUES (80111, 60111, 50003, '2025-06-26 17:30:59+05:30', '2025-06-26 17:30:59+05:30');
INSERT INTO "Question_Text" (id, question_id, question_text, created_at, updated_at) 
VALUES (70111, 60111, 'Which of the following is true about composite functions?', '2025-06-26 17:30:59+05:30', '2025-06-26 17:30:59+05:30');
INSERT INTO "Question_Text_Topic_Medium" 
(id, question_text_id, question_topic_id, instruction_medium_id, is_verified, created_at, updated_at, translation_status) 
VALUES (90111, 70111, 80111, 50001, true, '2025-06-26 17:30:59+05:30', '2025-06-26 17:30:59+05:30', 'original');
INSERT INTO "Mcq_Option" 
(id, question_text_id, option_text, is_correct, created_at, updated_at) 
VALUES (100041, 70111, 'Correct answer for Composite Functions', true, '2025-06-26 17:30:59+05:30', '2025-06-26 17:30:59+05:30');
INSERT INTO "Mcq_Option" 
(id, question_text_id, option_text, is_correct, created_at, updated_at) 
VALUES (100042, 70111, 'Incorrect option A for Composite Functions', false, '2025-06-26 17:30:59+05:30', '2025-06-26 17:30:59+05:30');
INSERT INTO "Mcq_Option" 
(id, question_text_id, option_text, is_correct, created_at, updated_at) 
VALUES (100043, 70111, 'Incorrect option B for Composite Functions', false, '2025-06-26 17:30:59+05:30', '2025-06-26 17:30:59+05:30');
INSERT INTO "Mcq_Option" 
(id, question_text_id, option_text, is_correct, created_at, updated_at) 
VALUES (100044, 70111, 'Incorrect option C for Composite Functions', false, '2025-06-26 17:30:59+05:30', '2025-06-26 17:30:59+05:30');
INSERT INTO "Question" (id, question_type_id, board_question, created_at, updated_at) 
VALUES (60112, 1, false, '2025-06-26 17:30:59+05:30', '2025-06-26 17:30:59+05:30');
INSERT INTO "Question_Topic" (id, question_id, topic_id, created_at, updated_at) 
VALUES (80112, 60112, 50003, '2025-06-26 17:30:59+05:30', '2025-06-26 17:30:59+05:30');
INSERT INTO "Question_Text" (id, question_id, question_text, created_at, updated_at) 
VALUES (70112, 60112, 'Which of the following is true about composite functions?', '2025-06-26 17:30:59+05:30', '2025-06-26 17:30:59+05:30');
INSERT INTO "Question_Text_Topic_Medium" 
(id, question_text_id, question_topic_id, instruction_medium_id, is_verified, created_at, updated_at, translation_status) 
VALUES (90112, 70112, 80112, 50001, true, '2025-06-26 17:30:59+05:30', '2025-06-26 17:30:59+05:30', 'original');
INSERT INTO "Mcq_Option" 
(id, question_text_id, option_text, is_correct, created_at, updated_at) 
VALUES (100045, 70112, 'Correct answer for Composite Functions', true, '2025-06-26 17:30:59+05:30', '2025-06-26 17:30:59+05:30');
INSERT INTO "Mcq_Option" 
(id, question_text_id, option_text, is_correct, created_at, updated_at) 
VALUES (100046, 70112, 'Incorrect option A for Composite Functions', false, '2025-06-26 17:30:59+05:30', '2025-06-26 17:30:59+05:30');
INSERT INTO "Mcq_Option" 
(id, question_text_id, option_text, is_correct, created_at, updated_at) 
VALUES (100047, 70112, 'Incorrect option B for Composite Functions', false, '2025-06-26 17:30:59+05:30', '2025-06-26 17:30:59+05:30');
INSERT INTO "Mcq_Option" 
(id, question_text_id, option_text, is_correct, created_at, updated_at) 
VALUES (100048, 70112, 'Incorrect option C for Composite Functions', false, '2025-06-26 17:30:59+05:30', '2025-06-26 17:30:59+05:30');
INSERT INTO "Question" (id, question_type_id, board_question, created_at, updated_at) 
VALUES (60113, 1, false, '2025-06-26 17:30:59+05:30', '2025-06-26 17:30:59+05:30');
INSERT INTO "Question_Topic" (id, question_id, topic_id, created_at, updated_at) 
VALUES (80113, 60113, 50003, '2025-06-26 17:30:59+05:30', '2025-06-26 17:30:59+05:30');
INSERT INTO "Question_Text" (id, question_id, question_text, created_at, updated_at) 
VALUES (70113, 60113, 'Which of the following is true about composite functions?', '2025-06-26 17:30:59+05:30', '2025-06-26 17:30:59+05:30');
INSERT INTO "Question_Text_Topic_Medium" 
(id, question_text_id, question_topic_id, instruction_medium_id, is_verified, created_at, updated_at, translation_status) 
VALUES (90113, 70113, 80113, 50001, true, '2025-06-26 17:30:59+05:30', '2025-06-26 17:30:59+05:30', 'original');
INSERT INTO "Mcq_Option" 
(id, question_text_id, option_text, is_correct, created_at, updated_at) 
VALUES (100049, 70113, 'Correct answer for Composite Functions', true, '2025-06-26 17:30:59+05:30', '2025-06-26 17:30:59+05:30');
INSERT INTO "Mcq_Option" 
(id, question_text_id, option_text, is_correct, created_at, updated_at) 
VALUES (100050, 70113, 'Incorrect option A for Composite Functions', false, '2025-06-26 17:30:59+05:30', '2025-06-26 17:30:59+05:30');
INSERT INTO "Mcq_Option" 
(id, question_text_id, option_text, is_correct, created_at, updated_at) 
VALUES (100051, 70113, 'Incorrect option B for Composite Functions', false, '2025-06-26 17:30:59+05:30', '2025-06-26 17:30:59+05:30');
INSERT INTO "Mcq_Option" 
(id, question_text_id, option_text, is_correct, created_at, updated_at) 
VALUES (100052, 70113, 'Incorrect option C for Composite Functions', false, '2025-06-26 17:30:59+05:30', '2025-06-26 17:30:59+05:30');
INSERT INTO "Question" (id, question_type_id, board_question, created_at, updated_at) 
VALUES (60114, 1, false, '2025-06-26 17:30:59+05:30', '2025-06-26 17:30:59+05:30');
INSERT INTO "Question_Topic" (id, question_id, topic_id, created_at, updated_at) 
VALUES (80114, 60114, 50003, '2025-06-26 17:30:59+05:30', '2025-06-26 17:30:59+05:30');
INSERT INTO "Question_Text" (id, question_id, question_text, created_at, updated_at) 
VALUES (70114, 60114, 'Which of the following is true about composite functions?', '2025-06-26 17:30:59+05:30', '2025-06-26 17:30:59+05:30');
INSERT INTO "Question_Text_Topic_Medium" 
(id, question_text_id, question_topic_id, instruction_medium_id, is_verified, created_at, updated_at, translation_status) 
VALUES (90114, 70114, 80114, 50001, true, '2025-06-26 17:30:59+05:30', '2025-06-26 17:30:59+05:30', 'original');
INSERT INTO "Mcq_Option" 
(id, question_text_id, option_text, is_correct, created_at, updated_at) 
VALUES (100053, 70114, 'Correct answer for Composite Functions', true, '2025-06-26 17:30:59+05:30', '2025-06-26 17:30:59+05:30');
INSERT INTO "Mcq_Option" 
(id, question_text_id, option_text, is_correct, created_at, updated_at) 
VALUES (100054, 70114, 'Incorrect option A for Composite Functions', false, '2025-06-26 17:30:59+05:30', '2025-06-26 17:30:59+05:30');
INSERT INTO "Mcq_Option" 
(id, question_text_id, option_text, is_correct, created_at, updated_at) 
VALUES (100055, 70114, 'Incorrect option B for Composite Functions', false, '2025-06-26 17:30:59+05:30', '2025-06-26 17:30:59+05:30');
INSERT INTO "Mcq_Option" 
(id, question_text_id, option_text, is_correct, created_at, updated_at) 
VALUES (100056, 70114, 'Incorrect option C for Composite Functions', false, '2025-06-26 17:30:59+05:30', '2025-06-26 17:30:59+05:30');
INSERT INTO "Question" (id, question_type_id, board_question, created_at, updated_at) 
VALUES (60115, 1, false, '2025-06-26 17:30:59+05:30', '2025-06-26 17:30:59+05:30');
INSERT INTO "Question_Topic" (id, question_id, topic_id, created_at, updated_at) 
VALUES (80115, 60115, 50003, '2025-06-26 17:30:59+05:30', '2025-06-26 17:30:59+05:30');
INSERT INTO "Question_Text" (id, question_id, question_text, created_at, updated_at) 
VALUES (70115, 60115, 'Which of the following is true about composite functions?', '2025-06-26 17:30:59+05:30', '2025-06-26 17:30:59+05:30');
INSERT INTO "Question_Text_Topic_Medium" 
(id, question_text_id, question_topic_id, instruction_medium_id, is_verified, created_at, updated_at, translation_status) 
VALUES (90115, 70115, 80115, 50001, true, '2025-06-26 17:30:59+05:30', '2025-06-26 17:30:59+05:30', 'original');
INSERT INTO "Mcq_Option" 
(id, question_text_id, option_text, is_correct, created_at, updated_at) 
VALUES (100057, 70115, 'Correct answer for Composite Functions', true, '2025-06-26 17:30:59+05:30', '2025-06-26 17:30:59+05:30');
INSERT INTO "Mcq_Option" 
(id, question_text_id, option_text, is_correct, created_at, updated_at) 
VALUES (100058, 70115, 'Incorrect option A for Composite Functions', false, '2025-06-26 17:30:59+05:30', '2025-06-26 17:30:59+05:30');
INSERT INTO "Mcq_Option" 
(id, question_text_id, option_text, is_correct, created_at, updated_at) 
VALUES (100059, 70115, 'Incorrect option B for Composite Functions', false, '2025-06-26 17:30:59+05:30', '2025-06-26 17:30:59+05:30');
INSERT INTO "Mcq_Option" 
(id, question_text_id, option_text, is_correct, created_at, updated_at) 
VALUES (100060, 70115, 'Incorrect option C for Composite Functions', false, '2025-06-26 17:30:59+05:30', '2025-06-26 17:30:59+05:30');
INSERT INTO "Question" (id, question_type_id, board_question, created_at, updated_at) 
VALUES (60116, 2, false, '2025-06-26 17:30:59+05:30', '2025-06-26 17:30:59+05:30');
INSERT INTO "Question_Topic" (id, question_id, topic_id, created_at, updated_at) 
VALUES (80116, 60116, 50003, '2025-06-26 17:30:59+05:30', '2025-06-26 17:30:59+05:30');
INSERT INTO "Question_Text" (id, question_id, question_text, created_at, updated_at) 
VALUES (70116, 60116, 'Question about composite functions - Type: Odd One Out', '2025-06-26 17:30:59+05:30', '2025-06-26 17:30:59+05:30');
INSERT INTO "Question_Text_Topic_Medium" 
(id, question_text_id, question_topic_id, instruction_medium_id, is_verified, created_at, updated_at, translation_status) 
VALUES (90116, 70116, 80116, 50001, true, '2025-06-26 17:30:59+05:30', '2025-06-26 17:30:59+05:30', 'original');
INSERT INTO "Question" (id, question_type_id, board_question, created_at, updated_at) 
VALUES (60117, 2, false, '2025-06-26 17:30:59+05:30', '2025-06-26 17:30:59+05:30');
INSERT INTO "Question_Topic" (id, question_id, topic_id, created_at, updated_at) 
VALUES (80117, 60117, 50003, '2025-06-26 17:30:59+05:30', '2025-06-26 17:30:59+05:30');
INSERT INTO "Question_Text" (id, question_id, question_text, created_at, updated_at) 
VALUES (70117, 60117, 'Question about composite functions - Type: Odd One Out', '2025-06-26 17:30:59+05:30', '2025-06-26 17:30:59+05:30');
INSERT INTO "Question_Text_Topic_Medium" 
(id, question_text_id, question_topic_id, instruction_medium_id, is_verified, created_at, updated_at, translation_status) 
VALUES (90117, 70117, 80117, 50001, true, '2025-06-26 17:30:59+05:30', '2025-06-26 17:30:59+05:30', 'original');
INSERT INTO "Question" (id, question_type_id, board_question, created_at, updated_at) 
VALUES (60118, 2, false, '2025-06-26 17:30:59+05:30', '2025-06-26 17:30:59+05:30');
INSERT INTO "Question_Topic" (id, question_id, topic_id, created_at, updated_at) 
VALUES (80118, 60118, 50003, '2025-06-26 17:30:59+05:30', '2025-06-26 17:30:59+05:30');
INSERT INTO "Question_Text" (id, question_id, question_text, created_at, updated_at) 
VALUES (70118, 60118, 'Question about composite functions - Type: Odd One Out', '2025-06-26 17:30:59+05:30', '2025-06-26 17:30:59+05:30');
INSERT INTO "Question_Text_Topic_Medium" 
(id, question_text_id, question_topic_id, instruction_medium_id, is_verified, created_at, updated_at, translation_status) 
VALUES (90118, 70118, 80118, 50001, true, '2025-06-26 17:30:59+05:30', '2025-06-26 17:30:59+05:30', 'original');
INSERT INTO "Question" (id, question_type_id, board_question, created_at, updated_at) 
VALUES (60119, 2, false, '2025-06-26 17:30:59+05:30', '2025-06-26 17:30:59+05:30');
INSERT INTO "Question_Topic" (id, question_id, topic_id, created_at, updated_at) 
VALUES (80119, 60119, 50003, '2025-06-26 17:30:59+05:30', '2025-06-26 17:30:59+05:30');
INSERT INTO "Question_Text" (id, question_id, question_text, created_at, updated_at) 
VALUES (70119, 60119, 'Question about composite functions - Type: Odd One Out', '2025-06-26 17:30:59+05:30', '2025-06-26 17:30:59+05:30');
INSERT INTO "Question_Text_Topic_Medium" 
(id, question_text_id, question_topic_id, instruction_medium_id, is_verified, created_at, updated_at, translation_status) 
VALUES (90119, 70119, 80119, 50001, true, '2025-06-26 17:30:59+05:30', '2025-06-26 17:30:59+05:30', 'original');
INSERT INTO "Question" (id, question_type_id, board_question, created_at, updated_at) 
VALUES (60120, 2, false, '2025-06-26 17:30:59+05:30', '2025-06-26 17:30:59+05:30');
INSERT INTO "Question_Topic" (id, question_id, topic_id, created_at, updated_at) 
VALUES (80120, 60120, 50003, '2025-06-26 17:30:59+05:30', '2025-06-26 17:30:59+05:30');
INSERT INTO "Question_Text" (id, question_id, question_text, created_at, updated_at) 
VALUES (70120, 60120, 'Question about composite functions - Type: Odd One Out', '2025-06-26 17:30:59+05:30', '2025-06-26 17:30:59+05:30');
INSERT INTO "Question_Text_Topic_Medium" 
(id, question_text_id, question_topic_id, instruction_medium_id, is_verified, created_at, updated_at, translation_status) 
VALUES (90120, 70120, 80120, 50001, true, '2025-06-26 17:30:59+05:30', '2025-06-26 17:30:59+05:30', 'original');
INSERT INTO "Question" (id, question_type_id, board_question, created_at, updated_at) 
VALUES (60121, 3, false, '2025-06-26 17:30:59+05:30', '2025-06-26 17:30:59+05:30');
INSERT INTO "Question_Topic" (id, question_id, topic_id, created_at, updated_at) 
VALUES (80121, 60121, 50003, '2025-06-26 17:30:59+05:30', '2025-06-26 17:30:59+05:30');
INSERT INTO "Question_Text" (id, question_id, question_text, created_at, updated_at) 
VALUES (70121, 60121, 'Question about composite functions - Type: Complete the Correlation', '2025-06-26 17:30:59+05:30', '2025-06-26 17:30:59+05:30');
INSERT INTO "Question_Text_Topic_Medium" 
(id, question_text_id, question_topic_id, instruction_medium_id, is_verified, created_at, updated_at, translation_status) 
VALUES (90121, 70121, 80121, 50001, true, '2025-06-26 17:30:59+05:30', '2025-06-26 17:30:59+05:30', 'original');
INSERT INTO "Question" (id, question_type_id, board_question, created_at, updated_at) 
VALUES (60122, 3, false, '2025-06-26 17:30:59+05:30', '2025-06-26 17:30:59+05:30');
INSERT INTO "Question_Topic" (id, question_id, topic_id, created_at, updated_at) 
VALUES (80122, 60122, 50003, '2025-06-26 17:30:59+05:30', '2025-06-26 17:30:59+05:30');
INSERT INTO "Question_Text" (id, question_id, question_text, created_at, updated_at) 
VALUES (70122, 60122, 'Question about composite functions - Type: Complete the Correlation', '2025-06-26 17:30:59+05:30', '2025-06-26 17:30:59+05:30');
INSERT INTO "Question_Text_Topic_Medium" 
(id, question_text_id, question_topic_id, instruction_medium_id, is_verified, created_at, updated_at, translation_status) 
VALUES (90122, 70122, 80122, 50001, true, '2025-06-26 17:30:59+05:30', '2025-06-26 17:30:59+05:30', 'original');
INSERT INTO "Question" (id, question_type_id, board_question, created_at, updated_at) 
VALUES (60123, 3, false, '2025-06-26 17:30:59+05:30', '2025-06-26 17:30:59+05:30');
INSERT INTO "Question_Topic" (id, question_id, topic_id, created_at, updated_at) 
VALUES (80123, 60123, 50003, '2025-06-26 17:30:59+05:30', '2025-06-26 17:30:59+05:30');
INSERT INTO "Question_Text" (id, question_id, question_text, created_at, updated_at) 
VALUES (70123, 60123, 'Question about composite functions - Type: Complete the Correlation', '2025-06-26 17:30:59+05:30', '2025-06-26 17:30:59+05:30');
INSERT INTO "Question_Text_Topic_Medium" 
(id, question_text_id, question_topic_id, instruction_medium_id, is_verified, created_at, updated_at, translation_status) 
VALUES (90123, 70123, 80123, 50001, true, '2025-06-26 17:30:59+05:30', '2025-06-26 17:30:59+05:30', 'original');
INSERT INTO "Question" (id, question_type_id, board_question, created_at, updated_at) 
VALUES (60124, 3, false, '2025-06-26 17:30:59+05:30', '2025-06-26 17:30:59+05:30');
INSERT INTO "Question_Topic" (id, question_id, topic_id, created_at, updated_at) 
VALUES (80124, 60124, 50003, '2025-06-26 17:30:59+05:30', '2025-06-26 17:30:59+05:30');
INSERT INTO "Question_Text" (id, question_id, question_text, created_at, updated_at) 
VALUES (70124, 60124, 'Question about composite functions - Type: Complete the Correlation', '2025-06-26 17:30:59+05:30', '2025-06-26 17:30:59+05:30');
INSERT INTO "Question_Text_Topic_Medium" 
(id, question_text_id, question_topic_id, instruction_medium_id, is_verified, created_at, updated_at, translation_status) 
VALUES (90124, 70124, 80124, 50001, true, '2025-06-26 17:30:59+05:30', '2025-06-26 17:30:59+05:30', 'original');
INSERT INTO "Question" (id, question_type_id, board_question, created_at, updated_at) 
VALUES (60125, 3, false, '2025-06-26 17:30:59+05:30', '2025-06-26 17:30:59+05:30');
INSERT INTO "Question_Topic" (id, question_id, topic_id, created_at, updated_at) 
VALUES (80125, 60125, 50003, '2025-06-26 17:30:59+05:30', '2025-06-26 17:30:59+05:30');
INSERT INTO "Question_Text" (id, question_id, question_text, created_at, updated_at) 
VALUES (70125, 60125, 'Question about composite functions - Type: Complete the Correlation', '2025-06-26 17:30:59+05:30', '2025-06-26 17:30:59+05:30');
INSERT INTO "Question_Text_Topic_Medium" 
(id, question_text_id, question_topic_id, instruction_medium_id, is_verified, created_at, updated_at, translation_status) 
VALUES (90125, 70125, 80125, 50001, true, '2025-06-26 17:30:59+05:30', '2025-06-26 17:30:59+05:30', 'original');
INSERT INTO "Question" (id, question_type_id, board_question, created_at, updated_at) 
VALUES (60126, 4, false, '2025-06-26 17:30:59+05:30', '2025-06-26 17:30:59+05:30');
INSERT INTO "Question_Topic" (id, question_id, topic_id, created_at, updated_at) 
VALUES (80126, 60126, 50003, '2025-06-26 17:30:59+05:30', '2025-06-26 17:30:59+05:30');
INSERT INTO "Question_Text" (id, question_id, question_text, created_at, updated_at) 
VALUES (70126, 60126, 'Statement about composite functions is always true. (True/False)', '2025-06-26 17:30:59+05:30', '2025-06-26 17:30:59+05:30');
INSERT INTO "Question_Text_Topic_Medium" 
(id, question_text_id, question_topic_id, instruction_medium_id, is_verified, created_at, updated_at, translation_status) 
VALUES (90126, 70126, 80126, 50001, true, '2025-06-26 17:30:59+05:30', '2025-06-26 17:30:59+05:30', 'original');
INSERT INTO "Question" (id, question_type_id, board_question, created_at, updated_at) 
VALUES (60127, 4, false, '2025-06-26 17:30:59+05:30', '2025-06-26 17:30:59+05:30');
INSERT INTO "Question_Topic" (id, question_id, topic_id, created_at, updated_at) 
VALUES (80127, 60127, 50003, '2025-06-26 17:30:59+05:30', '2025-06-26 17:30:59+05:30');
INSERT INTO "Question_Text" (id, question_id, question_text, created_at, updated_at) 
VALUES (70127, 60127, 'Statement about composite functions is always true. (True/False)', '2025-06-26 17:30:59+05:30', '2025-06-26 17:30:59+05:30');
INSERT INTO "Question_Text_Topic_Medium" 
(id, question_text_id, question_topic_id, instruction_medium_id, is_verified, created_at, updated_at, translation_status) 
VALUES (90127, 70127, 80127, 50001, true, '2025-06-26 17:30:59+05:30', '2025-06-26 17:30:59+05:30', 'original');
INSERT INTO "Question" (id, question_type_id, board_question, created_at, updated_at) 
VALUES (60128, 4, false, '2025-06-26 17:30:59+05:30', '2025-06-26 17:30:59+05:30');
INSERT INTO "Question_Topic" (id, question_id, topic_id, created_at, updated_at) 
VALUES (80128, 60128, 50003, '2025-06-26 17:30:59+05:30', '2025-06-26 17:30:59+05:30');
INSERT INTO "Question_Text" (id, question_id, question_text, created_at, updated_at) 
VALUES (70128, 60128, 'Statement about composite functions is always true. (True/False)', '2025-06-26 17:30:59+05:30', '2025-06-26 17:30:59+05:30');
INSERT INTO "Question_Text_Topic_Medium" 
(id, question_text_id, question_topic_id, instruction_medium_id, is_verified, created_at, updated_at, translation_status) 
VALUES (90128, 70128, 80128, 50001, true, '2025-06-26 17:30:59+05:30', '2025-06-26 17:30:59+05:30', 'original');
INSERT INTO "Question" (id, question_type_id, board_question, created_at, updated_at) 
VALUES (60129, 4, false, '2025-06-26 17:30:59+05:30', '2025-06-26 17:30:59+05:30');
INSERT INTO "Question_Topic" (id, question_id, topic_id, created_at, updated_at) 
VALUES (80129, 60129, 50003, '2025-06-26 17:30:59+05:30', '2025-06-26 17:30:59+05:30');
INSERT INTO "Question_Text" (id, question_id, question_text, created_at, updated_at) 
VALUES (70129, 60129, 'Statement about composite functions is always true. (True/False)', '2025-06-26 17:30:59+05:30', '2025-06-26 17:30:59+05:30');
INSERT INTO "Question_Text_Topic_Medium" 
(id, question_text_id, question_topic_id, instruction_medium_id, is_verified, created_at, updated_at, translation_status) 
VALUES (90129, 70129, 80129, 50001, true, '2025-06-26 17:30:59+05:30', '2025-06-26 17:30:59+05:30', 'original');
INSERT INTO "Question" (id, question_type_id, board_question, created_at, updated_at) 
VALUES (60130, 4, false, '2025-06-26 17:30:59+05:30', '2025-06-26 17:30:59+05:30');
INSERT INTO "Question_Topic" (id, question_id, topic_id, created_at, updated_at) 
VALUES (80130, 60130, 50003, '2025-06-26 17:30:59+05:30', '2025-06-26 17:30:59+05:30');
INSERT INTO "Question_Text" (id, question_id, question_text, created_at, updated_at) 
VALUES (70130, 60130, 'Statement about composite functions is always true. (True/False)', '2025-06-26 17:30:59+05:30', '2025-06-26 17:30:59+05:30');
INSERT INTO "Question_Text_Topic_Medium" 
(id, question_text_id, question_topic_id, instruction_medium_id, is_verified, created_at, updated_at, translation_status) 
VALUES (90130, 70130, 80130, 50001, true, '2025-06-26 17:30:59+05:30', '2025-06-26 17:30:59+05:30', 'original');
INSERT INTO "Question" (id, question_type_id, board_question, created_at, updated_at) 
VALUES (60131, 5, false, '2025-06-26 17:30:59+05:30', '2025-06-26 17:30:59+05:30');
INSERT INTO "Question_Topic" (id, question_id, topic_id, created_at, updated_at) 
VALUES (80131, 60131, 50003, '2025-06-26 17:30:59+05:30', '2025-06-26 17:30:59+05:30');
INSERT INTO "Question_Text" (id, question_id, question_text, created_at, updated_at) 
VALUES (70131, 60131, 'Match the following concepts related to composite functions:', '2025-06-26 17:30:59+05:30', '2025-06-26 17:30:59+05:30');
INSERT INTO "Question_Text_Topic_Medium" 
(id, question_text_id, question_topic_id, instruction_medium_id, is_verified, created_at, updated_at, translation_status) 
VALUES (90131, 70131, 80131, 50001, true, '2025-06-26 17:30:59+05:30', '2025-06-26 17:30:59+05:30', 'original');
INSERT INTO "Match_Pair" 
(id, question_text_id, left_text, right_text, created_at, updated_at) 
VALUES (110031, 70131, 'Concept A of Composite Functions', 'Definition A of Composite Functions', '2025-06-26 17:30:59+05:30', '2025-06-26 17:30:59+05:30');
INSERT INTO "Match_Pair" 
(id, question_text_id, left_text, right_text, created_at, updated_at) 
VALUES (110032, 70131, 'Concept B of Composite Functions', 'Definition B of Composite Functions', '2025-06-26 17:30:59+05:30', '2025-06-26 17:30:59+05:30');
INSERT INTO "Match_Pair" 
(id, question_text_id, left_text, right_text, created_at, updated_at) 
VALUES (110033, 70131, 'Concept C of Composite Functions', 'Definition C of Composite Functions', '2025-06-26 17:30:59+05:30', '2025-06-26 17:30:59+05:30');
INSERT INTO "Question" (id, question_type_id, board_question, created_at, updated_at) 
VALUES (60132, 5, false, '2025-06-26 17:30:59+05:30', '2025-06-26 17:30:59+05:30');
INSERT INTO "Question_Topic" (id, question_id, topic_id, created_at, updated_at) 
VALUES (80132, 60132, 50003, '2025-06-26 17:30:59+05:30', '2025-06-26 17:30:59+05:30');
INSERT INTO "Question_Text" (id, question_id, question_text, created_at, updated_at) 
VALUES (70132, 60132, 'Match the following concepts related to composite functions:', '2025-06-26 17:30:59+05:30', '2025-06-26 17:30:59+05:30');
INSERT INTO "Question_Text_Topic_Medium" 
(id, question_text_id, question_topic_id, instruction_medium_id, is_verified, created_at, updated_at, translation_status) 
VALUES (90132, 70132, 80132, 50001, true, '2025-06-26 17:30:59+05:30', '2025-06-26 17:30:59+05:30', 'original');
INSERT INTO "Match_Pair" 
(id, question_text_id, left_text, right_text, created_at, updated_at) 
VALUES (110034, 70132, 'Concept A of Composite Functions', 'Definition A of Composite Functions', '2025-06-26 17:30:59+05:30', '2025-06-26 17:30:59+05:30');
INSERT INTO "Match_Pair" 
(id, question_text_id, left_text, right_text, created_at, updated_at) 
VALUES (110035, 70132, 'Concept B of Composite Functions', 'Definition B of Composite Functions', '2025-06-26 17:30:59+05:30', '2025-06-26 17:30:59+05:30');
INSERT INTO "Match_Pair" 
(id, question_text_id, left_text, right_text, created_at, updated_at) 
VALUES (110036, 70132, 'Concept C of Composite Functions', 'Definition C of Composite Functions', '2025-06-26 17:30:59+05:30', '2025-06-26 17:30:59+05:30');
INSERT INTO "Question" (id, question_type_id, board_question, created_at, updated_at) 
VALUES (60133, 5, false, '2025-06-26 17:30:59+05:30', '2025-06-26 17:30:59+05:30');
INSERT INTO "Question_Topic" (id, question_id, topic_id, created_at, updated_at) 
VALUES (80133, 60133, 50003, '2025-06-26 17:30:59+05:30', '2025-06-26 17:30:59+05:30');
INSERT INTO "Question_Text" (id, question_id, question_text, created_at, updated_at) 
VALUES (70133, 60133, 'Match the following concepts related to composite functions:', '2025-06-26 17:30:59+05:30', '2025-06-26 17:30:59+05:30');
INSERT INTO "Question_Text_Topic_Medium" 
(id, question_text_id, question_topic_id, instruction_medium_id, is_verified, created_at, updated_at, translation_status) 
VALUES (90133, 70133, 80133, 50001, true, '2025-06-26 17:30:59+05:30', '2025-06-26 17:30:59+05:30', 'original');
INSERT INTO "Match_Pair" 
(id, question_text_id, left_text, right_text, created_at, updated_at) 
VALUES (110037, 70133, 'Concept A of Composite Functions', 'Definition A of Composite Functions', '2025-06-26 17:30:59+05:30', '2025-06-26 17:30:59+05:30');
INSERT INTO "Match_Pair" 
(id, question_text_id, left_text, right_text, created_at, updated_at) 
VALUES (110038, 70133, 'Concept B of Composite Functions', 'Definition B of Composite Functions', '2025-06-26 17:30:59+05:30', '2025-06-26 17:30:59+05:30');
INSERT INTO "Match_Pair" 
(id, question_text_id, left_text, right_text, created_at, updated_at) 
VALUES (110039, 70133, 'Concept C of Composite Functions', 'Definition C of Composite Functions', '2025-06-26 17:30:59+05:30', '2025-06-26 17:30:59+05:30');
INSERT INTO "Question" (id, question_type_id, board_question, created_at, updated_at) 
VALUES (60134, 5, false, '2025-06-26 17:30:59+05:30', '2025-06-26 17:30:59+05:30');
INSERT INTO "Question_Topic" (id, question_id, topic_id, created_at, updated_at) 
VALUES (80134, 60134, 50003, '2025-06-26 17:30:59+05:30', '2025-06-26 17:30:59+05:30');
INSERT INTO "Question_Text" (id, question_id, question_text, created_at, updated_at) 
VALUES (70134, 60134, 'Match the following concepts related to composite functions:', '2025-06-26 17:30:59+05:30', '2025-06-26 17:30:59+05:30');
INSERT INTO "Question_Text_Topic_Medium" 
(id, question_text_id, question_topic_id, instruction_medium_id, is_verified, created_at, updated_at, translation_status) 
VALUES (90134, 70134, 80134, 50001, true, '2025-06-26 17:30:59+05:30', '2025-06-26 17:30:59+05:30', 'original');
INSERT INTO "Match_Pair" 
(id, question_text_id, left_text, right_text, created_at, updated_at) 
VALUES (110040, 70134, 'Concept A of Composite Functions', 'Definition A of Composite Functions', '2025-06-26 17:30:59+05:30', '2025-06-26 17:30:59+05:30');
INSERT INTO "Match_Pair" 
(id, question_text_id, left_text, right_text, created_at, updated_at) 
VALUES (110041, 70134, 'Concept B of Composite Functions', 'Definition B of Composite Functions', '2025-06-26 17:30:59+05:30', '2025-06-26 17:30:59+05:30');
INSERT INTO "Match_Pair" 
(id, question_text_id, left_text, right_text, created_at, updated_at) 
VALUES (110042, 70134, 'Concept C of Composite Functions', 'Definition C of Composite Functions', '2025-06-26 17:30:59+05:30', '2025-06-26 17:30:59+05:30');
INSERT INTO "Question" (id, question_type_id, board_question, created_at, updated_at) 
VALUES (60135, 5, false, '2025-06-26 17:30:59+05:30', '2025-06-26 17:30:59+05:30');
INSERT INTO "Question_Topic" (id, question_id, topic_id, created_at, updated_at) 
VALUES (80135, 60135, 50003, '2025-06-26 17:30:59+05:30', '2025-06-26 17:30:59+05:30');
INSERT INTO "Question_Text" (id, question_id, question_text, created_at, updated_at) 
VALUES (70135, 60135, 'Match the following concepts related to composite functions:', '2025-06-26 17:30:59+05:30', '2025-06-26 17:30:59+05:30');
INSERT INTO "Question_Text_Topic_Medium" 
(id, question_text_id, question_topic_id, instruction_medium_id, is_verified, created_at, updated_at, translation_status) 
VALUES (90135, 70135, 80135, 50001, true, '2025-06-26 17:30:59+05:30', '2025-06-26 17:30:59+05:30', 'original');
INSERT INTO "Match_Pair" 
(id, question_text_id, left_text, right_text, created_at, updated_at) 
VALUES (110043, 70135, 'Concept A of Composite Functions', 'Definition A of Composite Functions', '2025-06-26 17:30:59+05:30', '2025-06-26 17:30:59+05:30');
INSERT INTO "Match_Pair" 
(id, question_text_id, left_text, right_text, created_at, updated_at) 
VALUES (110044, 70135, 'Concept B of Composite Functions', 'Definition B of Composite Functions', '2025-06-26 17:30:59+05:30', '2025-06-26 17:30:59+05:30');
INSERT INTO "Match_Pair" 
(id, question_text_id, left_text, right_text, created_at, updated_at) 
VALUES (110045, 70135, 'Concept C of Composite Functions', 'Definition C of Composite Functions', '2025-06-26 17:30:59+05:30', '2025-06-26 17:30:59+05:30');
INSERT INTO "Question" (id, question_type_id, board_question, created_at, updated_at) 
VALUES (60136, 6, false, '2025-06-26 17:30:59+05:30', '2025-06-26 17:30:59+05:30');
INSERT INTO "Question_Topic" (id, question_id, topic_id, created_at, updated_at) 
VALUES (80136, 60136, 50003, '2025-06-26 17:30:59+05:30', '2025-06-26 17:30:59+05:30');
INSERT INTO "Question_Text" (id, question_id, question_text, created_at, updated_at) 
VALUES (70136, 60136, 'In composite functions, the main concept is _______.', '2025-06-26 17:30:59+05:30', '2025-06-26 17:30:59+05:30');
INSERT INTO "Question_Text_Topic_Medium" 
(id, question_text_id, question_topic_id, instruction_medium_id, is_verified, created_at, updated_at, translation_status) 
VALUES (90136, 70136, 80136, 50001, true, '2025-06-26 17:30:59+05:30', '2025-06-26 17:30:59+05:30', 'original');
INSERT INTO "Question" (id, question_type_id, board_question, created_at, updated_at) 
VALUES (60137, 6, false, '2025-06-26 17:30:59+05:30', '2025-06-26 17:30:59+05:30');
INSERT INTO "Question_Topic" (id, question_id, topic_id, created_at, updated_at) 
VALUES (80137, 60137, 50003, '2025-06-26 17:30:59+05:30', '2025-06-26 17:30:59+05:30');
INSERT INTO "Question_Text" (id, question_id, question_text, created_at, updated_at) 
VALUES (70137, 60137, 'In composite functions, the main concept is _______.', '2025-06-26 17:30:59+05:30', '2025-06-26 17:30:59+05:30');
INSERT INTO "Question_Text_Topic_Medium" 
(id, question_text_id, question_topic_id, instruction_medium_id, is_verified, created_at, updated_at, translation_status) 
VALUES (90137, 70137, 80137, 50001, true, '2025-06-26 17:30:59+05:30', '2025-06-26 17:30:59+05:30', 'original');
INSERT INTO "Question" (id, question_type_id, board_question, created_at, updated_at) 
VALUES (60138, 6, false, '2025-06-26 17:30:59+05:30', '2025-06-26 17:30:59+05:30');
INSERT INTO "Question_Topic" (id, question_id, topic_id, created_at, updated_at) 
VALUES (80138, 60138, 50003, '2025-06-26 17:30:59+05:30', '2025-06-26 17:30:59+05:30');
INSERT INTO "Question_Text" (id, question_id, question_text, created_at, updated_at) 
VALUES (70138, 60138, 'In composite functions, the main concept is _______.', '2025-06-26 17:30:59+05:30', '2025-06-26 17:30:59+05:30');
INSERT INTO "Question_Text_Topic_Medium" 
(id, question_text_id, question_topic_id, instruction_medium_id, is_verified, created_at, updated_at, translation_status) 
VALUES (90138, 70138, 80138, 50001, true, '2025-06-26 17:30:59+05:30', '2025-06-26 17:30:59+05:30', 'original');
INSERT INTO "Question" (id, question_type_id, board_question, created_at, updated_at) 
VALUES (60139, 6, false, '2025-06-26 17:30:59+05:30', '2025-06-26 17:30:59+05:30');
INSERT INTO "Question_Topic" (id, question_id, topic_id, created_at, updated_at) 
VALUES (80139, 60139, 50003, '2025-06-26 17:30:59+05:30', '2025-06-26 17:30:59+05:30');
INSERT INTO "Question_Text" (id, question_id, question_text, created_at, updated_at) 
VALUES (70139, 60139, 'In composite functions, the main concept is _______.', '2025-06-26 17:30:59+05:30', '2025-06-26 17:30:59+05:30');
INSERT INTO "Question_Text_Topic_Medium" 
(id, question_text_id, question_topic_id, instruction_medium_id, is_verified, created_at, updated_at, translation_status) 
VALUES (90139, 70139, 80139, 50001, true, '2025-06-26 17:30:59+05:30', '2025-06-26 17:30:59+05:30', 'original');
INSERT INTO "Question" (id, question_type_id, board_question, created_at, updated_at) 
VALUES (60140, 6, false, '2025-06-26 17:30:59+05:30', '2025-06-26 17:30:59+05:30');
INSERT INTO "Question_Topic" (id, question_id, topic_id, created_at, updated_at) 
VALUES (80140, 60140, 50003, '2025-06-26 17:30:59+05:30', '2025-06-26 17:30:59+05:30');
INSERT INTO "Question_Text" (id, question_id, question_text, created_at, updated_at) 
VALUES (70140, 60140, 'In composite functions, the main concept is _______.', '2025-06-26 17:30:59+05:30', '2025-06-26 17:30:59+05:30');
INSERT INTO "Question_Text_Topic_Medium" 
(id, question_text_id, question_topic_id, instruction_medium_id, is_verified, created_at, updated_at, translation_status) 
VALUES (90140, 70140, 80140, 50001, true, '2025-06-26 17:30:59+05:30', '2025-06-26 17:30:59+05:30', 'original');
INSERT INTO "Question" (id, question_type_id, board_question, created_at, updated_at) 
VALUES (60141, 7, false, '2025-06-26 17:30:59+05:30', '2025-06-26 17:30:59+05:30');
INSERT INTO "Question_Topic" (id, question_id, topic_id, created_at, updated_at) 
VALUES (80141, 60141, 50003, '2025-06-26 17:30:59+05:30', '2025-06-26 17:30:59+05:30');
INSERT INTO "Question_Text" (id, question_id, question_text, created_at, updated_at) 
VALUES (70141, 60141, 'What is the key term in composite functions?', '2025-06-26 17:30:59+05:30', '2025-06-26 17:30:59+05:30');
INSERT INTO "Question_Text_Topic_Medium" 
(id, question_text_id, question_topic_id, instruction_medium_id, is_verified, created_at, updated_at, translation_status) 
VALUES (90141, 70141, 80141, 50001, true, '2025-06-26 17:30:59+05:30', '2025-06-26 17:30:59+05:30', 'original');
INSERT INTO "Question" (id, question_type_id, board_question, created_at, updated_at) 
VALUES (60142, 7, false, '2025-06-26 17:30:59+05:30', '2025-06-26 17:30:59+05:30');
INSERT INTO "Question_Topic" (id, question_id, topic_id, created_at, updated_at) 
VALUES (80142, 60142, 50003, '2025-06-26 17:30:59+05:30', '2025-06-26 17:30:59+05:30');
INSERT INTO "Question_Text" (id, question_id, question_text, created_at, updated_at) 
VALUES (70142, 60142, 'What is the key term in composite functions?', '2025-06-26 17:30:59+05:30', '2025-06-26 17:30:59+05:30');
INSERT INTO "Question_Text_Topic_Medium" 
(id, question_text_id, question_topic_id, instruction_medium_id, is_verified, created_at, updated_at, translation_status) 
VALUES (90142, 70142, 80142, 50001, true, '2025-06-26 17:30:59+05:30', '2025-06-26 17:30:59+05:30', 'original');
INSERT INTO "Question" (id, question_type_id, board_question, created_at, updated_at) 
VALUES (60143, 7, false, '2025-06-26 17:30:59+05:30', '2025-06-26 17:30:59+05:30');
INSERT INTO "Question_Topic" (id, question_id, topic_id, created_at, updated_at) 
VALUES (80143, 60143, 50003, '2025-06-26 17:30:59+05:30', '2025-06-26 17:30:59+05:30');
INSERT INTO "Question_Text" (id, question_id, question_text, created_at, updated_at) 
VALUES (70143, 60143, 'What is the key term in composite functions?', '2025-06-26 17:30:59+05:30', '2025-06-26 17:30:59+05:30');
INSERT INTO "Question_Text_Topic_Medium" 
(id, question_text_id, question_topic_id, instruction_medium_id, is_verified, created_at, updated_at, translation_status) 
VALUES (90143, 70143, 80143, 50001, true, '2025-06-26 17:30:59+05:30', '2025-06-26 17:30:59+05:30', 'original');
INSERT INTO "Question" (id, question_type_id, board_question, created_at, updated_at) 
VALUES (60144, 7, false, '2025-06-26 17:30:59+05:30', '2025-06-26 17:30:59+05:30');
INSERT INTO "Question_Topic" (id, question_id, topic_id, created_at, updated_at) 
VALUES (80144, 60144, 50003, '2025-06-26 17:30:59+05:30', '2025-06-26 17:30:59+05:30');
INSERT INTO "Question_Text" (id, question_id, question_text, created_at, updated_at) 
VALUES (70144, 60144, 'What is the key term in composite functions?', '2025-06-26 17:30:59+05:30', '2025-06-26 17:30:59+05:30');
INSERT INTO "Question_Text_Topic_Medium" 
(id, question_text_id, question_topic_id, instruction_medium_id, is_verified, created_at, updated_at, translation_status) 
VALUES (90144, 70144, 80144, 50001, true, '2025-06-26 17:30:59+05:30', '2025-06-26 17:30:59+05:30', 'original');
INSERT INTO "Question" (id, question_type_id, board_question, created_at, updated_at) 
VALUES (60145, 7, false, '2025-06-26 17:30:59+05:30', '2025-06-26 17:30:59+05:30');
INSERT INTO "Question_Topic" (id, question_id, topic_id, created_at, updated_at) 
VALUES (80145, 60145, 50003, '2025-06-26 17:30:59+05:30', '2025-06-26 17:30:59+05:30');
INSERT INTO "Question_Text" (id, question_id, question_text, created_at, updated_at) 
VALUES (70145, 60145, 'What is the key term in composite functions?', '2025-06-26 17:30:59+05:30', '2025-06-26 17:30:59+05:30');
INSERT INTO "Question_Text_Topic_Medium" 
(id, question_text_id, question_topic_id, instruction_medium_id, is_verified, created_at, updated_at, translation_status) 
VALUES (90145, 70145, 80145, 50001, true, '2025-06-26 17:30:59+05:30', '2025-06-26 17:30:59+05:30', 'original');
INSERT INTO "Question" (id, question_type_id, board_question, created_at, updated_at) 
VALUES (60146, 8, false, '2025-06-26 17:30:59+05:30', '2025-06-26 17:30:59+05:30');
INSERT INTO "Question_Topic" (id, question_id, topic_id, created_at, updated_at) 
VALUES (80146, 60146, 50003, '2025-06-26 17:30:59+05:30', '2025-06-26 17:30:59+05:30');
INSERT INTO "Question_Text" (id, question_id, question_text, created_at, updated_at) 
VALUES (70146, 60146, 'Question about composite functions - Type: Give Scientific Reasons', '2025-06-26 17:30:59+05:30', '2025-06-26 17:30:59+05:30');
INSERT INTO "Question_Text_Topic_Medium" 
(id, question_text_id, question_topic_id, instruction_medium_id, is_verified, created_at, updated_at, translation_status) 
VALUES (90146, 70146, 80146, 50001, true, '2025-06-26 17:30:59+05:30', '2025-06-26 17:30:59+05:30', 'original');
INSERT INTO "Question" (id, question_type_id, board_question, created_at, updated_at) 
VALUES (60147, 8, false, '2025-06-26 17:30:59+05:30', '2025-06-26 17:30:59+05:30');
INSERT INTO "Question_Topic" (id, question_id, topic_id, created_at, updated_at) 
VALUES (80147, 60147, 50003, '2025-06-26 17:30:59+05:30', '2025-06-26 17:30:59+05:30');
INSERT INTO "Question_Text" (id, question_id, question_text, created_at, updated_at) 
VALUES (70147, 60147, 'Question about composite functions - Type: Give Scientific Reasons', '2025-06-26 17:30:59+05:30', '2025-06-26 17:30:59+05:30');
INSERT INTO "Question_Text_Topic_Medium" 
(id, question_text_id, question_topic_id, instruction_medium_id, is_verified, created_at, updated_at, translation_status) 
VALUES (90147, 70147, 80147, 50001, true, '2025-06-26 17:30:59+05:30', '2025-06-26 17:30:59+05:30', 'original');
INSERT INTO "Question" (id, question_type_id, board_question, created_at, updated_at) 
VALUES (60148, 8, false, '2025-06-26 17:30:59+05:30', '2025-06-26 17:30:59+05:30');
INSERT INTO "Question_Topic" (id, question_id, topic_id, created_at, updated_at) 
VALUES (80148, 60148, 50003, '2025-06-26 17:30:59+05:30', '2025-06-26 17:30:59+05:30');
INSERT INTO "Question_Text" (id, question_id, question_text, created_at, updated_at) 
VALUES (70148, 60148, 'Question about composite functions - Type: Give Scientific Reasons', '2025-06-26 17:30:59+05:30', '2025-06-26 17:30:59+05:30');
INSERT INTO "Question_Text_Topic_Medium" 
(id, question_text_id, question_topic_id, instruction_medium_id, is_verified, created_at, updated_at, translation_status) 
VALUES (90148, 70148, 80148, 50001, true, '2025-06-26 17:30:59+05:30', '2025-06-26 17:30:59+05:30', 'original');
INSERT INTO "Question" (id, question_type_id, board_question, created_at, updated_at) 
VALUES (60149, 8, false, '2025-06-26 17:30:59+05:30', '2025-06-26 17:30:59+05:30');
INSERT INTO "Question_Topic" (id, question_id, topic_id, created_at, updated_at) 
VALUES (80149, 60149, 50003, '2025-06-26 17:30:59+05:30', '2025-06-26 17:30:59+05:30');
INSERT INTO "Question_Text" (id, question_id, question_text, created_at, updated_at) 
VALUES (70149, 60149, 'Question about composite functions - Type: Give Scientific Reasons', '2025-06-26 17:30:59+05:30', '2025-06-26 17:30:59+05:30');
INSERT INTO "Question_Text_Topic_Medium" 
(id, question_text_id, question_topic_id, instruction_medium_id, is_verified, created_at, updated_at, translation_status) 
VALUES (90149, 70149, 80149, 50001, true, '2025-06-26 17:30:59+05:30', '2025-06-26 17:30:59+05:30', 'original');
INSERT INTO "Question" (id, question_type_id, board_question, created_at, updated_at) 
VALUES (60150, 8, false, '2025-06-26 17:30:59+05:30', '2025-06-26 17:30:59+05:30');
INSERT INTO "Question_Topic" (id, question_id, topic_id, created_at, updated_at) 
VALUES (80150, 60150, 50003, '2025-06-26 17:30:59+05:30', '2025-06-26 17:30:59+05:30');
INSERT INTO "Question_Text" (id, question_id, question_text, created_at, updated_at) 
VALUES (70150, 60150, 'Question about composite functions - Type: Give Scientific Reasons', '2025-06-26 17:30:59+05:30', '2025-06-26 17:30:59+05:30');
INSERT INTO "Question_Text_Topic_Medium" 
(id, question_text_id, question_topic_id, instruction_medium_id, is_verified, created_at, updated_at, translation_status) 
VALUES (90150, 70150, 80150, 50001, true, '2025-06-26 17:30:59+05:30', '2025-06-26 17:30:59+05:30', 'original');
INSERT INTO "Question" (id, question_type_id, board_question, created_at, updated_at) 
VALUES (60151, 9, false, '2025-06-26 17:30:59+05:30', '2025-06-26 17:30:59+05:30');
INSERT INTO "Question_Topic" (id, question_id, topic_id, created_at, updated_at) 
VALUES (80151, 60151, 50003, '2025-06-26 17:30:59+05:30', '2025-06-26 17:30:59+05:30');
INSERT INTO "Question_Text" (id, question_id, question_text, created_at, updated_at) 
VALUES (70151, 60151, 'Explain the concept of composite functions with an example.', '2025-06-26 17:30:59+05:30', '2025-06-26 17:30:59+05:30');
INSERT INTO "Question_Text_Topic_Medium" 
(id, question_text_id, question_topic_id, instruction_medium_id, is_verified, created_at, updated_at, translation_status) 
VALUES (90151, 70151, 80151, 50001, true, '2025-06-26 17:30:59+05:30', '2025-06-26 17:30:59+05:30', 'original');
INSERT INTO "Question" (id, question_type_id, board_question, created_at, updated_at) 
VALUES (60152, 9, false, '2025-06-26 17:30:59+05:30', '2025-06-26 17:30:59+05:30');
INSERT INTO "Question_Topic" (id, question_id, topic_id, created_at, updated_at) 
VALUES (80152, 60152, 50003, '2025-06-26 17:30:59+05:30', '2025-06-26 17:30:59+05:30');
INSERT INTO "Question_Text" (id, question_id, question_text, created_at, updated_at) 
VALUES (70152, 60152, 'Explain the concept of composite functions with an example.', '2025-06-26 17:30:59+05:30', '2025-06-26 17:30:59+05:30');
INSERT INTO "Question_Text_Topic_Medium" 
(id, question_text_id, question_topic_id, instruction_medium_id, is_verified, created_at, updated_at, translation_status) 
VALUES (90152, 70152, 80152, 50001, true, '2025-06-26 17:30:59+05:30', '2025-06-26 17:30:59+05:30', 'original');
INSERT INTO "Question" (id, question_type_id, board_question, created_at, updated_at) 
VALUES (60153, 9, false, '2025-06-26 17:30:59+05:30', '2025-06-26 17:30:59+05:30');
INSERT INTO "Question_Topic" (id, question_id, topic_id, created_at, updated_at) 
VALUES (80153, 60153, 50003, '2025-06-26 17:30:59+05:30', '2025-06-26 17:30:59+05:30');
INSERT INTO "Question_Text" (id, question_id, question_text, created_at, updated_at) 
VALUES (70153, 60153, 'Explain the concept of composite functions with an example.', '2025-06-26 17:30:59+05:30', '2025-06-26 17:30:59+05:30');
INSERT INTO "Question_Text_Topic_Medium" 
(id, question_text_id, question_topic_id, instruction_medium_id, is_verified, created_at, updated_at, translation_status) 
VALUES (90153, 70153, 80153, 50001, true, '2025-06-26 17:30:59+05:30', '2025-06-26 17:30:59+05:30', 'original');
INSERT INTO "Question" (id, question_type_id, board_question, created_at, updated_at) 
VALUES (60154, 9, false, '2025-06-26 17:30:59+05:30', '2025-06-26 17:30:59+05:30');
INSERT INTO "Question_Topic" (id, question_id, topic_id, created_at, updated_at) 
VALUES (80154, 60154, 50003, '2025-06-26 17:30:59+05:30', '2025-06-26 17:30:59+05:30');
INSERT INTO "Question_Text" (id, question_id, question_text, created_at, updated_at) 
VALUES (70154, 60154, 'Explain the concept of composite functions with an example.', '2025-06-26 17:30:59+05:30', '2025-06-26 17:30:59+05:30');
INSERT INTO "Question_Text_Topic_Medium" 
(id, question_text_id, question_topic_id, instruction_medium_id, is_verified, created_at, updated_at, translation_status) 
VALUES (90154, 70154, 80154, 50001, true, '2025-06-26 17:30:59+05:30', '2025-06-26 17:30:59+05:30', 'original');
INSERT INTO "Question" (id, question_type_id, board_question, created_at, updated_at) 
VALUES (60155, 9, false, '2025-06-26 17:30:59+05:30', '2025-06-26 17:30:59+05:30');
INSERT INTO "Question_Topic" (id, question_id, topic_id, created_at, updated_at) 
VALUES (80155, 60155, 50003, '2025-06-26 17:30:59+05:30', '2025-06-26 17:30:59+05:30');
INSERT INTO "Question_Text" (id, question_id, question_text, created_at, updated_at) 
VALUES (70155, 60155, 'Explain the concept of composite functions with an example.', '2025-06-26 17:30:59+05:30', '2025-06-26 17:30:59+05:30');
INSERT INTO "Question_Text_Topic_Medium" 
(id, question_text_id, question_topic_id, instruction_medium_id, is_verified, created_at, updated_at, translation_status) 
VALUES (90155, 70155, 80155, 50001, true, '2025-06-26 17:30:59+05:30', '2025-06-26 17:30:59+05:30', 'original');
INSERT INTO "Question" (id, question_type_id, board_question, created_at, updated_at) 
VALUES (60156, 10, false, '2025-06-26 17:30:59+05:30', '2025-06-26 17:30:59+05:30');
INSERT INTO "Question_Topic" (id, question_id, topic_id, created_at, updated_at) 
VALUES (80156, 60156, 50003, '2025-06-26 17:30:59+05:30', '2025-06-26 17:30:59+05:30');
INSERT INTO "Question_Text" (id, question_id, question_text, created_at, updated_at) 
VALUES (70156, 60156, 'Question about composite functions - Type: Complete and Identify Reaction', '2025-06-26 17:30:59+05:30', '2025-06-26 17:30:59+05:30');
INSERT INTO "Question_Text_Topic_Medium" 
(id, question_text_id, question_topic_id, instruction_medium_id, is_verified, created_at, updated_at, translation_status) 
VALUES (90156, 70156, 80156, 50001, true, '2025-06-26 17:30:59+05:30', '2025-06-26 17:30:59+05:30', 'original');
INSERT INTO "Question" (id, question_type_id, board_question, created_at, updated_at) 
VALUES (60157, 10, false, '2025-06-26 17:30:59+05:30', '2025-06-26 17:30:59+05:30');
INSERT INTO "Question_Topic" (id, question_id, topic_id, created_at, updated_at) 
VALUES (80157, 60157, 50003, '2025-06-26 17:30:59+05:30', '2025-06-26 17:30:59+05:30');
INSERT INTO "Question_Text" (id, question_id, question_text, created_at, updated_at) 
VALUES (70157, 60157, 'Question about composite functions - Type: Complete and Identify Reaction', '2025-06-26 17:30:59+05:30', '2025-06-26 17:30:59+05:30');
INSERT INTO "Question_Text_Topic_Medium" 
(id, question_text_id, question_topic_id, instruction_medium_id, is_verified, created_at, updated_at, translation_status) 
VALUES (90157, 70157, 80157, 50001, true, '2025-06-26 17:30:59+05:30', '2025-06-26 17:30:59+05:30', 'original');
INSERT INTO "Question" (id, question_type_id, board_question, created_at, updated_at) 
VALUES (60158, 10, false, '2025-06-26 17:30:59+05:30', '2025-06-26 17:30:59+05:30');
INSERT INTO "Question_Topic" (id, question_id, topic_id, created_at, updated_at) 
VALUES (80158, 60158, 50003, '2025-06-26 17:30:59+05:30', '2025-06-26 17:30:59+05:30');
INSERT INTO "Question_Text" (id, question_id, question_text, created_at, updated_at) 
VALUES (70158, 60158, 'Question about composite functions - Type: Complete and Identify Reaction', '2025-06-26 17:30:59+05:30', '2025-06-26 17:30:59+05:30');
INSERT INTO "Question_Text_Topic_Medium" 
(id, question_text_id, question_topic_id, instruction_medium_id, is_verified, created_at, updated_at, translation_status) 
VALUES (90158, 70158, 80158, 50001, true, '2025-06-26 17:30:59+05:30', '2025-06-26 17:30:59+05:30', 'original');
INSERT INTO "Question" (id, question_type_id, board_question, created_at, updated_at) 
VALUES (60159, 10, false, '2025-06-26 17:30:59+05:30', '2025-06-26 17:30:59+05:30');
INSERT INTO "Question_Topic" (id, question_id, topic_id, created_at, updated_at) 
VALUES (80159, 60159, 50003, '2025-06-26 17:30:59+05:30', '2025-06-26 17:30:59+05:30');
INSERT INTO "Question_Text" (id, question_id, question_text, created_at, updated_at) 
VALUES (70159, 60159, 'Question about composite functions - Type: Complete and Identify Reaction', '2025-06-26 17:30:59+05:30', '2025-06-26 17:30:59+05:30');
INSERT INTO "Question_Text_Topic_Medium" 
(id, question_text_id, question_topic_id, instruction_medium_id, is_verified, created_at, updated_at, translation_status) 
VALUES (90159, 70159, 80159, 50001, true, '2025-06-26 17:30:59+05:30', '2025-06-26 17:30:59+05:30', 'original');
INSERT INTO "Question" (id, question_type_id, board_question, created_at, updated_at) 
VALUES (60160, 10, false, '2025-06-26 17:30:59+05:30', '2025-06-26 17:30:59+05:30');
INSERT INTO "Question_Topic" (id, question_id, topic_id, created_at, updated_at) 
VALUES (80160, 60160, 50003, '2025-06-26 17:30:59+05:30', '2025-06-26 17:30:59+05:30');
INSERT INTO "Question_Text" (id, question_id, question_text, created_at, updated_at) 
VALUES (70160, 60160, 'Question about composite functions - Type: Complete and Identify Reaction', '2025-06-26 17:30:59+05:30', '2025-06-26 17:30:59+05:30');
INSERT INTO "Question_Text_Topic_Medium" 
(id, question_text_id, question_topic_id, instruction_medium_id, is_verified, created_at, updated_at, translation_status) 
VALUES (90160, 70160, 80160, 50001, true, '2025-06-26 17:30:59+05:30', '2025-06-26 17:30:59+05:30', 'original');
INSERT INTO "Question" (id, question_type_id, board_question, created_at, updated_at) 
VALUES (60161, 11, false, '2025-06-26 17:30:59+05:30', '2025-06-26 17:30:59+05:30');
INSERT INTO "Question_Topic" (id, question_id, topic_id, created_at, updated_at) 
VALUES (80161, 60161, 50003, '2025-06-26 17:30:59+05:30', '2025-06-26 17:30:59+05:30');
INSERT INTO "Question_Text" (id, question_id, question_text, created_at, updated_at) 
VALUES (70161, 60161, 'Question about composite functions - Type: Short Note', '2025-06-26 17:30:59+05:30', '2025-06-26 17:30:59+05:30');
INSERT INTO "Question_Text_Topic_Medium" 
(id, question_text_id, question_topic_id, instruction_medium_id, is_verified, created_at, updated_at, translation_status) 
VALUES (90161, 70161, 80161, 50001, true, '2025-06-26 17:30:59+05:30', '2025-06-26 17:30:59+05:30', 'original');
INSERT INTO "Question" (id, question_type_id, board_question, created_at, updated_at) 
VALUES (60162, 11, false, '2025-06-26 17:30:59+05:30', '2025-06-26 17:30:59+05:30');
INSERT INTO "Question_Topic" (id, question_id, topic_id, created_at, updated_at) 
VALUES (80162, 60162, 50003, '2025-06-26 17:30:59+05:30', '2025-06-26 17:30:59+05:30');
INSERT INTO "Question_Text" (id, question_id, question_text, created_at, updated_at) 
VALUES (70162, 60162, 'Question about composite functions - Type: Short Note', '2025-06-26 17:30:59+05:30', '2025-06-26 17:30:59+05:30');
INSERT INTO "Question_Text_Topic_Medium" 
(id, question_text_id, question_topic_id, instruction_medium_id, is_verified, created_at, updated_at, translation_status) 
VALUES (90162, 70162, 80162, 50001, true, '2025-06-26 17:30:59+05:30', '2025-06-26 17:30:59+05:30', 'original');
INSERT INTO "Question" (id, question_type_id, board_question, created_at, updated_at) 
VALUES (60163, 11, false, '2025-06-26 17:30:59+05:30', '2025-06-26 17:30:59+05:30');
INSERT INTO "Question_Topic" (id, question_id, topic_id, created_at, updated_at) 
VALUES (80163, 60163, 50003, '2025-06-26 17:30:59+05:30', '2025-06-26 17:30:59+05:30');
INSERT INTO "Question_Text" (id, question_id, question_text, created_at, updated_at) 
VALUES (70163, 60163, 'Question about composite functions - Type: Short Note', '2025-06-26 17:30:59+05:30', '2025-06-26 17:30:59+05:30');
INSERT INTO "Question_Text_Topic_Medium" 
(id, question_text_id, question_topic_id, instruction_medium_id, is_verified, created_at, updated_at, translation_status) 
VALUES (90163, 70163, 80163, 50001, true, '2025-06-26 17:30:59+05:30', '2025-06-26 17:30:59+05:30', 'original');
INSERT INTO "Question" (id, question_type_id, board_question, created_at, updated_at) 
VALUES (60164, 11, false, '2025-06-26 17:30:59+05:30', '2025-06-26 17:30:59+05:30');
INSERT INTO "Question_Topic" (id, question_id, topic_id, created_at, updated_at) 
VALUES (80164, 60164, 50003, '2025-06-26 17:30:59+05:30', '2025-06-26 17:30:59+05:30');
INSERT INTO "Question_Text" (id, question_id, question_text, created_at, updated_at) 
VALUES (70164, 60164, 'Question about composite functions - Type: Short Note', '2025-06-26 17:30:59+05:30', '2025-06-26 17:30:59+05:30');
INSERT INTO "Question_Text_Topic_Medium" 
(id, question_text_id, question_topic_id, instruction_medium_id, is_verified, created_at, updated_at, translation_status) 
VALUES (90164, 70164, 80164, 50001, true, '2025-06-26 17:30:59+05:30', '2025-06-26 17:30:59+05:30', 'original');
INSERT INTO "Question" (id, question_type_id, board_question, created_at, updated_at) 
VALUES (60165, 11, false, '2025-06-26 17:30:59+05:30', '2025-06-26 17:30:59+05:30');
INSERT INTO "Question_Topic" (id, question_id, topic_id, created_at, updated_at) 
VALUES (80165, 60165, 50003, '2025-06-26 17:30:59+05:30', '2025-06-26 17:30:59+05:30');
INSERT INTO "Question_Text" (id, question_id, question_text, created_at, updated_at) 
VALUES (70165, 60165, 'Question about composite functions - Type: Short Note', '2025-06-26 17:30:59+05:30', '2025-06-26 17:30:59+05:30');
INSERT INTO "Question_Text_Topic_Medium" 
(id, question_text_id, question_topic_id, instruction_medium_id, is_verified, created_at, updated_at, translation_status) 
VALUES (90165, 70165, 80165, 50001, true, '2025-06-26 17:30:59+05:30', '2025-06-26 17:30:59+05:30', 'original');
INSERT INTO "Question" (id, question_type_id, board_question, created_at, updated_at) 
VALUES (60166, 1, false, '2025-06-26 17:30:59+05:30', '2025-06-26 17:30:59+05:30');
INSERT INTO "Question_Topic" (id, question_id, topic_id, created_at, updated_at) 
VALUES (80166, 60166, 50004, '2025-06-26 17:30:59+05:30', '2025-06-26 17:30:59+05:30');
INSERT INTO "Question_Text" (id, question_id, question_text, created_at, updated_at) 
VALUES (70166, 60166, 'Which of the following is true about basic concepts of inverse trigonometric functions?', '2025-06-26 17:30:59+05:30', '2025-06-26 17:30:59+05:30');
INSERT INTO "Question_Text_Topic_Medium" 
(id, question_text_id, question_topic_id, instruction_medium_id, is_verified, created_at, updated_at, translation_status) 
VALUES (90166, 70166, 80166, 50001, true, '2025-06-26 17:30:59+05:30', '2025-06-26 17:30:59+05:30', 'original');
INSERT INTO "Mcq_Option" 
(id, question_text_id, option_text, is_correct, created_at, updated_at) 
VALUES (100061, 70166, 'Correct answer for Basic Concepts of Inverse Trigonometric Functions', true, '2025-06-26 17:30:59+05:30', '2025-06-26 17:30:59+05:30');
INSERT INTO "Mcq_Option" 
(id, question_text_id, option_text, is_correct, created_at, updated_at) 
VALUES (100062, 70166, 'Incorrect option A for Basic Concepts of Inverse Trigonometric Functions', false, '2025-06-26 17:30:59+05:30', '2025-06-26 17:30:59+05:30');
INSERT INTO "Mcq_Option" 
(id, question_text_id, option_text, is_correct, created_at, updated_at) 
VALUES (100063, 70166, 'Incorrect option B for Basic Concepts of Inverse Trigonometric Functions', false, '2025-06-26 17:30:59+05:30', '2025-06-26 17:30:59+05:30');
INSERT INTO "Mcq_Option" 
(id, question_text_id, option_text, is_correct, created_at, updated_at) 
VALUES (100064, 70166, 'Incorrect option C for Basic Concepts of Inverse Trigonometric Functions', false, '2025-06-26 17:30:59+05:30', '2025-06-26 17:30:59+05:30');
INSERT INTO "Question" (id, question_type_id, board_question, created_at, updated_at) 
VALUES (60167, 1, false, '2025-06-26 17:30:59+05:30', '2025-06-26 17:30:59+05:30');
INSERT INTO "Question_Topic" (id, question_id, topic_id, created_at, updated_at) 
VALUES (80167, 60167, 50004, '2025-06-26 17:30:59+05:30', '2025-06-26 17:30:59+05:30');
INSERT INTO "Question_Text" (id, question_id, question_text, created_at, updated_at) 
VALUES (70167, 60167, 'Which of the following is true about basic concepts of inverse trigonometric functions?', '2025-06-26 17:30:59+05:30', '2025-06-26 17:30:59+05:30');
INSERT INTO "Question_Text_Topic_Medium" 
(id, question_text_id, question_topic_id, instruction_medium_id, is_verified, created_at, updated_at, translation_status) 
VALUES (90167, 70167, 80167, 50001, true, '2025-06-26 17:30:59+05:30', '2025-06-26 17:30:59+05:30', 'original');
INSERT INTO "Mcq_Option" 
(id, question_text_id, option_text, is_correct, created_at, updated_at) 
VALUES (100065, 70167, 'Correct answer for Basic Concepts of Inverse Trigonometric Functions', true, '2025-06-26 17:30:59+05:30', '2025-06-26 17:30:59+05:30');
INSERT INTO "Mcq_Option" 
(id, question_text_id, option_text, is_correct, created_at, updated_at) 
VALUES (100066, 70167, 'Incorrect option A for Basic Concepts of Inverse Trigonometric Functions', false, '2025-06-26 17:30:59+05:30', '2025-06-26 17:30:59+05:30');
INSERT INTO "Mcq_Option" 
(id, question_text_id, option_text, is_correct, created_at, updated_at) 
VALUES (100067, 70167, 'Incorrect option B for Basic Concepts of Inverse Trigonometric Functions', false, '2025-06-26 17:30:59+05:30', '2025-06-26 17:30:59+05:30');
INSERT INTO "Mcq_Option" 
(id, question_text_id, option_text, is_correct, created_at, updated_at) 
VALUES (100068, 70167, 'Incorrect option C for Basic Concepts of Inverse Trigonometric Functions', false, '2025-06-26 17:30:59+05:30', '2025-06-26 17:30:59+05:30');
INSERT INTO "Question" (id, question_type_id, board_question, created_at, updated_at) 
VALUES (60168, 1, false, '2025-06-26 17:30:59+05:30', '2025-06-26 17:30:59+05:30');
INSERT INTO "Question_Topic" (id, question_id, topic_id, created_at, updated_at) 
VALUES (80168, 60168, 50004, '2025-06-26 17:30:59+05:30', '2025-06-26 17:30:59+05:30');
INSERT INTO "Question_Text" (id, question_id, question_text, created_at, updated_at) 
VALUES (70168, 60168, 'Which of the following is true about basic concepts of inverse trigonometric functions?', '2025-06-26 17:30:59+05:30', '2025-06-26 17:30:59+05:30');
INSERT INTO "Question_Text_Topic_Medium" 
(id, question_text_id, question_topic_id, instruction_medium_id, is_verified, created_at, updated_at, translation_status) 
VALUES (90168, 70168, 80168, 50001, true, '2025-06-26 17:30:59+05:30', '2025-06-26 17:30:59+05:30', 'original');
INSERT INTO "Mcq_Option" 
(id, question_text_id, option_text, is_correct, created_at, updated_at) 
VALUES (100069, 70168, 'Correct answer for Basic Concepts of Inverse Trigonometric Functions', true, '2025-06-26 17:30:59+05:30', '2025-06-26 17:30:59+05:30');
INSERT INTO "Mcq_Option" 
(id, question_text_id, option_text, is_correct, created_at, updated_at) 
VALUES (100070, 70168, 'Incorrect option A for Basic Concepts of Inverse Trigonometric Functions', false, '2025-06-26 17:30:59+05:30', '2025-06-26 17:30:59+05:30');
INSERT INTO "Mcq_Option" 
(id, question_text_id, option_text, is_correct, created_at, updated_at) 
VALUES (100071, 70168, 'Incorrect option B for Basic Concepts of Inverse Trigonometric Functions', false, '2025-06-26 17:30:59+05:30', '2025-06-26 17:30:59+05:30');
INSERT INTO "Mcq_Option" 
(id, question_text_id, option_text, is_correct, created_at, updated_at) 
VALUES (100072, 70168, 'Incorrect option C for Basic Concepts of Inverse Trigonometric Functions', false, '2025-06-26 17:30:59+05:30', '2025-06-26 17:30:59+05:30');
INSERT INTO "Question" (id, question_type_id, board_question, created_at, updated_at) 
VALUES (60169, 1, false, '2025-06-26 17:30:59+05:30', '2025-06-26 17:30:59+05:30');
INSERT INTO "Question_Topic" (id, question_id, topic_id, created_at, updated_at) 
VALUES (80169, 60169, 50004, '2025-06-26 17:30:59+05:30', '2025-06-26 17:30:59+05:30');
INSERT INTO "Question_Text" (id, question_id, question_text, created_at, updated_at) 
VALUES (70169, 60169, 'Which of the following is true about basic concepts of inverse trigonometric functions?', '2025-06-26 17:30:59+05:30', '2025-06-26 17:30:59+05:30');
INSERT INTO "Question_Text_Topic_Medium" 
(id, question_text_id, question_topic_id, instruction_medium_id, is_verified, created_at, updated_at, translation_status) 
VALUES (90169, 70169, 80169, 50001, true, '2025-06-26 17:30:59+05:30', '2025-06-26 17:30:59+05:30', 'original');
INSERT INTO "Mcq_Option" 
(id, question_text_id, option_text, is_correct, created_at, updated_at) 
VALUES (100073, 70169, 'Correct answer for Basic Concepts of Inverse Trigonometric Functions', true, '2025-06-26 17:30:59+05:30', '2025-06-26 17:30:59+05:30');
INSERT INTO "Mcq_Option" 
(id, question_text_id, option_text, is_correct, created_at, updated_at) 
VALUES (100074, 70169, 'Incorrect option A for Basic Concepts of Inverse Trigonometric Functions', false, '2025-06-26 17:30:59+05:30', '2025-06-26 17:30:59+05:30');
INSERT INTO "Mcq_Option" 
(id, question_text_id, option_text, is_correct, created_at, updated_at) 
VALUES (100075, 70169, 'Incorrect option B for Basic Concepts of Inverse Trigonometric Functions', false, '2025-06-26 17:30:59+05:30', '2025-06-26 17:30:59+05:30');
INSERT INTO "Mcq_Option" 
(id, question_text_id, option_text, is_correct, created_at, updated_at) 
VALUES (100076, 70169, 'Incorrect option C for Basic Concepts of Inverse Trigonometric Functions', false, '2025-06-26 17:30:59+05:30', '2025-06-26 17:30:59+05:30');
INSERT INTO "Question" (id, question_type_id, board_question, created_at, updated_at) 
VALUES (60170, 1, false, '2025-06-26 17:30:59+05:30', '2025-06-26 17:30:59+05:30');
INSERT INTO "Question_Topic" (id, question_id, topic_id, created_at, updated_at) 
VALUES (80170, 60170, 50004, '2025-06-26 17:30:59+05:30', '2025-06-26 17:30:59+05:30');
INSERT INTO "Question_Text" (id, question_id, question_text, created_at, updated_at) 
VALUES (70170, 60170, 'Which of the following is true about basic concepts of inverse trigonometric functions?', '2025-06-26 17:30:59+05:30', '2025-06-26 17:30:59+05:30');
INSERT INTO "Question_Text_Topic_Medium" 
(id, question_text_id, question_topic_id, instruction_medium_id, is_verified, created_at, updated_at, translation_status) 
VALUES (90170, 70170, 80170, 50001, true, '2025-06-26 17:30:59+05:30', '2025-06-26 17:30:59+05:30', 'original');
INSERT INTO "Mcq_Option" 
(id, question_text_id, option_text, is_correct, created_at, updated_at) 
VALUES (100077, 70170, 'Correct answer for Basic Concepts of Inverse Trigonometric Functions', true, '2025-06-26 17:30:59+05:30', '2025-06-26 17:30:59+05:30');
INSERT INTO "Mcq_Option" 
(id, question_text_id, option_text, is_correct, created_at, updated_at) 
VALUES (100078, 70170, 'Incorrect option A for Basic Concepts of Inverse Trigonometric Functions', false, '2025-06-26 17:30:59+05:30', '2025-06-26 17:30:59+05:30');
INSERT INTO "Mcq_Option" 
(id, question_text_id, option_text, is_correct, created_at, updated_at) 
VALUES (100079, 70170, 'Incorrect option B for Basic Concepts of Inverse Trigonometric Functions', false, '2025-06-26 17:30:59+05:30', '2025-06-26 17:30:59+05:30');
INSERT INTO "Mcq_Option" 
(id, question_text_id, option_text, is_correct, created_at, updated_at) 
VALUES (100080, 70170, 'Incorrect option C for Basic Concepts of Inverse Trigonometric Functions', false, '2025-06-26 17:30:59+05:30', '2025-06-26 17:30:59+05:30');
INSERT INTO "Question" (id, question_type_id, board_question, created_at, updated_at) 
VALUES (60171, 2, false, '2025-06-26 17:30:59+05:30', '2025-06-26 17:30:59+05:30');
INSERT INTO "Question_Topic" (id, question_id, topic_id, created_at, updated_at) 
VALUES (80171, 60171, 50004, '2025-06-26 17:30:59+05:30', '2025-06-26 17:30:59+05:30');
INSERT INTO "Question_Text" (id, question_id, question_text, created_at, updated_at) 
VALUES (70171, 60171, 'Question about basic concepts of inverse trigonometric functions - Type: Odd One Out', '2025-06-26 17:30:59+05:30', '2025-06-26 17:30:59+05:30');
INSERT INTO "Question_Text_Topic_Medium" 
(id, question_text_id, question_topic_id, instruction_medium_id, is_verified, created_at, updated_at, translation_status) 
VALUES (90171, 70171, 80171, 50001, true, '2025-06-26 17:30:59+05:30', '2025-06-26 17:30:59+05:30', 'original');
INSERT INTO "Question" (id, question_type_id, board_question, created_at, updated_at) 
VALUES (60172, 2, false, '2025-06-26 17:30:59+05:30', '2025-06-26 17:30:59+05:30');
INSERT INTO "Question_Topic" (id, question_id, topic_id, created_at, updated_at) 
VALUES (80172, 60172, 50004, '2025-06-26 17:30:59+05:30', '2025-06-26 17:30:59+05:30');
INSERT INTO "Question_Text" (id, question_id, question_text, created_at, updated_at) 
VALUES (70172, 60172, 'Question about basic concepts of inverse trigonometric functions - Type: Odd One Out', '2025-06-26 17:30:59+05:30', '2025-06-26 17:30:59+05:30');
INSERT INTO "Question_Text_Topic_Medium" 
(id, question_text_id, question_topic_id, instruction_medium_id, is_verified, created_at, updated_at, translation_status) 
VALUES (90172, 70172, 80172, 50001, true, '2025-06-26 17:30:59+05:30', '2025-06-26 17:30:59+05:30', 'original');
INSERT INTO "Question" (id, question_type_id, board_question, created_at, updated_at) 
VALUES (60173, 2, false, '2025-06-26 17:30:59+05:30', '2025-06-26 17:30:59+05:30');
INSERT INTO "Question_Topic" (id, question_id, topic_id, created_at, updated_at) 
VALUES (80173, 60173, 50004, '2025-06-26 17:30:59+05:30', '2025-06-26 17:30:59+05:30');
INSERT INTO "Question_Text" (id, question_id, question_text, created_at, updated_at) 
VALUES (70173, 60173, 'Question about basic concepts of inverse trigonometric functions - Type: Odd One Out', '2025-06-26 17:30:59+05:30', '2025-06-26 17:30:59+05:30');
INSERT INTO "Question_Text_Topic_Medium" 
(id, question_text_id, question_topic_id, instruction_medium_id, is_verified, created_at, updated_at, translation_status) 
VALUES (90173, 70173, 80173, 50001, true, '2025-06-26 17:30:59+05:30', '2025-06-26 17:30:59+05:30', 'original');
INSERT INTO "Question" (id, question_type_id, board_question, created_at, updated_at) 
VALUES (60174, 2, false, '2025-06-26 17:30:59+05:30', '2025-06-26 17:30:59+05:30');
INSERT INTO "Question_Topic" (id, question_id, topic_id, created_at, updated_at) 
VALUES (80174, 60174, 50004, '2025-06-26 17:30:59+05:30', '2025-06-26 17:30:59+05:30');
INSERT INTO "Question_Text" (id, question_id, question_text, created_at, updated_at) 
VALUES (70174, 60174, 'Question about basic concepts of inverse trigonometric functions - Type: Odd One Out', '2025-06-26 17:30:59+05:30', '2025-06-26 17:30:59+05:30');
INSERT INTO "Question_Text_Topic_Medium" 
(id, question_text_id, question_topic_id, instruction_medium_id, is_verified, created_at, updated_at, translation_status) 
VALUES (90174, 70174, 80174, 50001, true, '2025-06-26 17:30:59+05:30', '2025-06-26 17:30:59+05:30', 'original');
INSERT INTO "Question" (id, question_type_id, board_question, created_at, updated_at) 
VALUES (60175, 2, false, '2025-06-26 17:30:59+05:30', '2025-06-26 17:30:59+05:30');
INSERT INTO "Question_Topic" (id, question_id, topic_id, created_at, updated_at) 
VALUES (80175, 60175, 50004, '2025-06-26 17:30:59+05:30', '2025-06-26 17:30:59+05:30');
INSERT INTO "Question_Text" (id, question_id, question_text, created_at, updated_at) 
VALUES (70175, 60175, 'Question about basic concepts of inverse trigonometric functions - Type: Odd One Out', '2025-06-26 17:30:59+05:30', '2025-06-26 17:30:59+05:30');
INSERT INTO "Question_Text_Topic_Medium" 
(id, question_text_id, question_topic_id, instruction_medium_id, is_verified, created_at, updated_at, translation_status) 
VALUES (90175, 70175, 80175, 50001, true, '2025-06-26 17:30:59+05:30', '2025-06-26 17:30:59+05:30', 'original');
INSERT INTO "Question" (id, question_type_id, board_question, created_at, updated_at) 
VALUES (60176, 3, false, '2025-06-26 17:30:59+05:30', '2025-06-26 17:30:59+05:30');
INSERT INTO "Question_Topic" (id, question_id, topic_id, created_at, updated_at) 
VALUES (80176, 60176, 50004, '2025-06-26 17:30:59+05:30', '2025-06-26 17:30:59+05:30');
INSERT INTO "Question_Text" (id, question_id, question_text, created_at, updated_at) 
VALUES (70176, 60176, 'Question about basic concepts of inverse trigonometric functions - Type: Complete the Correlation', '2025-06-26 17:30:59+05:30', '2025-06-26 17:30:59+05:30');
INSERT INTO "Question_Text_Topic_Medium" 
(id, question_text_id, question_topic_id, instruction_medium_id, is_verified, created_at, updated_at, translation_status) 
VALUES (90176, 70176, 80176, 50001, true, '2025-06-26 17:30:59+05:30', '2025-06-26 17:30:59+05:30', 'original');
INSERT INTO "Question" (id, question_type_id, board_question, created_at, updated_at) 
VALUES (60177, 3, false, '2025-06-26 17:30:59+05:30', '2025-06-26 17:30:59+05:30');
INSERT INTO "Question_Topic" (id, question_id, topic_id, created_at, updated_at) 
VALUES (80177, 60177, 50004, '2025-06-26 17:30:59+05:30', '2025-06-26 17:30:59+05:30');
INSERT INTO "Question_Text" (id, question_id, question_text, created_at, updated_at) 
VALUES (70177, 60177, 'Question about basic concepts of inverse trigonometric functions - Type: Complete the Correlation', '2025-06-26 17:30:59+05:30', '2025-06-26 17:30:59+05:30');
INSERT INTO "Question_Text_Topic_Medium" 
(id, question_text_id, question_topic_id, instruction_medium_id, is_verified, created_at, updated_at, translation_status) 
VALUES (90177, 70177, 80177, 50001, true, '2025-06-26 17:30:59+05:30', '2025-06-26 17:30:59+05:30', 'original');
INSERT INTO "Question" (id, question_type_id, board_question, created_at, updated_at) 
VALUES (60178, 3, false, '2025-06-26 17:30:59+05:30', '2025-06-26 17:30:59+05:30');
INSERT INTO "Question_Topic" (id, question_id, topic_id, created_at, updated_at) 
VALUES (80178, 60178, 50004, '2025-06-26 17:30:59+05:30', '2025-06-26 17:30:59+05:30');
INSERT INTO "Question_Text" (id, question_id, question_text, created_at, updated_at) 
VALUES (70178, 60178, 'Question about basic concepts of inverse trigonometric functions - Type: Complete the Correlation', '2025-06-26 17:30:59+05:30', '2025-06-26 17:30:59+05:30');
INSERT INTO "Question_Text_Topic_Medium" 
(id, question_text_id, question_topic_id, instruction_medium_id, is_verified, created_at, updated_at, translation_status) 
VALUES (90178, 70178, 80178, 50001, true, '2025-06-26 17:30:59+05:30', '2025-06-26 17:30:59+05:30', 'original');
INSERT INTO "Question" (id, question_type_id, board_question, created_at, updated_at) 
VALUES (60179, 3, false, '2025-06-26 17:30:59+05:30', '2025-06-26 17:30:59+05:30');
INSERT INTO "Question_Topic" (id, question_id, topic_id, created_at, updated_at) 
VALUES (80179, 60179, 50004, '2025-06-26 17:30:59+05:30', '2025-06-26 17:30:59+05:30');
INSERT INTO "Question_Text" (id, question_id, question_text, created_at, updated_at) 
VALUES (70179, 60179, 'Question about basic concepts of inverse trigonometric functions - Type: Complete the Correlation', '2025-06-26 17:30:59+05:30', '2025-06-26 17:30:59+05:30');
INSERT INTO "Question_Text_Topic_Medium" 
(id, question_text_id, question_topic_id, instruction_medium_id, is_verified, created_at, updated_at, translation_status) 
VALUES (90179, 70179, 80179, 50001, true, '2025-06-26 17:30:59+05:30', '2025-06-26 17:30:59+05:30', 'original');
INSERT INTO "Question" (id, question_type_id, board_question, created_at, updated_at) 
VALUES (60180, 3, false, '2025-06-26 17:30:59+05:30', '2025-06-26 17:30:59+05:30');
INSERT INTO "Question_Topic" (id, question_id, topic_id, created_at, updated_at) 
VALUES (80180, 60180, 50004, '2025-06-26 17:30:59+05:30', '2025-06-26 17:30:59+05:30');
INSERT INTO "Question_Text" (id, question_id, question_text, created_at, updated_at) 
VALUES (70180, 60180, 'Question about basic concepts of inverse trigonometric functions - Type: Complete the Correlation', '2025-06-26 17:30:59+05:30', '2025-06-26 17:30:59+05:30');
INSERT INTO "Question_Text_Topic_Medium" 
(id, question_text_id, question_topic_id, instruction_medium_id, is_verified, created_at, updated_at, translation_status) 
VALUES (90180, 70180, 80180, 50001, true, '2025-06-26 17:30:59+05:30', '2025-06-26 17:30:59+05:30', 'original');
INSERT INTO "Question" (id, question_type_id, board_question, created_at, updated_at) 
VALUES (60181, 4, false, '2025-06-26 17:30:59+05:30', '2025-06-26 17:30:59+05:30');
INSERT INTO "Question_Topic" (id, question_id, topic_id, created_at, updated_at) 
VALUES (80181, 60181, 50004, '2025-06-26 17:30:59+05:30', '2025-06-26 17:30:59+05:30');
INSERT INTO "Question_Text" (id, question_id, question_text, created_at, updated_at) 
VALUES (70181, 60181, 'Statement about basic concepts of inverse trigonometric functions is always true. (True/False)', '2025-06-26 17:30:59+05:30', '2025-06-26 17:30:59+05:30');
INSERT INTO "Question_Text_Topic_Medium" 
(id, question_text_id, question_topic_id, instruction_medium_id, is_verified, created_at, updated_at, translation_status) 
VALUES (90181, 70181, 80181, 50001, true, '2025-06-26 17:30:59+05:30', '2025-06-26 17:30:59+05:30', 'original');
INSERT INTO "Question" (id, question_type_id, board_question, created_at, updated_at) 
VALUES (60182, 4, false, '2025-06-26 17:30:59+05:30', '2025-06-26 17:30:59+05:30');
INSERT INTO "Question_Topic" (id, question_id, topic_id, created_at, updated_at) 
VALUES (80182, 60182, 50004, '2025-06-26 17:30:59+05:30', '2025-06-26 17:30:59+05:30');
INSERT INTO "Question_Text" (id, question_id, question_text, created_at, updated_at) 
VALUES (70182, 60182, 'Statement about basic concepts of inverse trigonometric functions is always true. (True/False)', '2025-06-26 17:30:59+05:30', '2025-06-26 17:30:59+05:30');
INSERT INTO "Question_Text_Topic_Medium" 
(id, question_text_id, question_topic_id, instruction_medium_id, is_verified, created_at, updated_at, translation_status) 
VALUES (90182, 70182, 80182, 50001, true, '2025-06-26 17:30:59+05:30', '2025-06-26 17:30:59+05:30', 'original');
INSERT INTO "Question" (id, question_type_id, board_question, created_at, updated_at) 
VALUES (60183, 4, false, '2025-06-26 17:30:59+05:30', '2025-06-26 17:30:59+05:30');
INSERT INTO "Question_Topic" (id, question_id, topic_id, created_at, updated_at) 
VALUES (80183, 60183, 50004, '2025-06-26 17:30:59+05:30', '2025-06-26 17:30:59+05:30');
INSERT INTO "Question_Text" (id, question_id, question_text, created_at, updated_at) 
VALUES (70183, 60183, 'Statement about basic concepts of inverse trigonometric functions is always true. (True/False)', '2025-06-26 17:30:59+05:30', '2025-06-26 17:30:59+05:30');
INSERT INTO "Question_Text_Topic_Medium" 
(id, question_text_id, question_topic_id, instruction_medium_id, is_verified, created_at, updated_at, translation_status) 
VALUES (90183, 70183, 80183, 50001, true, '2025-06-26 17:30:59+05:30', '2025-06-26 17:30:59+05:30', 'original');
INSERT INTO "Question" (id, question_type_id, board_question, created_at, updated_at) 
VALUES (60184, 4, false, '2025-06-26 17:30:59+05:30', '2025-06-26 17:30:59+05:30');
INSERT INTO "Question_Topic" (id, question_id, topic_id, created_at, updated_at) 
VALUES (80184, 60184, 50004, '2025-06-26 17:30:59+05:30', '2025-06-26 17:30:59+05:30');
INSERT INTO "Question_Text" (id, question_id, question_text, created_at, updated_at) 
VALUES (70184, 60184, 'Statement about basic concepts of inverse trigonometric functions is always true. (True/False)', '2025-06-26 17:30:59+05:30', '2025-06-26 17:30:59+05:30');
INSERT INTO "Question_Text_Topic_Medium" 
(id, question_text_id, question_topic_id, instruction_medium_id, is_verified, created_at, updated_at, translation_status) 
VALUES (90184, 70184, 80184, 50001, true, '2025-06-26 17:30:59+05:30', '2025-06-26 17:30:59+05:30', 'original');
INSERT INTO "Question" (id, question_type_id, board_question, created_at, updated_at) 
VALUES (60185, 4, false, '2025-06-26 17:30:59+05:30', '2025-06-26 17:30:59+05:30');
INSERT INTO "Question_Topic" (id, question_id, topic_id, created_at, updated_at) 
VALUES (80185, 60185, 50004, '2025-06-26 17:30:59+05:30', '2025-06-26 17:30:59+05:30');
INSERT INTO "Question_Text" (id, question_id, question_text, created_at, updated_at) 
VALUES (70185, 60185, 'Statement about basic concepts of inverse trigonometric functions is always true. (True/False)', '2025-06-26 17:30:59+05:30', '2025-06-26 17:30:59+05:30');
INSERT INTO "Question_Text_Topic_Medium" 
(id, question_text_id, question_topic_id, instruction_medium_id, is_verified, created_at, updated_at, translation_status) 
VALUES (90185, 70185, 80185, 50001, true, '2025-06-26 17:30:59+05:30', '2025-06-26 17:30:59+05:30', 'original');
INSERT INTO "Question" (id, question_type_id, board_question, created_at, updated_at) 
VALUES (60186, 5, false, '2025-06-26 17:30:59+05:30', '2025-06-26 17:30:59+05:30');
INSERT INTO "Question_Topic" (id, question_id, topic_id, created_at, updated_at) 
VALUES (80186, 60186, 50004, '2025-06-26 17:30:59+05:30', '2025-06-26 17:30:59+05:30');
INSERT INTO "Question_Text" (id, question_id, question_text, created_at, updated_at) 
VALUES (70186, 60186, 'Match the following concepts related to basic concepts of inverse trigonometric functions:', '2025-06-26 17:30:59+05:30', '2025-06-26 17:30:59+05:30');
INSERT INTO "Question_Text_Topic_Medium" 
(id, question_text_id, question_topic_id, instruction_medium_id, is_verified, created_at, updated_at, translation_status) 
VALUES (90186, 70186, 80186, 50001, true, '2025-06-26 17:30:59+05:30', '2025-06-26 17:30:59+05:30', 'original');
INSERT INTO "Match_Pair" 
(id, question_text_id, left_text, right_text, created_at, updated_at) 
VALUES (110046, 70186, 'Concept A of Basic Concepts of Inverse Trigonometric Functions', 'Definition A of Basic Concepts of Inverse Trigonometric Functions', '2025-06-26 17:30:59+05:30', '2025-06-26 17:30:59+05:30');
INSERT INTO "Match_Pair" 
(id, question_text_id, left_text, right_text, created_at, updated_at) 
VALUES (110047, 70186, 'Concept B of Basic Concepts of Inverse Trigonometric Functions', 'Definition B of Basic Concepts of Inverse Trigonometric Functions', '2025-06-26 17:30:59+05:30', '2025-06-26 17:30:59+05:30');
INSERT INTO "Match_Pair" 
(id, question_text_id, left_text, right_text, created_at, updated_at) 
VALUES (110048, 70186, 'Concept C of Basic Concepts of Inverse Trigonometric Functions', 'Definition C of Basic Concepts of Inverse Trigonometric Functions', '2025-06-26 17:30:59+05:30', '2025-06-26 17:30:59+05:30');
INSERT INTO "Question" (id, question_type_id, board_question, created_at, updated_at) 
VALUES (60187, 5, false, '2025-06-26 17:30:59+05:30', '2025-06-26 17:30:59+05:30');
INSERT INTO "Question_Topic" (id, question_id, topic_id, created_at, updated_at) 
VALUES (80187, 60187, 50004, '2025-06-26 17:30:59+05:30', '2025-06-26 17:30:59+05:30');
INSERT INTO "Question_Text" (id, question_id, question_text, created_at, updated_at) 
VALUES (70187, 60187, 'Match the following concepts related to basic concepts of inverse trigonometric functions:', '2025-06-26 17:30:59+05:30', '2025-06-26 17:30:59+05:30');
INSERT INTO "Question_Text_Topic_Medium" 
(id, question_text_id, question_topic_id, instruction_medium_id, is_verified, created_at, updated_at, translation_status) 
VALUES (90187, 70187, 80187, 50001, true, '2025-06-26 17:30:59+05:30', '2025-06-26 17:30:59+05:30', 'original');
INSERT INTO "Match_Pair" 
(id, question_text_id, left_text, right_text, created_at, updated_at) 
VALUES (110049, 70187, 'Concept A of Basic Concepts of Inverse Trigonometric Functions', 'Definition A of Basic Concepts of Inverse Trigonometric Functions', '2025-06-26 17:30:59+05:30', '2025-06-26 17:30:59+05:30');
INSERT INTO "Match_Pair" 
(id, question_text_id, left_text, right_text, created_at, updated_at) 
VALUES (110050, 70187, 'Concept B of Basic Concepts of Inverse Trigonometric Functions', 'Definition B of Basic Concepts of Inverse Trigonometric Functions', '2025-06-26 17:30:59+05:30', '2025-06-26 17:30:59+05:30');
INSERT INTO "Match_Pair" 
(id, question_text_id, left_text, right_text, created_at, updated_at) 
VALUES (110051, 70187, 'Concept C of Basic Concepts of Inverse Trigonometric Functions', 'Definition C of Basic Concepts of Inverse Trigonometric Functions', '2025-06-26 17:30:59+05:30', '2025-06-26 17:30:59+05:30');
INSERT INTO "Question" (id, question_type_id, board_question, created_at, updated_at) 
VALUES (60188, 5, false, '2025-06-26 17:30:59+05:30', '2025-06-26 17:30:59+05:30');
INSERT INTO "Question_Topic" (id, question_id, topic_id, created_at, updated_at) 
VALUES (80188, 60188, 50004, '2025-06-26 17:30:59+05:30', '2025-06-26 17:30:59+05:30');
INSERT INTO "Question_Text" (id, question_id, question_text, created_at, updated_at) 
VALUES (70188, 60188, 'Match the following concepts related to basic concepts of inverse trigonometric functions:', '2025-06-26 17:30:59+05:30', '2025-06-26 17:30:59+05:30');
INSERT INTO "Question_Text_Topic_Medium" 
(id, question_text_id, question_topic_id, instruction_medium_id, is_verified, created_at, updated_at, translation_status) 
VALUES (90188, 70188, 80188, 50001, true, '2025-06-26 17:30:59+05:30', '2025-06-26 17:30:59+05:30', 'original');
INSERT INTO "Match_Pair" 
(id, question_text_id, left_text, right_text, created_at, updated_at) 
VALUES (110052, 70188, 'Concept A of Basic Concepts of Inverse Trigonometric Functions', 'Definition A of Basic Concepts of Inverse Trigonometric Functions', '2025-06-26 17:30:59+05:30', '2025-06-26 17:30:59+05:30');
INSERT INTO "Match_Pair" 
(id, question_text_id, left_text, right_text, created_at, updated_at) 
VALUES (110053, 70188, 'Concept B of Basic Concepts of Inverse Trigonometric Functions', 'Definition B of Basic Concepts of Inverse Trigonometric Functions', '2025-06-26 17:30:59+05:30', '2025-06-26 17:30:59+05:30');
INSERT INTO "Match_Pair" 
(id, question_text_id, left_text, right_text, created_at, updated_at) 
VALUES (110054, 70188, 'Concept C of Basic Concepts of Inverse Trigonometric Functions', 'Definition C of Basic Concepts of Inverse Trigonometric Functions', '2025-06-26 17:30:59+05:30', '2025-06-26 17:30:59+05:30');
INSERT INTO "Question" (id, question_type_id, board_question, created_at, updated_at) 
VALUES (60189, 5, false, '2025-06-26 17:30:59+05:30', '2025-06-26 17:30:59+05:30');
INSERT INTO "Question_Topic" (id, question_id, topic_id, created_at, updated_at) 
VALUES (80189, 60189, 50004, '2025-06-26 17:30:59+05:30', '2025-06-26 17:30:59+05:30');
INSERT INTO "Question_Text" (id, question_id, question_text, created_at, updated_at) 
VALUES (70189, 60189, 'Match the following concepts related to basic concepts of inverse trigonometric functions:', '2025-06-26 17:30:59+05:30', '2025-06-26 17:30:59+05:30');
INSERT INTO "Question_Text_Topic_Medium" 
(id, question_text_id, question_topic_id, instruction_medium_id, is_verified, created_at, updated_at, translation_status) 
VALUES (90189, 70189, 80189, 50001, true, '2025-06-26 17:30:59+05:30', '2025-06-26 17:30:59+05:30', 'original');
INSERT INTO "Match_Pair" 
(id, question_text_id, left_text, right_text, created_at, updated_at) 
VALUES (110055, 70189, 'Concept A of Basic Concepts of Inverse Trigonometric Functions', 'Definition A of Basic Concepts of Inverse Trigonometric Functions', '2025-06-26 17:30:59+05:30', '2025-06-26 17:30:59+05:30');
INSERT INTO "Match_Pair" 
(id, question_text_id, left_text, right_text, created_at, updated_at) 
VALUES (110056, 70189, 'Concept B of Basic Concepts of Inverse Trigonometric Functions', 'Definition B of Basic Concepts of Inverse Trigonometric Functions', '2025-06-26 17:30:59+05:30', '2025-06-26 17:30:59+05:30');
INSERT INTO "Match_Pair" 
(id, question_text_id, left_text, right_text, created_at, updated_at) 
VALUES (110057, 70189, 'Concept C of Basic Concepts of Inverse Trigonometric Functions', 'Definition C of Basic Concepts of Inverse Trigonometric Functions', '2025-06-26 17:30:59+05:30', '2025-06-26 17:30:59+05:30');
INSERT INTO "Question" (id, question_type_id, board_question, created_at, updated_at) 
VALUES (60190, 5, false, '2025-06-26 17:30:59+05:30', '2025-06-26 17:30:59+05:30');
INSERT INTO "Question_Topic" (id, question_id, topic_id, created_at, updated_at) 
VALUES (80190, 60190, 50004, '2025-06-26 17:30:59+05:30', '2025-06-26 17:30:59+05:30');
INSERT INTO "Question_Text" (id, question_id, question_text, created_at, updated_at) 
VALUES (70190, 60190, 'Match the following concepts related to basic concepts of inverse trigonometric functions:', '2025-06-26 17:30:59+05:30', '2025-06-26 17:30:59+05:30');
INSERT INTO "Question_Text_Topic_Medium" 
(id, question_text_id, question_topic_id, instruction_medium_id, is_verified, created_at, updated_at, translation_status) 
VALUES (90190, 70190, 80190, 50001, true, '2025-06-26 17:30:59+05:30', '2025-06-26 17:30:59+05:30', 'original');
INSERT INTO "Match_Pair" 
(id, question_text_id, left_text, right_text, created_at, updated_at) 
VALUES (110058, 70190, 'Concept A of Basic Concepts of Inverse Trigonometric Functions', 'Definition A of Basic Concepts of Inverse Trigonometric Functions', '2025-06-26 17:30:59+05:30', '2025-06-26 17:30:59+05:30');
INSERT INTO "Match_Pair" 
(id, question_text_id, left_text, right_text, created_at, updated_at) 
VALUES (110059, 70190, 'Concept B of Basic Concepts of Inverse Trigonometric Functions', 'Definition B of Basic Concepts of Inverse Trigonometric Functions', '2025-06-26 17:30:59+05:30', '2025-06-26 17:30:59+05:30');
INSERT INTO "Match_Pair" 
(id, question_text_id, left_text, right_text, created_at, updated_at) 
VALUES (110060, 70190, 'Concept C of Basic Concepts of Inverse Trigonometric Functions', 'Definition C of Basic Concepts of Inverse Trigonometric Functions', '2025-06-26 17:30:59+05:30', '2025-06-26 17:30:59+05:30');
INSERT INTO "Question" (id, question_type_id, board_question, created_at, updated_at) 
VALUES (60191, 6, false, '2025-06-26 17:30:59+05:30', '2025-06-26 17:30:59+05:30');
INSERT INTO "Question_Topic" (id, question_id, topic_id, created_at, updated_at) 
VALUES (80191, 60191, 50004, '2025-06-26 17:30:59+05:30', '2025-06-26 17:30:59+05:30');
INSERT INTO "Question_Text" (id, question_id, question_text, created_at, updated_at) 
VALUES (70191, 60191, 'In basic concepts of inverse trigonometric functions, the main concept is _______.', '2025-06-26 17:30:59+05:30', '2025-06-26 17:30:59+05:30');
INSERT INTO "Question_Text_Topic_Medium" 
(id, question_text_id, question_topic_id, instruction_medium_id, is_verified, created_at, updated_at, translation_status) 
VALUES (90191, 70191, 80191, 50001, true, '2025-06-26 17:30:59+05:30', '2025-06-26 17:30:59+05:30', 'original');
INSERT INTO "Question" (id, question_type_id, board_question, created_at, updated_at) 
VALUES (60192, 6, false, '2025-06-26 17:30:59+05:30', '2025-06-26 17:30:59+05:30');
INSERT INTO "Question_Topic" (id, question_id, topic_id, created_at, updated_at) 
VALUES (80192, 60192, 50004, '2025-06-26 17:30:59+05:30', '2025-06-26 17:30:59+05:30');
INSERT INTO "Question_Text" (id, question_id, question_text, created_at, updated_at) 
VALUES (70192, 60192, 'In basic concepts of inverse trigonometric functions, the main concept is _______.', '2025-06-26 17:30:59+05:30', '2025-06-26 17:30:59+05:30');
INSERT INTO "Question_Text_Topic_Medium" 
(id, question_text_id, question_topic_id, instruction_medium_id, is_verified, created_at, updated_at, translation_status) 
VALUES (90192, 70192, 80192, 50001, true, '2025-06-26 17:30:59+05:30', '2025-06-26 17:30:59+05:30', 'original');
INSERT INTO "Question" (id, question_type_id, board_question, created_at, updated_at) 
VALUES (60193, 6, false, '2025-06-26 17:30:59+05:30', '2025-06-26 17:30:59+05:30');
INSERT INTO "Question_Topic" (id, question_id, topic_id, created_at, updated_at) 
VALUES (80193, 60193, 50004, '2025-06-26 17:30:59+05:30', '2025-06-26 17:30:59+05:30');
INSERT INTO "Question_Text" (id, question_id, question_text, created_at, updated_at) 
VALUES (70193, 60193, 'In basic concepts of inverse trigonometric functions, the main concept is _______.', '2025-06-26 17:30:59+05:30', '2025-06-26 17:30:59+05:30');
INSERT INTO "Question_Text_Topic_Medium" 
(id, question_text_id, question_topic_id, instruction_medium_id, is_verified, created_at, updated_at, translation_status) 
VALUES (90193, 70193, 80193, 50001, true, '2025-06-26 17:30:59+05:30', '2025-06-26 17:30:59+05:30', 'original');
INSERT INTO "Question" (id, question_type_id, board_question, created_at, updated_at) 
VALUES (60194, 6, false, '2025-06-26 17:30:59+05:30', '2025-06-26 17:30:59+05:30');
INSERT INTO "Question_Topic" (id, question_id, topic_id, created_at, updated_at) 
VALUES (80194, 60194, 50004, '2025-06-26 17:30:59+05:30', '2025-06-26 17:30:59+05:30');
INSERT INTO "Question_Text" (id, question_id, question_text, created_at, updated_at) 
VALUES (70194, 60194, 'In basic concepts of inverse trigonometric functions, the main concept is _______.', '2025-06-26 17:30:59+05:30', '2025-06-26 17:30:59+05:30');
INSERT INTO "Question_Text_Topic_Medium" 
(id, question_text_id, question_topic_id, instruction_medium_id, is_verified, created_at, updated_at, translation_status) 
VALUES (90194, 70194, 80194, 50001, true, '2025-06-26 17:30:59+05:30', '2025-06-26 17:30:59+05:30', 'original');
INSERT INTO "Question" (id, question_type_id, board_question, created_at, updated_at) 
VALUES (60195, 6, false, '2025-06-26 17:30:59+05:30', '2025-06-26 17:30:59+05:30');
INSERT INTO "Question_Topic" (id, question_id, topic_id, created_at, updated_at) 
VALUES (80195, 60195, 50004, '2025-06-26 17:30:59+05:30', '2025-06-26 17:30:59+05:30');
INSERT INTO "Question_Text" (id, question_id, question_text, created_at, updated_at) 
VALUES (70195, 60195, 'In basic concepts of inverse trigonometric functions, the main concept is _______.', '2025-06-26 17:30:59+05:30', '2025-06-26 17:30:59+05:30');
INSERT INTO "Question_Text_Topic_Medium" 
(id, question_text_id, question_topic_id, instruction_medium_id, is_verified, created_at, updated_at, translation_status) 
VALUES (90195, 70195, 80195, 50001, true, '2025-06-26 17:30:59+05:30', '2025-06-26 17:30:59+05:30', 'original');
INSERT INTO "Question" (id, question_type_id, board_question, created_at, updated_at) 
VALUES (60196, 7, false, '2025-06-26 17:30:59+05:30', '2025-06-26 17:30:59+05:30');
INSERT INTO "Question_Topic" (id, question_id, topic_id, created_at, updated_at) 
VALUES (80196, 60196, 50004, '2025-06-26 17:30:59+05:30', '2025-06-26 17:30:59+05:30');
INSERT INTO "Question_Text" (id, question_id, question_text, created_at, updated_at) 
VALUES (70196, 60196, 'What is the key term in basic concepts of inverse trigonometric functions?', '2025-06-26 17:30:59+05:30', '2025-06-26 17:30:59+05:30');
INSERT INTO "Question_Text_Topic_Medium" 
(id, question_text_id, question_topic_id, instruction_medium_id, is_verified, created_at, updated_at, translation_status) 
VALUES (90196, 70196, 80196, 50001, true, '2025-06-26 17:30:59+05:30', '2025-06-26 17:30:59+05:30', 'original');
INSERT INTO "Question" (id, question_type_id, board_question, created_at, updated_at) 
VALUES (60197, 7, false, '2025-06-26 17:30:59+05:30', '2025-06-26 17:30:59+05:30');
INSERT INTO "Question_Topic" (id, question_id, topic_id, created_at, updated_at) 
VALUES (80197, 60197, 50004, '2025-06-26 17:30:59+05:30', '2025-06-26 17:30:59+05:30');
INSERT INTO "Question_Text" (id, question_id, question_text, created_at, updated_at) 
VALUES (70197, 60197, 'What is the key term in basic concepts of inverse trigonometric functions?', '2025-06-26 17:30:59+05:30', '2025-06-26 17:30:59+05:30');
INSERT INTO "Question_Text_Topic_Medium" 
(id, question_text_id, question_topic_id, instruction_medium_id, is_verified, created_at, updated_at, translation_status) 
VALUES (90197, 70197, 80197, 50001, true, '2025-06-26 17:30:59+05:30', '2025-06-26 17:30:59+05:30', 'original');
INSERT INTO "Question" (id, question_type_id, board_question, created_at, updated_at) 
VALUES (60198, 7, false, '2025-06-26 17:30:59+05:30', '2025-06-26 17:30:59+05:30');
INSERT INTO "Question_Topic" (id, question_id, topic_id, created_at, updated_at) 
VALUES (80198, 60198, 50004, '2025-06-26 17:30:59+05:30', '2025-06-26 17:30:59+05:30');
INSERT INTO "Question_Text" (id, question_id, question_text, created_at, updated_at) 
VALUES (70198, 60198, 'What is the key term in basic concepts of inverse trigonometric functions?', '2025-06-26 17:30:59+05:30', '2025-06-26 17:30:59+05:30');
INSERT INTO "Question_Text_Topic_Medium" 
(id, question_text_id, question_topic_id, instruction_medium_id, is_verified, created_at, updated_at, translation_status) 
VALUES (90198, 70198, 80198, 50001, true, '2025-06-26 17:30:59+05:30', '2025-06-26 17:30:59+05:30', 'original');
INSERT INTO "Question" (id, question_type_id, board_question, created_at, updated_at) 
VALUES (60199, 7, false, '2025-06-26 17:30:59+05:30', '2025-06-26 17:30:59+05:30');
INSERT INTO "Question_Topic" (id, question_id, topic_id, created_at, updated_at) 
VALUES (80199, 60199, 50004, '2025-06-26 17:30:59+05:30', '2025-06-26 17:30:59+05:30');
INSERT INTO "Question_Text" (id, question_id, question_text, created_at, updated_at) 
VALUES (70199, 60199, 'What is the key term in basic concepts of inverse trigonometric functions?', '2025-06-26 17:30:59+05:30', '2025-06-26 17:30:59+05:30');
INSERT INTO "Question_Text_Topic_Medium" 
(id, question_text_id, question_topic_id, instruction_medium_id, is_verified, created_at, updated_at, translation_status) 
VALUES (90199, 70199, 80199, 50001, true, '2025-06-26 17:30:59+05:30', '2025-06-26 17:30:59+05:30', 'original');
INSERT INTO "Question" (id, question_type_id, board_question, created_at, updated_at) 
VALUES (60200, 7, false, '2025-06-26 17:30:59+05:30', '2025-06-26 17:30:59+05:30');
INSERT INTO "Question_Topic" (id, question_id, topic_id, created_at, updated_at) 
VALUES (80200, 60200, 50004, '2025-06-26 17:30:59+05:30', '2025-06-26 17:30:59+05:30');
INSERT INTO "Question_Text" (id, question_id, question_text, created_at, updated_at) 
VALUES (70200, 60200, 'What is the key term in basic concepts of inverse trigonometric functions?', '2025-06-26 17:30:59+05:30', '2025-06-26 17:30:59+05:30');
INSERT INTO "Question_Text_Topic_Medium" 
(id, question_text_id, question_topic_id, instruction_medium_id, is_verified, created_at, updated_at, translation_status) 
VALUES (90200, 70200, 80200, 50001, true, '2025-06-26 17:30:59+05:30', '2025-06-26 17:30:59+05:30', 'original');
INSERT INTO "Question" (id, question_type_id, board_question, created_at, updated_at) 
VALUES (60201, 8, false, '2025-06-26 17:30:59+05:30', '2025-06-26 17:30:59+05:30');
INSERT INTO "Question_Topic" (id, question_id, topic_id, created_at, updated_at) 
VALUES (80201, 60201, 50004, '2025-06-26 17:30:59+05:30', '2025-06-26 17:30:59+05:30');
INSERT INTO "Question_Text" (id, question_id, question_text, created_at, updated_at) 
VALUES (70201, 60201, 'Question about basic concepts of inverse trigonometric functions - Type: Give Scientific Reasons', '2025-06-26 17:30:59+05:30', '2025-06-26 17:30:59+05:30');
INSERT INTO "Question_Text_Topic_Medium" 
(id, question_text_id, question_topic_id, instruction_medium_id, is_verified, created_at, updated_at, translation_status) 
VALUES (90201, 70201, 80201, 50001, true, '2025-06-26 17:30:59+05:30', '2025-06-26 17:30:59+05:30', 'original');
INSERT INTO "Question" (id, question_type_id, board_question, created_at, updated_at) 
VALUES (60202, 8, false, '2025-06-26 17:30:59+05:30', '2025-06-26 17:30:59+05:30');
INSERT INTO "Question_Topic" (id, question_id, topic_id, created_at, updated_at) 
VALUES (80202, 60202, 50004, '2025-06-26 17:30:59+05:30', '2025-06-26 17:30:59+05:30');
INSERT INTO "Question_Text" (id, question_id, question_text, created_at, updated_at) 
VALUES (70202, 60202, 'Question about basic concepts of inverse trigonometric functions - Type: Give Scientific Reasons', '2025-06-26 17:30:59+05:30', '2025-06-26 17:30:59+05:30');
INSERT INTO "Question_Text_Topic_Medium" 
(id, question_text_id, question_topic_id, instruction_medium_id, is_verified, created_at, updated_at, translation_status) 
VALUES (90202, 70202, 80202, 50001, true, '2025-06-26 17:30:59+05:30', '2025-06-26 17:30:59+05:30', 'original');
INSERT INTO "Question" (id, question_type_id, board_question, created_at, updated_at) 
VALUES (60203, 8, false, '2025-06-26 17:30:59+05:30', '2025-06-26 17:30:59+05:30');
INSERT INTO "Question_Topic" (id, question_id, topic_id, created_at, updated_at) 
VALUES (80203, 60203, 50004, '2025-06-26 17:30:59+05:30', '2025-06-26 17:30:59+05:30');
INSERT INTO "Question_Text" (id, question_id, question_text, created_at, updated_at) 
VALUES (70203, 60203, 'Question about basic concepts of inverse trigonometric functions - Type: Give Scientific Reasons', '2025-06-26 17:30:59+05:30', '2025-06-26 17:30:59+05:30');
INSERT INTO "Question_Text_Topic_Medium" 
(id, question_text_id, question_topic_id, instruction_medium_id, is_verified, created_at, updated_at, translation_status) 
VALUES (90203, 70203, 80203, 50001, true, '2025-06-26 17:30:59+05:30', '2025-06-26 17:30:59+05:30', 'original');
INSERT INTO "Question" (id, question_type_id, board_question, created_at, updated_at) 
VALUES (60204, 8, false, '2025-06-26 17:30:59+05:30', '2025-06-26 17:30:59+05:30');
INSERT INTO "Question_Topic" (id, question_id, topic_id, created_at, updated_at) 
VALUES (80204, 60204, 50004, '2025-06-26 17:30:59+05:30', '2025-06-26 17:30:59+05:30');
INSERT INTO "Question_Text" (id, question_id, question_text, created_at, updated_at) 
VALUES (70204, 60204, 'Question about basic concepts of inverse trigonometric functions - Type: Give Scientific Reasons', '2025-06-26 17:30:59+05:30', '2025-06-26 17:30:59+05:30');
INSERT INTO "Question_Text_Topic_Medium" 
(id, question_text_id, question_topic_id, instruction_medium_id, is_verified, created_at, updated_at, translation_status) 
VALUES (90204, 70204, 80204, 50001, true, '2025-06-26 17:30:59+05:30', '2025-06-26 17:30:59+05:30', 'original');
INSERT INTO "Question" (id, question_type_id, board_question, created_at, updated_at) 
VALUES (60205, 8, false, '2025-06-26 17:30:59+05:30', '2025-06-26 17:30:59+05:30');
INSERT INTO "Question_Topic" (id, question_id, topic_id, created_at, updated_at) 
VALUES (80205, 60205, 50004, '2025-06-26 17:30:59+05:30', '2025-06-26 17:30:59+05:30');
INSERT INTO "Question_Text" (id, question_id, question_text, created_at, updated_at) 
VALUES (70205, 60205, 'Question about basic concepts of inverse trigonometric functions - Type: Give Scientific Reasons', '2025-06-26 17:30:59+05:30', '2025-06-26 17:30:59+05:30');
INSERT INTO "Question_Text_Topic_Medium" 
(id, question_text_id, question_topic_id, instruction_medium_id, is_verified, created_at, updated_at, translation_status) 
VALUES (90205, 70205, 80205, 50001, true, '2025-06-26 17:30:59+05:30', '2025-06-26 17:30:59+05:30', 'original');
INSERT INTO "Question" (id, question_type_id, board_question, created_at, updated_at) 
VALUES (60206, 9, false, '2025-06-26 17:30:59+05:30', '2025-06-26 17:30:59+05:30');
INSERT INTO "Question_Topic" (id, question_id, topic_id, created_at, updated_at) 
VALUES (80206, 60206, 50004, '2025-06-26 17:30:59+05:30', '2025-06-26 17:30:59+05:30');
INSERT INTO "Question_Text" (id, question_id, question_text, created_at, updated_at) 
VALUES (70206, 60206, 'Explain the concept of basic concepts of inverse trigonometric functions with an example.', '2025-06-26 17:30:59+05:30', '2025-06-26 17:30:59+05:30');
INSERT INTO "Question_Text_Topic_Medium" 
(id, question_text_id, question_topic_id, instruction_medium_id, is_verified, created_at, updated_at, translation_status) 
VALUES (90206, 70206, 80206, 50001, true, '2025-06-26 17:30:59+05:30', '2025-06-26 17:30:59+05:30', 'original');
INSERT INTO "Question" (id, question_type_id, board_question, created_at, updated_at) 
VALUES (60207, 9, false, '2025-06-26 17:30:59+05:30', '2025-06-26 17:30:59+05:30');
INSERT INTO "Question_Topic" (id, question_id, topic_id, created_at, updated_at) 
VALUES (80207, 60207, 50004, '2025-06-26 17:30:59+05:30', '2025-06-26 17:30:59+05:30');
INSERT INTO "Question_Text" (id, question_id, question_text, created_at, updated_at) 
VALUES (70207, 60207, 'Explain the concept of basic concepts of inverse trigonometric functions with an example.', '2025-06-26 17:30:59+05:30', '2025-06-26 17:30:59+05:30');
INSERT INTO "Question_Text_Topic_Medium" 
(id, question_text_id, question_topic_id, instruction_medium_id, is_verified, created_at, updated_at, translation_status) 
VALUES (90207, 70207, 80207, 50001, true, '2025-06-26 17:30:59+05:30', '2025-06-26 17:30:59+05:30', 'original');
INSERT INTO "Question" (id, question_type_id, board_question, created_at, updated_at) 
VALUES (60208, 9, false, '2025-06-26 17:30:59+05:30', '2025-06-26 17:30:59+05:30');
INSERT INTO "Question_Topic" (id, question_id, topic_id, created_at, updated_at) 
VALUES (80208, 60208, 50004, '2025-06-26 17:30:59+05:30', '2025-06-26 17:30:59+05:30');
INSERT INTO "Question_Text" (id, question_id, question_text, created_at, updated_at) 
VALUES (70208, 60208, 'Explain the concept of basic concepts of inverse trigonometric functions with an example.', '2025-06-26 17:30:59+05:30', '2025-06-26 17:30:59+05:30');
INSERT INTO "Question_Text_Topic_Medium" 
(id, question_text_id, question_topic_id, instruction_medium_id, is_verified, created_at, updated_at, translation_status) 
VALUES (90208, 70208, 80208, 50001, true, '2025-06-26 17:30:59+05:30', '2025-06-26 17:30:59+05:30', 'original');
INSERT INTO "Question" (id, question_type_id, board_question, created_at, updated_at) 
VALUES (60209, 9, false, '2025-06-26 17:30:59+05:30', '2025-06-26 17:30:59+05:30');
INSERT INTO "Question_Topic" (id, question_id, topic_id, created_at, updated_at) 
VALUES (80209, 60209, 50004, '2025-06-26 17:30:59+05:30', '2025-06-26 17:30:59+05:30');
INSERT INTO "Question_Text" (id, question_id, question_text, created_at, updated_at) 
VALUES (70209, 60209, 'Explain the concept of basic concepts of inverse trigonometric functions with an example.', '2025-06-26 17:30:59+05:30', '2025-06-26 17:30:59+05:30');
INSERT INTO "Question_Text_Topic_Medium" 
(id, question_text_id, question_topic_id, instruction_medium_id, is_verified, created_at, updated_at, translation_status) 
VALUES (90209, 70209, 80209, 50001, true, '2025-06-26 17:30:59+05:30', '2025-06-26 17:30:59+05:30', 'original');
INSERT INTO "Question" (id, question_type_id, board_question, created_at, updated_at) 
VALUES (60210, 9, false, '2025-06-26 17:30:59+05:30', '2025-06-26 17:30:59+05:30');
INSERT INTO "Question_Topic" (id, question_id, topic_id, created_at, updated_at) 
VALUES (80210, 60210, 50004, '2025-06-26 17:30:59+05:30', '2025-06-26 17:30:59+05:30');
INSERT INTO "Question_Text" (id, question_id, question_text, created_at, updated_at) 
VALUES (70210, 60210, 'Explain the concept of basic concepts of inverse trigonometric functions with an example.', '2025-06-26 17:30:59+05:30', '2025-06-26 17:30:59+05:30');
INSERT INTO "Question_Text_Topic_Medium" 
(id, question_text_id, question_topic_id, instruction_medium_id, is_verified, created_at, updated_at, translation_status) 
VALUES (90210, 70210, 80210, 50001, true, '2025-06-26 17:30:59+05:30', '2025-06-26 17:30:59+05:30', 'original');
INSERT INTO "Question" (id, question_type_id, board_question, created_at, updated_at) 
VALUES (60211, 10, false, '2025-06-26 17:30:59+05:30', '2025-06-26 17:30:59+05:30');
INSERT INTO "Question_Topic" (id, question_id, topic_id, created_at, updated_at) 
VALUES (80211, 60211, 50004, '2025-06-26 17:30:59+05:30', '2025-06-26 17:30:59+05:30');
INSERT INTO "Question_Text" (id, question_id, question_text, created_at, updated_at) 
VALUES (70211, 60211, 'Question about basic concepts of inverse trigonometric functions - Type: Complete and Identify Reaction', '2025-06-26 17:30:59+05:30', '2025-06-26 17:30:59+05:30');
INSERT INTO "Question_Text_Topic_Medium" 
(id, question_text_id, question_topic_id, instruction_medium_id, is_verified, created_at, updated_at, translation_status) 
VALUES (90211, 70211, 80211, 50001, true, '2025-06-26 17:30:59+05:30', '2025-06-26 17:30:59+05:30', 'original');
INSERT INTO "Question" (id, question_type_id, board_question, created_at, updated_at) 
VALUES (60212, 10, false, '2025-06-26 17:30:59+05:30', '2025-06-26 17:30:59+05:30');
INSERT INTO "Question_Topic" (id, question_id, topic_id, created_at, updated_at) 
VALUES (80212, 60212, 50004, '2025-06-26 17:30:59+05:30', '2025-06-26 17:30:59+05:30');
INSERT INTO "Question_Text" (id, question_id, question_text, created_at, updated_at) 
VALUES (70212, 60212, 'Question about basic concepts of inverse trigonometric functions - Type: Complete and Identify Reaction', '2025-06-26 17:30:59+05:30', '2025-06-26 17:30:59+05:30');
INSERT INTO "Question_Text_Topic_Medium" 
(id, question_text_id, question_topic_id, instruction_medium_id, is_verified, created_at, updated_at, translation_status) 
VALUES (90212, 70212, 80212, 50001, true, '2025-06-26 17:30:59+05:30', '2025-06-26 17:30:59+05:30', 'original');
INSERT INTO "Question" (id, question_type_id, board_question, created_at, updated_at) 
VALUES (60213, 10, false, '2025-06-26 17:30:59+05:30', '2025-06-26 17:30:59+05:30');
INSERT INTO "Question_Topic" (id, question_id, topic_id, created_at, updated_at) 
VALUES (80213, 60213, 50004, '2025-06-26 17:30:59+05:30', '2025-06-26 17:30:59+05:30');
INSERT INTO "Question_Text" (id, question_id, question_text, created_at, updated_at) 
VALUES (70213, 60213, 'Question about basic concepts of inverse trigonometric functions - Type: Complete and Identify Reaction', '2025-06-26 17:30:59+05:30', '2025-06-26 17:30:59+05:30');
INSERT INTO "Question_Text_Topic_Medium" 
(id, question_text_id, question_topic_id, instruction_medium_id, is_verified, created_at, updated_at, translation_status) 
VALUES (90213, 70213, 80213, 50001, true, '2025-06-26 17:30:59+05:30', '2025-06-26 17:30:59+05:30', 'original');
INSERT INTO "Question" (id, question_type_id, board_question, created_at, updated_at) 
VALUES (60214, 10, false, '2025-06-26 17:30:59+05:30', '2025-06-26 17:30:59+05:30');
INSERT INTO "Question_Topic" (id, question_id, topic_id, created_at, updated_at) 
VALUES (80214, 60214, 50004, '2025-06-26 17:30:59+05:30', '2025-06-26 17:30:59+05:30');
INSERT INTO "Question_Text" (id, question_id, question_text, created_at, updated_at) 
VALUES (70214, 60214, 'Question about basic concepts of inverse trigonometric functions - Type: Complete and Identify Reaction', '2025-06-26 17:30:59+05:30', '2025-06-26 17:30:59+05:30');
INSERT INTO "Question_Text_Topic_Medium" 
(id, question_text_id, question_topic_id, instruction_medium_id, is_verified, created_at, updated_at, translation_status) 
VALUES (90214, 70214, 80214, 50001, true, '2025-06-26 17:30:59+05:30', '2025-06-26 17:30:59+05:30', 'original');
INSERT INTO "Question" (id, question_type_id, board_question, created_at, updated_at) 
VALUES (60215, 10, false, '2025-06-26 17:30:59+05:30', '2025-06-26 17:30:59+05:30');
INSERT INTO "Question_Topic" (id, question_id, topic_id, created_at, updated_at) 
VALUES (80215, 60215, 50004, '2025-06-26 17:30:59+05:30', '2025-06-26 17:30:59+05:30');
INSERT INTO "Question_Text" (id, question_id, question_text, created_at, updated_at) 
VALUES (70215, 60215, 'Question about basic concepts of inverse trigonometric functions - Type: Complete and Identify Reaction', '2025-06-26 17:30:59+05:30', '2025-06-26 17:30:59+05:30');
INSERT INTO "Question_Text_Topic_Medium" 
(id, question_text_id, question_topic_id, instruction_medium_id, is_verified, created_at, updated_at, translation_status) 
VALUES (90215, 70215, 80215, 50001, true, '2025-06-26 17:30:59+05:30', '2025-06-26 17:30:59+05:30', 'original');
INSERT INTO "Question" (id, question_type_id, board_question, created_at, updated_at) 
VALUES (60216, 11, false, '2025-06-26 17:30:59+05:30', '2025-06-26 17:30:59+05:30');
INSERT INTO "Question_Topic" (id, question_id, topic_id, created_at, updated_at) 
VALUES (80216, 60216, 50004, '2025-06-26 17:30:59+05:30', '2025-06-26 17:30:59+05:30');
INSERT INTO "Question_Text" (id, question_id, question_text, created_at, updated_at) 
VALUES (70216, 60216, 'Question about basic concepts of inverse trigonometric functions - Type: Short Note', '2025-06-26 17:30:59+05:30', '2025-06-26 17:30:59+05:30');
INSERT INTO "Question_Text_Topic_Medium" 
(id, question_text_id, question_topic_id, instruction_medium_id, is_verified, created_at, updated_at, translation_status) 
VALUES (90216, 70216, 80216, 50001, true, '2025-06-26 17:30:59+05:30', '2025-06-26 17:30:59+05:30', 'original');
INSERT INTO "Question" (id, question_type_id, board_question, created_at, updated_at) 
VALUES (60217, 11, false, '2025-06-26 17:30:59+05:30', '2025-06-26 17:30:59+05:30');
INSERT INTO "Question_Topic" (id, question_id, topic_id, created_at, updated_at) 
VALUES (80217, 60217, 50004, '2025-06-26 17:30:59+05:30', '2025-06-26 17:30:59+05:30');
INSERT INTO "Question_Text" (id, question_id, question_text, created_at, updated_at) 
VALUES (70217, 60217, 'Question about basic concepts of inverse trigonometric functions - Type: Short Note', '2025-06-26 17:30:59+05:30', '2025-06-26 17:30:59+05:30');
INSERT INTO "Question_Text_Topic_Medium" 
(id, question_text_id, question_topic_id, instruction_medium_id, is_verified, created_at, updated_at, translation_status) 
VALUES (90217, 70217, 80217, 50001, true, '2025-06-26 17:30:59+05:30', '2025-06-26 17:30:59+05:30', 'original');
INSERT INTO "Question" (id, question_type_id, board_question, created_at, updated_at) 
VALUES (60218, 11, false, '2025-06-26 17:30:59+05:30', '2025-06-26 17:30:59+05:30');
INSERT INTO "Question_Topic" (id, question_id, topic_id, created_at, updated_at) 
VALUES (80218, 60218, 50004, '2025-06-26 17:30:59+05:30', '2025-06-26 17:30:59+05:30');
INSERT INTO "Question_Text" (id, question_id, question_text, created_at, updated_at) 
VALUES (70218, 60218, 'Question about basic concepts of inverse trigonometric functions - Type: Short Note', '2025-06-26 17:30:59+05:30', '2025-06-26 17:30:59+05:30');
INSERT INTO "Question_Text_Topic_Medium" 
(id, question_text_id, question_topic_id, instruction_medium_id, is_verified, created_at, updated_at, translation_status) 
VALUES (90218, 70218, 80218, 50001, true, '2025-06-26 17:30:59+05:30', '2025-06-26 17:30:59+05:30', 'original');
INSERT INTO "Question" (id, question_type_id, board_question, created_at, updated_at) 
VALUES (60219, 11, false, '2025-06-26 17:30:59+05:30', '2025-06-26 17:30:59+05:30');
INSERT INTO "Question_Topic" (id, question_id, topic_id, created_at, updated_at) 
VALUES (80219, 60219, 50004, '2025-06-26 17:30:59+05:30', '2025-06-26 17:30:59+05:30');
INSERT INTO "Question_Text" (id, question_id, question_text, created_at, updated_at) 
VALUES (70219, 60219, 'Question about basic concepts of inverse trigonometric functions - Type: Short Note', '2025-06-26 17:30:59+05:30', '2025-06-26 17:30:59+05:30');
INSERT INTO "Question_Text_Topic_Medium" 
(id, question_text_id, question_topic_id, instruction_medium_id, is_verified, created_at, updated_at, translation_status) 
VALUES (90219, 70219, 80219, 50001, true, '2025-06-26 17:30:59+05:30', '2025-06-26 17:30:59+05:30', 'original');
INSERT INTO "Question" (id, question_type_id, board_question, created_at, updated_at) 
VALUES (60220, 11, false, '2025-06-26 17:30:59+05:30', '2025-06-26 17:30:59+05:30');
INSERT INTO "Question_Topic" (id, question_id, topic_id, created_at, updated_at) 
VALUES (80220, 60220, 50004, '2025-06-26 17:30:59+05:30', '2025-06-26 17:30:59+05:30');
INSERT INTO "Question_Text" (id, question_id, question_text, created_at, updated_at) 
VALUES (70220, 60220, 'Question about basic concepts of inverse trigonometric functions - Type: Short Note', '2025-06-26 17:30:59+05:30', '2025-06-26 17:30:59+05:30');
INSERT INTO "Question_Text_Topic_Medium" 
(id, question_text_id, question_topic_id, instruction_medium_id, is_verified, created_at, updated_at, translation_status) 
VALUES (90220, 70220, 80220, 50001, true, '2025-06-26 17:30:59+05:30', '2025-06-26 17:30:59+05:30', 'original');
INSERT INTO "Question" (id, question_type_id, board_question, created_at, updated_at) 
VALUES (60221, 1, false, '2025-06-26 17:30:59+05:30', '2025-06-26 17:30:59+05:30');
INSERT INTO "Question_Topic" (id, question_id, topic_id, created_at, updated_at) 
VALUES (80221, 60221, 50005, '2025-06-26 17:30:59+05:30', '2025-06-26 17:30:59+05:30');
INSERT INTO "Question_Text" (id, question_id, question_text, created_at, updated_at) 
VALUES (70221, 60221, 'Which of the following is true about properties of inverse trigonometric functions?', '2025-06-26 17:30:59+05:30', '2025-06-26 17:30:59+05:30');
INSERT INTO "Question_Text_Topic_Medium" 
(id, question_text_id, question_topic_id, instruction_medium_id, is_verified, created_at, updated_at, translation_status) 
VALUES (90221, 70221, 80221, 50001, true, '2025-06-26 17:30:59+05:30', '2025-06-26 17:30:59+05:30', 'original');
INSERT INTO "Mcq_Option" 
(id, question_text_id, option_text, is_correct, created_at, updated_at) 
VALUES (100081, 70221, 'Correct answer for Properties of Inverse Trigonometric Functions', true, '2025-06-26 17:30:59+05:30', '2025-06-26 17:30:59+05:30');
INSERT INTO "Mcq_Option" 
(id, question_text_id, option_text, is_correct, created_at, updated_at) 
VALUES (100082, 70221, 'Incorrect option A for Properties of Inverse Trigonometric Functions', false, '2025-06-26 17:30:59+05:30', '2025-06-26 17:30:59+05:30');
INSERT INTO "Mcq_Option" 
(id, question_text_id, option_text, is_correct, created_at, updated_at) 
VALUES (100083, 70221, 'Incorrect option B for Properties of Inverse Trigonometric Functions', false, '2025-06-26 17:30:59+05:30', '2025-06-26 17:30:59+05:30');
INSERT INTO "Mcq_Option" 
(id, question_text_id, option_text, is_correct, created_at, updated_at) 
VALUES (100084, 70221, 'Incorrect option C for Properties of Inverse Trigonometric Functions', false, '2025-06-26 17:30:59+05:30', '2025-06-26 17:30:59+05:30');
INSERT INTO "Question" (id, question_type_id, board_question, created_at, updated_at) 
VALUES (60222, 1, false, '2025-06-26 17:30:59+05:30', '2025-06-26 17:30:59+05:30');
INSERT INTO "Question_Topic" (id, question_id, topic_id, created_at, updated_at) 
VALUES (80222, 60222, 50005, '2025-06-26 17:30:59+05:30', '2025-06-26 17:30:59+05:30');
INSERT INTO "Question_Text" (id, question_id, question_text, created_at, updated_at) 
VALUES (70222, 60222, 'Which of the following is true about properties of inverse trigonometric functions?', '2025-06-26 17:30:59+05:30', '2025-06-26 17:30:59+05:30');
INSERT INTO "Question_Text_Topic_Medium" 
(id, question_text_id, question_topic_id, instruction_medium_id, is_verified, created_at, updated_at, translation_status) 
VALUES (90222, 70222, 80222, 50001, true, '2025-06-26 17:30:59+05:30', '2025-06-26 17:30:59+05:30', 'original');
INSERT INTO "Mcq_Option" 
(id, question_text_id, option_text, is_correct, created_at, updated_at) 
VALUES (100085, 70222, 'Correct answer for Properties of Inverse Trigonometric Functions', true, '2025-06-26 17:30:59+05:30', '2025-06-26 17:30:59+05:30');
INSERT INTO "Mcq_Option" 
(id, question_text_id, option_text, is_correct, created_at, updated_at) 
VALUES (100086, 70222, 'Incorrect option A for Properties of Inverse Trigonometric Functions', false, '2025-06-26 17:30:59+05:30', '2025-06-26 17:30:59+05:30');
INSERT INTO "Mcq_Option" 
(id, question_text_id, option_text, is_correct, created_at, updated_at) 
VALUES (100087, 70222, 'Incorrect option B for Properties of Inverse Trigonometric Functions', false, '2025-06-26 17:30:59+05:30', '2025-06-26 17:30:59+05:30');
INSERT INTO "Mcq_Option" 
(id, question_text_id, option_text, is_correct, created_at, updated_at) 
VALUES (100088, 70222, 'Incorrect option C for Properties of Inverse Trigonometric Functions', false, '2025-06-26 17:30:59+05:30', '2025-06-26 17:30:59+05:30');
INSERT INTO "Question" (id, question_type_id, board_question, created_at, updated_at) 
VALUES (60223, 1, false, '2025-06-26 17:30:59+05:30', '2025-06-26 17:30:59+05:30');
INSERT INTO "Question_Topic" (id, question_id, topic_id, created_at, updated_at) 
VALUES (80223, 60223, 50005, '2025-06-26 17:30:59+05:30', '2025-06-26 17:30:59+05:30');
INSERT INTO "Question_Text" (id, question_id, question_text, created_at, updated_at) 
VALUES (70223, 60223, 'Which of the following is true about properties of inverse trigonometric functions?', '2025-06-26 17:30:59+05:30', '2025-06-26 17:30:59+05:30');
INSERT INTO "Question_Text_Topic_Medium" 
(id, question_text_id, question_topic_id, instruction_medium_id, is_verified, created_at, updated_at, translation_status) 
VALUES (90223, 70223, 80223, 50001, true, '2025-06-26 17:30:59+05:30', '2025-06-26 17:30:59+05:30', 'original');
INSERT INTO "Mcq_Option" 
(id, question_text_id, option_text, is_correct, created_at, updated_at) 
VALUES (100089, 70223, 'Correct answer for Properties of Inverse Trigonometric Functions', true, '2025-06-26 17:30:59+05:30', '2025-06-26 17:30:59+05:30');
INSERT INTO "Mcq_Option" 
(id, question_text_id, option_text, is_correct, created_at, updated_at) 
VALUES (100090, 70223, 'Incorrect option A for Properties of Inverse Trigonometric Functions', false, '2025-06-26 17:30:59+05:30', '2025-06-26 17:30:59+05:30');
INSERT INTO "Mcq_Option" 
(id, question_text_id, option_text, is_correct, created_at, updated_at) 
VALUES (100091, 70223, 'Incorrect option B for Properties of Inverse Trigonometric Functions', false, '2025-06-26 17:30:59+05:30', '2025-06-26 17:30:59+05:30');
INSERT INTO "Mcq_Option" 
(id, question_text_id, option_text, is_correct, created_at, updated_at) 
VALUES (100092, 70223, 'Incorrect option C for Properties of Inverse Trigonometric Functions', false, '2025-06-26 17:30:59+05:30', '2025-06-26 17:30:59+05:30');
INSERT INTO "Question" (id, question_type_id, board_question, created_at, updated_at) 
VALUES (60224, 1, false, '2025-06-26 17:30:59+05:30', '2025-06-26 17:30:59+05:30');
INSERT INTO "Question_Topic" (id, question_id, topic_id, created_at, updated_at) 
VALUES (80224, 60224, 50005, '2025-06-26 17:30:59+05:30', '2025-06-26 17:30:59+05:30');
INSERT INTO "Question_Text" (id, question_id, question_text, created_at, updated_at) 
VALUES (70224, 60224, 'Which of the following is true about properties of inverse trigonometric functions?', '2025-06-26 17:30:59+05:30', '2025-06-26 17:30:59+05:30');
INSERT INTO "Question_Text_Topic_Medium" 
(id, question_text_id, question_topic_id, instruction_medium_id, is_verified, created_at, updated_at, translation_status) 
VALUES (90224, 70224, 80224, 50001, true, '2025-06-26 17:30:59+05:30', '2025-06-26 17:30:59+05:30', 'original');
INSERT INTO "Mcq_Option" 
(id, question_text_id, option_text, is_correct, created_at, updated_at) 
VALUES (100093, 70224, 'Correct answer for Properties of Inverse Trigonometric Functions', true, '2025-06-26 17:30:59+05:30', '2025-06-26 17:30:59+05:30');
INSERT INTO "Mcq_Option" 
(id, question_text_id, option_text, is_correct, created_at, updated_at) 
VALUES (100094, 70224, 'Incorrect option A for Properties of Inverse Trigonometric Functions', false, '2025-06-26 17:30:59+05:30', '2025-06-26 17:30:59+05:30');
INSERT INTO "Mcq_Option" 
(id, question_text_id, option_text, is_correct, created_at, updated_at) 
VALUES (100095, 70224, 'Incorrect option B for Properties of Inverse Trigonometric Functions', false, '2025-06-26 17:30:59+05:30', '2025-06-26 17:30:59+05:30');
INSERT INTO "Mcq_Option" 
(id, question_text_id, option_text, is_correct, created_at, updated_at) 
VALUES (100096, 70224, 'Incorrect option C for Properties of Inverse Trigonometric Functions', false, '2025-06-26 17:30:59+05:30', '2025-06-26 17:30:59+05:30');
INSERT INTO "Question" (id, question_type_id, board_question, created_at, updated_at) 
VALUES (60225, 1, false, '2025-06-26 17:30:59+05:30', '2025-06-26 17:30:59+05:30');
INSERT INTO "Question_Topic" (id, question_id, topic_id, created_at, updated_at) 
VALUES (80225, 60225, 50005, '2025-06-26 17:30:59+05:30', '2025-06-26 17:30:59+05:30');
INSERT INTO "Question_Text" (id, question_id, question_text, created_at, updated_at) 
VALUES (70225, 60225, 'Which of the following is true about properties of inverse trigonometric functions?', '2025-06-26 17:30:59+05:30', '2025-06-26 17:30:59+05:30');
INSERT INTO "Question_Text_Topic_Medium" 
(id, question_text_id, question_topic_id, instruction_medium_id, is_verified, created_at, updated_at, translation_status) 
VALUES (90225, 70225, 80225, 50001, true, '2025-06-26 17:30:59+05:30', '2025-06-26 17:30:59+05:30', 'original');
INSERT INTO "Mcq_Option" 
(id, question_text_id, option_text, is_correct, created_at, updated_at) 
VALUES (100097, 70225, 'Correct answer for Properties of Inverse Trigonometric Functions', true, '2025-06-26 17:30:59+05:30', '2025-06-26 17:30:59+05:30');
INSERT INTO "Mcq_Option" 
(id, question_text_id, option_text, is_correct, created_at, updated_at) 
VALUES (100098, 70225, 'Incorrect option A for Properties of Inverse Trigonometric Functions', false, '2025-06-26 17:30:59+05:30', '2025-06-26 17:30:59+05:30');
INSERT INTO "Mcq_Option" 
(id, question_text_id, option_text, is_correct, created_at, updated_at) 
VALUES (100099, 70225, 'Incorrect option B for Properties of Inverse Trigonometric Functions', false, '2025-06-26 17:30:59+05:30', '2025-06-26 17:30:59+05:30');
INSERT INTO "Mcq_Option" 
(id, question_text_id, option_text, is_correct, created_at, updated_at) 
VALUES (100100, 70225, 'Incorrect option C for Properties of Inverse Trigonometric Functions', false, '2025-06-26 17:30:59+05:30', '2025-06-26 17:30:59+05:30');
INSERT INTO "Question" (id, question_type_id, board_question, created_at, updated_at) 
VALUES (60226, 2, false, '2025-06-26 17:30:59+05:30', '2025-06-26 17:30:59+05:30');
INSERT INTO "Question_Topic" (id, question_id, topic_id, created_at, updated_at) 
VALUES (80226, 60226, 50005, '2025-06-26 17:30:59+05:30', '2025-06-26 17:30:59+05:30');
INSERT INTO "Question_Text" (id, question_id, question_text, created_at, updated_at) 
VALUES (70226, 60226, 'Question about properties of inverse trigonometric functions - Type: Odd One Out', '2025-06-26 17:30:59+05:30', '2025-06-26 17:30:59+05:30');
INSERT INTO "Question_Text_Topic_Medium" 
(id, question_text_id, question_topic_id, instruction_medium_id, is_verified, created_at, updated_at, translation_status) 
VALUES (90226, 70226, 80226, 50001, true, '2025-06-26 17:30:59+05:30', '2025-06-26 17:30:59+05:30', 'original');
INSERT INTO "Question" (id, question_type_id, board_question, created_at, updated_at) 
VALUES (60227, 2, false, '2025-06-26 17:30:59+05:30', '2025-06-26 17:30:59+05:30');
INSERT INTO "Question_Topic" (id, question_id, topic_id, created_at, updated_at) 
VALUES (80227, 60227, 50005, '2025-06-26 17:30:59+05:30', '2025-06-26 17:30:59+05:30');
INSERT INTO "Question_Text" (id, question_id, question_text, created_at, updated_at) 
VALUES (70227, 60227, 'Question about properties of inverse trigonometric functions - Type: Odd One Out', '2025-06-26 17:30:59+05:30', '2025-06-26 17:30:59+05:30');
INSERT INTO "Question_Text_Topic_Medium" 
(id, question_text_id, question_topic_id, instruction_medium_id, is_verified, created_at, updated_at, translation_status) 
VALUES (90227, 70227, 80227, 50001, true, '2025-06-26 17:30:59+05:30', '2025-06-26 17:30:59+05:30', 'original');
INSERT INTO "Question" (id, question_type_id, board_question, created_at, updated_at) 
VALUES (60228, 2, false, '2025-06-26 17:30:59+05:30', '2025-06-26 17:30:59+05:30');
INSERT INTO "Question_Topic" (id, question_id, topic_id, created_at, updated_at) 
VALUES (80228, 60228, 50005, '2025-06-26 17:30:59+05:30', '2025-06-26 17:30:59+05:30');
INSERT INTO "Question_Text" (id, question_id, question_text, created_at, updated_at) 
VALUES (70228, 60228, 'Question about properties of inverse trigonometric functions - Type: Odd One Out', '2025-06-26 17:30:59+05:30', '2025-06-26 17:30:59+05:30');
INSERT INTO "Question_Text_Topic_Medium" 
(id, question_text_id, question_topic_id, instruction_medium_id, is_verified, created_at, updated_at, translation_status) 
VALUES (90228, 70228, 80228, 50001, true, '2025-06-26 17:30:59+05:30', '2025-06-26 17:30:59+05:30', 'original');
INSERT INTO "Question" (id, question_type_id, board_question, created_at, updated_at) 
VALUES (60229, 2, false, '2025-06-26 17:30:59+05:30', '2025-06-26 17:30:59+05:30');
INSERT INTO "Question_Topic" (id, question_id, topic_id, created_at, updated_at) 
VALUES (80229, 60229, 50005, '2025-06-26 17:30:59+05:30', '2025-06-26 17:30:59+05:30');
INSERT INTO "Question_Text" (id, question_id, question_text, created_at, updated_at) 
VALUES (70229, 60229, 'Question about properties of inverse trigonometric functions - Type: Odd One Out', '2025-06-26 17:30:59+05:30', '2025-06-26 17:30:59+05:30');
INSERT INTO "Question_Text_Topic_Medium" 
(id, question_text_id, question_topic_id, instruction_medium_id, is_verified, created_at, updated_at, translation_status) 
VALUES (90229, 70229, 80229, 50001, true, '2025-06-26 17:30:59+05:30', '2025-06-26 17:30:59+05:30', 'original');
INSERT INTO "Question" (id, question_type_id, board_question, created_at, updated_at) 
VALUES (60230, 2, false, '2025-06-26 17:30:59+05:30', '2025-06-26 17:30:59+05:30');
INSERT INTO "Question_Topic" (id, question_id, topic_id, created_at, updated_at) 
VALUES (80230, 60230, 50005, '2025-06-26 17:30:59+05:30', '2025-06-26 17:30:59+05:30');
INSERT INTO "Question_Text" (id, question_id, question_text, created_at, updated_at) 
VALUES (70230, 60230, 'Question about properties of inverse trigonometric functions - Type: Odd One Out', '2025-06-26 17:30:59+05:30', '2025-06-26 17:30:59+05:30');
INSERT INTO "Question_Text_Topic_Medium" 
(id, question_text_id, question_topic_id, instruction_medium_id, is_verified, created_at, updated_at, translation_status) 
VALUES (90230, 70230, 80230, 50001, true, '2025-06-26 17:30:59+05:30', '2025-06-26 17:30:59+05:30', 'original');
INSERT INTO "Question" (id, question_type_id, board_question, created_at, updated_at) 
VALUES (60231, 3, false, '2025-06-26 17:30:59+05:30', '2025-06-26 17:30:59+05:30');
INSERT INTO "Question_Topic" (id, question_id, topic_id, created_at, updated_at) 
VALUES (80231, 60231, 50005, '2025-06-26 17:30:59+05:30', '2025-06-26 17:30:59+05:30');
INSERT INTO "Question_Text" (id, question_id, question_text, created_at, updated_at) 
VALUES (70231, 60231, 'Question about properties of inverse trigonometric functions - Type: Complete the Correlation', '2025-06-26 17:30:59+05:30', '2025-06-26 17:30:59+05:30');
INSERT INTO "Question_Text_Topic_Medium" 
(id, question_text_id, question_topic_id, instruction_medium_id, is_verified, created_at, updated_at, translation_status) 
VALUES (90231, 70231, 80231, 50001, true, '2025-06-26 17:30:59+05:30', '2025-06-26 17:30:59+05:30', 'original');
INSERT INTO "Question" (id, question_type_id, board_question, created_at, updated_at) 
VALUES (60232, 3, false, '2025-06-26 17:30:59+05:30', '2025-06-26 17:30:59+05:30');
INSERT INTO "Question_Topic" (id, question_id, topic_id, created_at, updated_at) 
VALUES (80232, 60232, 50005, '2025-06-26 17:30:59+05:30', '2025-06-26 17:30:59+05:30');
INSERT INTO "Question_Text" (id, question_id, question_text, created_at, updated_at) 
VALUES (70232, 60232, 'Question about properties of inverse trigonometric functions - Type: Complete the Correlation', '2025-06-26 17:30:59+05:30', '2025-06-26 17:30:59+05:30');
INSERT INTO "Question_Text_Topic_Medium" 
(id, question_text_id, question_topic_id, instruction_medium_id, is_verified, created_at, updated_at, translation_status) 
VALUES (90232, 70232, 80232, 50001, true, '2025-06-26 17:30:59+05:30', '2025-06-26 17:30:59+05:30', 'original');
INSERT INTO "Question" (id, question_type_id, board_question, created_at, updated_at) 
VALUES (60233, 3, false, '2025-06-26 17:30:59+05:30', '2025-06-26 17:30:59+05:30');
INSERT INTO "Question_Topic" (id, question_id, topic_id, created_at, updated_at) 
VALUES (80233, 60233, 50005, '2025-06-26 17:30:59+05:30', '2025-06-26 17:30:59+05:30');
INSERT INTO "Question_Text" (id, question_id, question_text, created_at, updated_at) 
VALUES (70233, 60233, 'Question about properties of inverse trigonometric functions - Type: Complete the Correlation', '2025-06-26 17:30:59+05:30', '2025-06-26 17:30:59+05:30');
INSERT INTO "Question_Text_Topic_Medium" 
(id, question_text_id, question_topic_id, instruction_medium_id, is_verified, created_at, updated_at, translation_status) 
VALUES (90233, 70233, 80233, 50001, true, '2025-06-26 17:30:59+05:30', '2025-06-26 17:30:59+05:30', 'original');
INSERT INTO "Question" (id, question_type_id, board_question, created_at, updated_at) 
VALUES (60234, 3, false, '2025-06-26 17:30:59+05:30', '2025-06-26 17:30:59+05:30');
INSERT INTO "Question_Topic" (id, question_id, topic_id, created_at, updated_at) 
VALUES (80234, 60234, 50005, '2025-06-26 17:30:59+05:30', '2025-06-26 17:30:59+05:30');
INSERT INTO "Question_Text" (id, question_id, question_text, created_at, updated_at) 
VALUES (70234, 60234, 'Question about properties of inverse trigonometric functions - Type: Complete the Correlation', '2025-06-26 17:30:59+05:30', '2025-06-26 17:30:59+05:30');
INSERT INTO "Question_Text_Topic_Medium" 
(id, question_text_id, question_topic_id, instruction_medium_id, is_verified, created_at, updated_at, translation_status) 
VALUES (90234, 70234, 80234, 50001, true, '2025-06-26 17:30:59+05:30', '2025-06-26 17:30:59+05:30', 'original');
INSERT INTO "Question" (id, question_type_id, board_question, created_at, updated_at) 
VALUES (60235, 3, false, '2025-06-26 17:30:59+05:30', '2025-06-26 17:30:59+05:30');
INSERT INTO "Question_Topic" (id, question_id, topic_id, created_at, updated_at) 
VALUES (80235, 60235, 50005, '2025-06-26 17:30:59+05:30', '2025-06-26 17:30:59+05:30');
INSERT INTO "Question_Text" (id, question_id, question_text, created_at, updated_at) 
VALUES (70235, 60235, 'Question about properties of inverse trigonometric functions - Type: Complete the Correlation', '2025-06-26 17:30:59+05:30', '2025-06-26 17:30:59+05:30');
INSERT INTO "Question_Text_Topic_Medium" 
(id, question_text_id, question_topic_id, instruction_medium_id, is_verified, created_at, updated_at, translation_status) 
VALUES (90235, 70235, 80235, 50001, true, '2025-06-26 17:30:59+05:30', '2025-06-26 17:30:59+05:30', 'original');
INSERT INTO "Question" (id, question_type_id, board_question, created_at, updated_at) 
VALUES (60236, 4, false, '2025-06-26 17:30:59+05:30', '2025-06-26 17:30:59+05:30');
INSERT INTO "Question_Topic" (id, question_id, topic_id, created_at, updated_at) 
VALUES (80236, 60236, 50005, '2025-06-26 17:30:59+05:30', '2025-06-26 17:30:59+05:30');
INSERT INTO "Question_Text" (id, question_id, question_text, created_at, updated_at) 
VALUES (70236, 60236, 'Statement about properties of inverse trigonometric functions is always true. (True/False)', '2025-06-26 17:30:59+05:30', '2025-06-26 17:30:59+05:30');
INSERT INTO "Question_Text_Topic_Medium" 
(id, question_text_id, question_topic_id, instruction_medium_id, is_verified, created_at, updated_at, translation_status) 
VALUES (90236, 70236, 80236, 50001, true, '2025-06-26 17:30:59+05:30', '2025-06-26 17:30:59+05:30', 'original');
INSERT INTO "Question" (id, question_type_id, board_question, created_at, updated_at) 
VALUES (60237, 4, false, '2025-06-26 17:30:59+05:30', '2025-06-26 17:30:59+05:30');
INSERT INTO "Question_Topic" (id, question_id, topic_id, created_at, updated_at) 
VALUES (80237, 60237, 50005, '2025-06-26 17:30:59+05:30', '2025-06-26 17:30:59+05:30');
INSERT INTO "Question_Text" (id, question_id, question_text, created_at, updated_at) 
VALUES (70237, 60237, 'Statement about properties of inverse trigonometric functions is always true. (True/False)', '2025-06-26 17:30:59+05:30', '2025-06-26 17:30:59+05:30');
INSERT INTO "Question_Text_Topic_Medium" 
(id, question_text_id, question_topic_id, instruction_medium_id, is_verified, created_at, updated_at, translation_status) 
VALUES (90237, 70237, 80237, 50001, true, '2025-06-26 17:30:59+05:30', '2025-06-26 17:30:59+05:30', 'original');
INSERT INTO "Question" (id, question_type_id, board_question, created_at, updated_at) 
VALUES (60238, 4, false, '2025-06-26 17:30:59+05:30', '2025-06-26 17:30:59+05:30');
INSERT INTO "Question_Topic" (id, question_id, topic_id, created_at, updated_at) 
VALUES (80238, 60238, 50005, '2025-06-26 17:30:59+05:30', '2025-06-26 17:30:59+05:30');
INSERT INTO "Question_Text" (id, question_id, question_text, created_at, updated_at) 
VALUES (70238, 60238, 'Statement about properties of inverse trigonometric functions is always true. (True/False)', '2025-06-26 17:30:59+05:30', '2025-06-26 17:30:59+05:30');
INSERT INTO "Question_Text_Topic_Medium" 
(id, question_text_id, question_topic_id, instruction_medium_id, is_verified, created_at, updated_at, translation_status) 
VALUES (90238, 70238, 80238, 50001, true, '2025-06-26 17:30:59+05:30', '2025-06-26 17:30:59+05:30', 'original');
INSERT INTO "Question" (id, question_type_id, board_question, created_at, updated_at) 
VALUES (60239, 4, false, '2025-06-26 17:30:59+05:30', '2025-06-26 17:30:59+05:30');
INSERT INTO "Question_Topic" (id, question_id, topic_id, created_at, updated_at) 
VALUES (80239, 60239, 50005, '2025-06-26 17:30:59+05:30', '2025-06-26 17:30:59+05:30');
INSERT INTO "Question_Text" (id, question_id, question_text, created_at, updated_at) 
VALUES (70239, 60239, 'Statement about properties of inverse trigonometric functions is always true. (True/False)', '2025-06-26 17:30:59+05:30', '2025-06-26 17:30:59+05:30');
INSERT INTO "Question_Text_Topic_Medium" 
(id, question_text_id, question_topic_id, instruction_medium_id, is_verified, created_at, updated_at, translation_status) 
VALUES (90239, 70239, 80239, 50001, true, '2025-06-26 17:30:59+05:30', '2025-06-26 17:30:59+05:30', 'original');
INSERT INTO "Question" (id, question_type_id, board_question, created_at, updated_at) 
VALUES (60240, 4, false, '2025-06-26 17:30:59+05:30', '2025-06-26 17:30:59+05:30');
INSERT INTO "Question_Topic" (id, question_id, topic_id, created_at, updated_at) 
VALUES (80240, 60240, 50005, '2025-06-26 17:30:59+05:30', '2025-06-26 17:30:59+05:30');
INSERT INTO "Question_Text" (id, question_id, question_text, created_at, updated_at) 
VALUES (70240, 60240, 'Statement about properties of inverse trigonometric functions is always true. (True/False)', '2025-06-26 17:30:59+05:30', '2025-06-26 17:30:59+05:30');
INSERT INTO "Question_Text_Topic_Medium" 
(id, question_text_id, question_topic_id, instruction_medium_id, is_verified, created_at, updated_at, translation_status) 
VALUES (90240, 70240, 80240, 50001, true, '2025-06-26 17:30:59+05:30', '2025-06-26 17:30:59+05:30', 'original');
INSERT INTO "Question" (id, question_type_id, board_question, created_at, updated_at) 
VALUES (60241, 5, false, '2025-06-26 17:30:59+05:30', '2025-06-26 17:30:59+05:30');
INSERT INTO "Question_Topic" (id, question_id, topic_id, created_at, updated_at) 
VALUES (80241, 60241, 50005, '2025-06-26 17:30:59+05:30', '2025-06-26 17:30:59+05:30');
INSERT INTO "Question_Text" (id, question_id, question_text, created_at, updated_at) 
VALUES (70241, 60241, 'Match the following concepts related to properties of inverse trigonometric functions:', '2025-06-26 17:30:59+05:30', '2025-06-26 17:30:59+05:30');
INSERT INTO "Question_Text_Topic_Medium" 
(id, question_text_id, question_topic_id, instruction_medium_id, is_verified, created_at, updated_at, translation_status) 
VALUES (90241, 70241, 80241, 50001, true, '2025-06-26 17:30:59+05:30', '2025-06-26 17:30:59+05:30', 'original');
INSERT INTO "Match_Pair" 
(id, question_text_id, left_text, right_text, created_at, updated_at) 
VALUES (110061, 70241, 'Concept A of Properties of Inverse Trigonometric Functions', 'Definition A of Properties of Inverse Trigonometric Functions', '2025-06-26 17:30:59+05:30', '2025-06-26 17:30:59+05:30');
INSERT INTO "Match_Pair" 
(id, question_text_id, left_text, right_text, created_at, updated_at) 
VALUES (110062, 70241, 'Concept B of Properties of Inverse Trigonometric Functions', 'Definition B of Properties of Inverse Trigonometric Functions', '2025-06-26 17:30:59+05:30', '2025-06-26 17:30:59+05:30');
INSERT INTO "Match_Pair" 
(id, question_text_id, left_text, right_text, created_at, updated_at) 
VALUES (110063, 70241, 'Concept C of Properties of Inverse Trigonometric Functions', 'Definition C of Properties of Inverse Trigonometric Functions', '2025-06-26 17:30:59+05:30', '2025-06-26 17:30:59+05:30');
INSERT INTO "Question" (id, question_type_id, board_question, created_at, updated_at) 
VALUES (60242, 5, false, '2025-06-26 17:30:59+05:30', '2025-06-26 17:30:59+05:30');
INSERT INTO "Question_Topic" (id, question_id, topic_id, created_at, updated_at) 
VALUES (80242, 60242, 50005, '2025-06-26 17:30:59+05:30', '2025-06-26 17:30:59+05:30');
INSERT INTO "Question_Text" (id, question_id, question_text, created_at, updated_at) 
VALUES (70242, 60242, 'Match the following concepts related to properties of inverse trigonometric functions:', '2025-06-26 17:30:59+05:30', '2025-06-26 17:30:59+05:30');
INSERT INTO "Question_Text_Topic_Medium" 
(id, question_text_id, question_topic_id, instruction_medium_id, is_verified, created_at, updated_at, translation_status) 
VALUES (90242, 70242, 80242, 50001, true, '2025-06-26 17:30:59+05:30', '2025-06-26 17:30:59+05:30', 'original');
INSERT INTO "Match_Pair" 
(id, question_text_id, left_text, right_text, created_at, updated_at) 
VALUES (110064, 70242, 'Concept A of Properties of Inverse Trigonometric Functions', 'Definition A of Properties of Inverse Trigonometric Functions', '2025-06-26 17:30:59+05:30', '2025-06-26 17:30:59+05:30');
INSERT INTO "Match_Pair" 
(id, question_text_id, left_text, right_text, created_at, updated_at) 
VALUES (110065, 70242, 'Concept B of Properties of Inverse Trigonometric Functions', 'Definition B of Properties of Inverse Trigonometric Functions', '2025-06-26 17:30:59+05:30', '2025-06-26 17:30:59+05:30');
INSERT INTO "Match_Pair" 
(id, question_text_id, left_text, right_text, created_at, updated_at) 
VALUES (110066, 70242, 'Concept C of Properties of Inverse Trigonometric Functions', 'Definition C of Properties of Inverse Trigonometric Functions', '2025-06-26 17:30:59+05:30', '2025-06-26 17:30:59+05:30');
INSERT INTO "Question" (id, question_type_id, board_question, created_at, updated_at) 
VALUES (60243, 5, false, '2025-06-26 17:30:59+05:30', '2025-06-26 17:30:59+05:30');
INSERT INTO "Question_Topic" (id, question_id, topic_id, created_at, updated_at) 
VALUES (80243, 60243, 50005, '2025-06-26 17:30:59+05:30', '2025-06-26 17:30:59+05:30');
INSERT INTO "Question_Text" (id, question_id, question_text, created_at, updated_at) 
VALUES (70243, 60243, 'Match the following concepts related to properties of inverse trigonometric functions:', '2025-06-26 17:30:59+05:30', '2025-06-26 17:30:59+05:30');
INSERT INTO "Question_Text_Topic_Medium" 
(id, question_text_id, question_topic_id, instruction_medium_id, is_verified, created_at, updated_at, translation_status) 
VALUES (90243, 70243, 80243, 50001, true, '2025-06-26 17:30:59+05:30', '2025-06-26 17:30:59+05:30', 'original');
INSERT INTO "Match_Pair" 
(id, question_text_id, left_text, right_text, created_at, updated_at) 
VALUES (110067, 70243, 'Concept A of Properties of Inverse Trigonometric Functions', 'Definition A of Properties of Inverse Trigonometric Functions', '2025-06-26 17:30:59+05:30', '2025-06-26 17:30:59+05:30');
INSERT INTO "Match_Pair" 
(id, question_text_id, left_text, right_text, created_at, updated_at) 
VALUES (110068, 70243, 'Concept B of Properties of Inverse Trigonometric Functions', 'Definition B of Properties of Inverse Trigonometric Functions', '2025-06-26 17:30:59+05:30', '2025-06-26 17:30:59+05:30');
INSERT INTO "Match_Pair" 
(id, question_text_id, left_text, right_text, created_at, updated_at) 
VALUES (110069, 70243, 'Concept C of Properties of Inverse Trigonometric Functions', 'Definition C of Properties of Inverse Trigonometric Functions', '2025-06-26 17:30:59+05:30', '2025-06-26 17:30:59+05:30');
INSERT INTO "Question" (id, question_type_id, board_question, created_at, updated_at) 
VALUES (60244, 5, false, '2025-06-26 17:30:59+05:30', '2025-06-26 17:30:59+05:30');
INSERT INTO "Question_Topic" (id, question_id, topic_id, created_at, updated_at) 
VALUES (80244, 60244, 50005, '2025-06-26 17:30:59+05:30', '2025-06-26 17:30:59+05:30');
INSERT INTO "Question_Text" (id, question_id, question_text, created_at, updated_at) 
VALUES (70244, 60244, 'Match the following concepts related to properties of inverse trigonometric functions:', '2025-06-26 17:30:59+05:30', '2025-06-26 17:30:59+05:30');
INSERT INTO "Question_Text_Topic_Medium" 
(id, question_text_id, question_topic_id, instruction_medium_id, is_verified, created_at, updated_at, translation_status) 
VALUES (90244, 70244, 80244, 50001, true, '2025-06-26 17:30:59+05:30', '2025-06-26 17:30:59+05:30', 'original');
INSERT INTO "Match_Pair" 
(id, question_text_id, left_text, right_text, created_at, updated_at) 
VALUES (110070, 70244, 'Concept A of Properties of Inverse Trigonometric Functions', 'Definition A of Properties of Inverse Trigonometric Functions', '2025-06-26 17:30:59+05:30', '2025-06-26 17:30:59+05:30');
INSERT INTO "Match_Pair" 
(id, question_text_id, left_text, right_text, created_at, updated_at) 
VALUES (110071, 70244, 'Concept B of Properties of Inverse Trigonometric Functions', 'Definition B of Properties of Inverse Trigonometric Functions', '2025-06-26 17:30:59+05:30', '2025-06-26 17:30:59+05:30');
INSERT INTO "Match_Pair" 
(id, question_text_id, left_text, right_text, created_at, updated_at) 
VALUES (110072, 70244, 'Concept C of Properties of Inverse Trigonometric Functions', 'Definition C of Properties of Inverse Trigonometric Functions', '2025-06-26 17:30:59+05:30', '2025-06-26 17:30:59+05:30');
INSERT INTO "Question" (id, question_type_id, board_question, created_at, updated_at) 
VALUES (60245, 5, false, '2025-06-26 17:30:59+05:30', '2025-06-26 17:30:59+05:30');
INSERT INTO "Question_Topic" (id, question_id, topic_id, created_at, updated_at) 
VALUES (80245, 60245, 50005, '2025-06-26 17:30:59+05:30', '2025-06-26 17:30:59+05:30');
INSERT INTO "Question_Text" (id, question_id, question_text, created_at, updated_at) 
VALUES (70245, 60245, 'Match the following concepts related to properties of inverse trigonometric functions:', '2025-06-26 17:30:59+05:30', '2025-06-26 17:30:59+05:30');
INSERT INTO "Question_Text_Topic_Medium" 
(id, question_text_id, question_topic_id, instruction_medium_id, is_verified, created_at, updated_at, translation_status) 
VALUES (90245, 70245, 80245, 50001, true, '2025-06-26 17:30:59+05:30', '2025-06-26 17:30:59+05:30', 'original');
INSERT INTO "Match_Pair" 
(id, question_text_id, left_text, right_text, created_at, updated_at) 
VALUES (110073, 70245, 'Concept A of Properties of Inverse Trigonometric Functions', 'Definition A of Properties of Inverse Trigonometric Functions', '2025-06-26 17:30:59+05:30', '2025-06-26 17:30:59+05:30');
INSERT INTO "Match_Pair" 
(id, question_text_id, left_text, right_text, created_at, updated_at) 
VALUES (110074, 70245, 'Concept B of Properties of Inverse Trigonometric Functions', 'Definition B of Properties of Inverse Trigonometric Functions', '2025-06-26 17:30:59+05:30', '2025-06-26 17:30:59+05:30');
INSERT INTO "Match_Pair" 
(id, question_text_id, left_text, right_text, created_at, updated_at) 
VALUES (110075, 70245, 'Concept C of Properties of Inverse Trigonometric Functions', 'Definition C of Properties of Inverse Trigonometric Functions', '2025-06-26 17:30:59+05:30', '2025-06-26 17:30:59+05:30');
INSERT INTO "Question" (id, question_type_id, board_question, created_at, updated_at) 
VALUES (60246, 6, false, '2025-06-26 17:30:59+05:30', '2025-06-26 17:30:59+05:30');
INSERT INTO "Question_Topic" (id, question_id, topic_id, created_at, updated_at) 
VALUES (80246, 60246, 50005, '2025-06-26 17:30:59+05:30', '2025-06-26 17:30:59+05:30');
INSERT INTO "Question_Text" (id, question_id, question_text, created_at, updated_at) 
VALUES (70246, 60246, 'In properties of inverse trigonometric functions, the main concept is _______.', '2025-06-26 17:30:59+05:30', '2025-06-26 17:30:59+05:30');
INSERT INTO "Question_Text_Topic_Medium" 
(id, question_text_id, question_topic_id, instruction_medium_id, is_verified, created_at, updated_at, translation_status) 
VALUES (90246, 70246, 80246, 50001, true, '2025-06-26 17:30:59+05:30', '2025-06-26 17:30:59+05:30', 'original');
INSERT INTO "Question" (id, question_type_id, board_question, created_at, updated_at) 
VALUES (60247, 6, false, '2025-06-26 17:30:59+05:30', '2025-06-26 17:30:59+05:30');
INSERT INTO "Question_Topic" (id, question_id, topic_id, created_at, updated_at) 
VALUES (80247, 60247, 50005, '2025-06-26 17:30:59+05:30', '2025-06-26 17:30:59+05:30');
INSERT INTO "Question_Text" (id, question_id, question_text, created_at, updated_at) 
VALUES (70247, 60247, 'In properties of inverse trigonometric functions, the main concept is _______.', '2025-06-26 17:30:59+05:30', '2025-06-26 17:30:59+05:30');
INSERT INTO "Question_Text_Topic_Medium" 
(id, question_text_id, question_topic_id, instruction_medium_id, is_verified, created_at, updated_at, translation_status) 
VALUES (90247, 70247, 80247, 50001, true, '2025-06-26 17:30:59+05:30', '2025-06-26 17:30:59+05:30', 'original');
INSERT INTO "Question" (id, question_type_id, board_question, created_at, updated_at) 
VALUES (60248, 6, false, '2025-06-26 17:30:59+05:30', '2025-06-26 17:30:59+05:30');
INSERT INTO "Question_Topic" (id, question_id, topic_id, created_at, updated_at) 
VALUES (80248, 60248, 50005, '2025-06-26 17:30:59+05:30', '2025-06-26 17:30:59+05:30');
INSERT INTO "Question_Text" (id, question_id, question_text, created_at, updated_at) 
VALUES (70248, 60248, 'In properties of inverse trigonometric functions, the main concept is _______.', '2025-06-26 17:30:59+05:30', '2025-06-26 17:30:59+05:30');
INSERT INTO "Question_Text_Topic_Medium" 
(id, question_text_id, question_topic_id, instruction_medium_id, is_verified, created_at, updated_at, translation_status) 
VALUES (90248, 70248, 80248, 50001, true, '2025-06-26 17:30:59+05:30', '2025-06-26 17:30:59+05:30', 'original');
INSERT INTO "Question" (id, question_type_id, board_question, created_at, updated_at) 
VALUES (60249, 6, false, '2025-06-26 17:30:59+05:30', '2025-06-26 17:30:59+05:30');
INSERT INTO "Question_Topic" (id, question_id, topic_id, created_at, updated_at) 
VALUES (80249, 60249, 50005, '2025-06-26 17:30:59+05:30', '2025-06-26 17:30:59+05:30');
INSERT INTO "Question_Text" (id, question_id, question_text, created_at, updated_at) 
VALUES (70249, 60249, 'In properties of inverse trigonometric functions, the main concept is _______.', '2025-06-26 17:30:59+05:30', '2025-06-26 17:30:59+05:30');
INSERT INTO "Question_Text_Topic_Medium" 
(id, question_text_id, question_topic_id, instruction_medium_id, is_verified, created_at, updated_at, translation_status) 
VALUES (90249, 70249, 80249, 50001, true, '2025-06-26 17:30:59+05:30', '2025-06-26 17:30:59+05:30', 'original');
INSERT INTO "Question" (id, question_type_id, board_question, created_at, updated_at) 
VALUES (60250, 6, false, '2025-06-26 17:30:59+05:30', '2025-06-26 17:30:59+05:30');
INSERT INTO "Question_Topic" (id, question_id, topic_id, created_at, updated_at) 
VALUES (80250, 60250, 50005, '2025-06-26 17:30:59+05:30', '2025-06-26 17:30:59+05:30');
INSERT INTO "Question_Text" (id, question_id, question_text, created_at, updated_at) 
VALUES (70250, 60250, 'In properties of inverse trigonometric functions, the main concept is _______.', '2025-06-26 17:30:59+05:30', '2025-06-26 17:30:59+05:30');
INSERT INTO "Question_Text_Topic_Medium" 
(id, question_text_id, question_topic_id, instruction_medium_id, is_verified, created_at, updated_at, translation_status) 
VALUES (90250, 70250, 80250, 50001, true, '2025-06-26 17:30:59+05:30', '2025-06-26 17:30:59+05:30', 'original');
INSERT INTO "Question" (id, question_type_id, board_question, created_at, updated_at) 
VALUES (60251, 7, false, '2025-06-26 17:30:59+05:30', '2025-06-26 17:30:59+05:30');
INSERT INTO "Question_Topic" (id, question_id, topic_id, created_at, updated_at) 
VALUES (80251, 60251, 50005, '2025-06-26 17:30:59+05:30', '2025-06-26 17:30:59+05:30');
INSERT INTO "Question_Text" (id, question_id, question_text, created_at, updated_at) 
VALUES (70251, 60251, 'What is the key term in properties of inverse trigonometric functions?', '2025-06-26 17:30:59+05:30', '2025-06-26 17:30:59+05:30');
INSERT INTO "Question_Text_Topic_Medium" 
(id, question_text_id, question_topic_id, instruction_medium_id, is_verified, created_at, updated_at, translation_status) 
VALUES (90251, 70251, 80251, 50001, true, '2025-06-26 17:30:59+05:30', '2025-06-26 17:30:59+05:30', 'original');
INSERT INTO "Question" (id, question_type_id, board_question, created_at, updated_at) 
VALUES (60252, 7, false, '2025-06-26 17:30:59+05:30', '2025-06-26 17:30:59+05:30');
INSERT INTO "Question_Topic" (id, question_id, topic_id, created_at, updated_at) 
VALUES (80252, 60252, 50005, '2025-06-26 17:30:59+05:30', '2025-06-26 17:30:59+05:30');
INSERT INTO "Question_Text" (id, question_id, question_text, created_at, updated_at) 
VALUES (70252, 60252, 'What is the key term in properties of inverse trigonometric functions?', '2025-06-26 17:30:59+05:30', '2025-06-26 17:30:59+05:30');
INSERT INTO "Question_Text_Topic_Medium" 
(id, question_text_id, question_topic_id, instruction_medium_id, is_verified, created_at, updated_at, translation_status) 
VALUES (90252, 70252, 80252, 50001, true, '2025-06-26 17:30:59+05:30', '2025-06-26 17:30:59+05:30', 'original');
INSERT INTO "Question" (id, question_type_id, board_question, created_at, updated_at) 
VALUES (60253, 7, false, '2025-06-26 17:30:59+05:30', '2025-06-26 17:30:59+05:30');
INSERT INTO "Question_Topic" (id, question_id, topic_id, created_at, updated_at) 
VALUES (80253, 60253, 50005, '2025-06-26 17:30:59+05:30', '2025-06-26 17:30:59+05:30');
INSERT INTO "Question_Text" (id, question_id, question_text, created_at, updated_at) 
VALUES (70253, 60253, 'What is the key term in properties of inverse trigonometric functions?', '2025-06-26 17:30:59+05:30', '2025-06-26 17:30:59+05:30');
INSERT INTO "Question_Text_Topic_Medium" 
(id, question_text_id, question_topic_id, instruction_medium_id, is_verified, created_at, updated_at, translation_status) 
VALUES (90253, 70253, 80253, 50001, true, '2025-06-26 17:30:59+05:30', '2025-06-26 17:30:59+05:30', 'original');
INSERT INTO "Question" (id, question_type_id, board_question, created_at, updated_at) 
VALUES (60254, 7, false, '2025-06-26 17:30:59+05:30', '2025-06-26 17:30:59+05:30');
INSERT INTO "Question_Topic" (id, question_id, topic_id, created_at, updated_at) 
VALUES (80254, 60254, 50005, '2025-06-26 17:30:59+05:30', '2025-06-26 17:30:59+05:30');
INSERT INTO "Question_Text" (id, question_id, question_text, created_at, updated_at) 
VALUES (70254, 60254, 'What is the key term in properties of inverse trigonometric functions?', '2025-06-26 17:30:59+05:30', '2025-06-26 17:30:59+05:30');
INSERT INTO "Question_Text_Topic_Medium" 
(id, question_text_id, question_topic_id, instruction_medium_id, is_verified, created_at, updated_at, translation_status) 
VALUES (90254, 70254, 80254, 50001, true, '2025-06-26 17:30:59+05:30', '2025-06-26 17:30:59+05:30', 'original');
INSERT INTO "Question" (id, question_type_id, board_question, created_at, updated_at) 
VALUES (60255, 7, false, '2025-06-26 17:30:59+05:30', '2025-06-26 17:30:59+05:30');
INSERT INTO "Question_Topic" (id, question_id, topic_id, created_at, updated_at) 
VALUES (80255, 60255, 50005, '2025-06-26 17:30:59+05:30', '2025-06-26 17:30:59+05:30');
INSERT INTO "Question_Text" (id, question_id, question_text, created_at, updated_at) 
VALUES (70255, 60255, 'What is the key term in properties of inverse trigonometric functions?', '2025-06-26 17:30:59+05:30', '2025-06-26 17:30:59+05:30');
INSERT INTO "Question_Text_Topic_Medium" 
(id, question_text_id, question_topic_id, instruction_medium_id, is_verified, created_at, updated_at, translation_status) 
VALUES (90255, 70255, 80255, 50001, true, '2025-06-26 17:30:59+05:30', '2025-06-26 17:30:59+05:30', 'original');
INSERT INTO "Question" (id, question_type_id, board_question, created_at, updated_at) 
VALUES (60256, 8, false, '2025-06-26 17:30:59+05:30', '2025-06-26 17:30:59+05:30');
INSERT INTO "Question_Topic" (id, question_id, topic_id, created_at, updated_at) 
VALUES (80256, 60256, 50005, '2025-06-26 17:30:59+05:30', '2025-06-26 17:30:59+05:30');
INSERT INTO "Question_Text" (id, question_id, question_text, created_at, updated_at) 
VALUES (70256, 60256, 'Question about properties of inverse trigonometric functions - Type: Give Scientific Reasons', '2025-06-26 17:30:59+05:30', '2025-06-26 17:30:59+05:30');
INSERT INTO "Question_Text_Topic_Medium" 
(id, question_text_id, question_topic_id, instruction_medium_id, is_verified, created_at, updated_at, translation_status) 
VALUES (90256, 70256, 80256, 50001, true, '2025-06-26 17:30:59+05:30', '2025-06-26 17:30:59+05:30', 'original');
INSERT INTO "Question" (id, question_type_id, board_question, created_at, updated_at) 
VALUES (60257, 8, false, '2025-06-26 17:30:59+05:30', '2025-06-26 17:30:59+05:30');
INSERT INTO "Question_Topic" (id, question_id, topic_id, created_at, updated_at) 
VALUES (80257, 60257, 50005, '2025-06-26 17:30:59+05:30', '2025-06-26 17:30:59+05:30');
INSERT INTO "Question_Text" (id, question_id, question_text, created_at, updated_at) 
VALUES (70257, 60257, 'Question about properties of inverse trigonometric functions - Type: Give Scientific Reasons', '2025-06-26 17:30:59+05:30', '2025-06-26 17:30:59+05:30');
INSERT INTO "Question_Text_Topic_Medium" 
(id, question_text_id, question_topic_id, instruction_medium_id, is_verified, created_at, updated_at, translation_status) 
VALUES (90257, 70257, 80257, 50001, true, '2025-06-26 17:30:59+05:30', '2025-06-26 17:30:59+05:30', 'original');
INSERT INTO "Question" (id, question_type_id, board_question, created_at, updated_at) 
VALUES (60258, 8, false, '2025-06-26 17:30:59+05:30', '2025-06-26 17:30:59+05:30');
INSERT INTO "Question_Topic" (id, question_id, topic_id, created_at, updated_at) 
VALUES (80258, 60258, 50005, '2025-06-26 17:30:59+05:30', '2025-06-26 17:30:59+05:30');
INSERT INTO "Question_Text" (id, question_id, question_text, created_at, updated_at) 
VALUES (70258, 60258, 'Question about properties of inverse trigonometric functions - Type: Give Scientific Reasons', '2025-06-26 17:30:59+05:30', '2025-06-26 17:30:59+05:30');
INSERT INTO "Question_Text_Topic_Medium" 
(id, question_text_id, question_topic_id, instruction_medium_id, is_verified, created_at, updated_at, translation_status) 
VALUES (90258, 70258, 80258, 50001, true, '2025-06-26 17:30:59+05:30', '2025-06-26 17:30:59+05:30', 'original');
INSERT INTO "Question" (id, question_type_id, board_question, created_at, updated_at) 
VALUES (60259, 8, false, '2025-06-26 17:30:59+05:30', '2025-06-26 17:30:59+05:30');
INSERT INTO "Question_Topic" (id, question_id, topic_id, created_at, updated_at) 
VALUES (80259, 60259, 50005, '2025-06-26 17:30:59+05:30', '2025-06-26 17:30:59+05:30');
INSERT INTO "Question_Text" (id, question_id, question_text, created_at, updated_at) 
VALUES (70259, 60259, 'Question about properties of inverse trigonometric functions - Type: Give Scientific Reasons', '2025-06-26 17:30:59+05:30', '2025-06-26 17:30:59+05:30');
INSERT INTO "Question_Text_Topic_Medium" 
(id, question_text_id, question_topic_id, instruction_medium_id, is_verified, created_at, updated_at, translation_status) 
VALUES (90259, 70259, 80259, 50001, true, '2025-06-26 17:30:59+05:30', '2025-06-26 17:30:59+05:30', 'original');
INSERT INTO "Question" (id, question_type_id, board_question, created_at, updated_at) 
VALUES (60260, 8, false, '2025-06-26 17:30:59+05:30', '2025-06-26 17:30:59+05:30');
INSERT INTO "Question_Topic" (id, question_id, topic_id, created_at, updated_at) 
VALUES (80260, 60260, 50005, '2025-06-26 17:30:59+05:30', '2025-06-26 17:30:59+05:30');
INSERT INTO "Question_Text" (id, question_id, question_text, created_at, updated_at) 
VALUES (70260, 60260, 'Question about properties of inverse trigonometric functions - Type: Give Scientific Reasons', '2025-06-26 17:30:59+05:30', '2025-06-26 17:30:59+05:30');
INSERT INTO "Question_Text_Topic_Medium" 
(id, question_text_id, question_topic_id, instruction_medium_id, is_verified, created_at, updated_at, translation_status) 
VALUES (90260, 70260, 80260, 50001, true, '2025-06-26 17:30:59+05:30', '2025-06-26 17:30:59+05:30', 'original');
INSERT INTO "Question" (id, question_type_id, board_question, created_at, updated_at) 
VALUES (60261, 9, false, '2025-06-26 17:30:59+05:30', '2025-06-26 17:30:59+05:30');
INSERT INTO "Question_Topic" (id, question_id, topic_id, created_at, updated_at) 
VALUES (80261, 60261, 50005, '2025-06-26 17:30:59+05:30', '2025-06-26 17:30:59+05:30');
INSERT INTO "Question_Text" (id, question_id, question_text, created_at, updated_at) 
VALUES (70261, 60261, 'Explain the concept of properties of inverse trigonometric functions with an example.', '2025-06-26 17:30:59+05:30', '2025-06-26 17:30:59+05:30');
INSERT INTO "Question_Text_Topic_Medium" 
(id, question_text_id, question_topic_id, instruction_medium_id, is_verified, created_at, updated_at, translation_status) 
VALUES (90261, 70261, 80261, 50001, true, '2025-06-26 17:30:59+05:30', '2025-06-26 17:30:59+05:30', 'original');
INSERT INTO "Question" (id, question_type_id, board_question, created_at, updated_at) 
VALUES (60262, 9, false, '2025-06-26 17:30:59+05:30', '2025-06-26 17:30:59+05:30');
INSERT INTO "Question_Topic" (id, question_id, topic_id, created_at, updated_at) 
VALUES (80262, 60262, 50005, '2025-06-26 17:30:59+05:30', '2025-06-26 17:30:59+05:30');
INSERT INTO "Question_Text" (id, question_id, question_text, created_at, updated_at) 
VALUES (70262, 60262, 'Explain the concept of properties of inverse trigonometric functions with an example.', '2025-06-26 17:30:59+05:30', '2025-06-26 17:30:59+05:30');
INSERT INTO "Question_Text_Topic_Medium" 
(id, question_text_id, question_topic_id, instruction_medium_id, is_verified, created_at, updated_at, translation_status) 
VALUES (90262, 70262, 80262, 50001, true, '2025-06-26 17:30:59+05:30', '2025-06-26 17:30:59+05:30', 'original');
INSERT INTO "Question" (id, question_type_id, board_question, created_at, updated_at) 
VALUES (60263, 9, false, '2025-06-26 17:30:59+05:30', '2025-06-26 17:30:59+05:30');
INSERT INTO "Question_Topic" (id, question_id, topic_id, created_at, updated_at) 
VALUES (80263, 60263, 50005, '2025-06-26 17:30:59+05:30', '2025-06-26 17:30:59+05:30');
INSERT INTO "Question_Text" (id, question_id, question_text, created_at, updated_at) 
VALUES (70263, 60263, 'Explain the concept of properties of inverse trigonometric functions with an example.', '2025-06-26 17:30:59+05:30', '2025-06-26 17:30:59+05:30');
INSERT INTO "Question_Text_Topic_Medium" 
(id, question_text_id, question_topic_id, instruction_medium_id, is_verified, created_at, updated_at, translation_status) 
VALUES (90263, 70263, 80263, 50001, true, '2025-06-26 17:30:59+05:30', '2025-06-26 17:30:59+05:30', 'original');
INSERT INTO "Question" (id, question_type_id, board_question, created_at, updated_at) 
VALUES (60264, 9, false, '2025-06-26 17:30:59+05:30', '2025-06-26 17:30:59+05:30');
INSERT INTO "Question_Topic" (id, question_id, topic_id, created_at, updated_at) 
VALUES (80264, 60264, 50005, '2025-06-26 17:30:59+05:30', '2025-06-26 17:30:59+05:30');
INSERT INTO "Question_Text" (id, question_id, question_text, created_at, updated_at) 
VALUES (70264, 60264, 'Explain the concept of properties of inverse trigonometric functions with an example.', '2025-06-26 17:30:59+05:30', '2025-06-26 17:30:59+05:30');
INSERT INTO "Question_Text_Topic_Medium" 
(id, question_text_id, question_topic_id, instruction_medium_id, is_verified, created_at, updated_at, translation_status) 
VALUES (90264, 70264, 80264, 50001, true, '2025-06-26 17:30:59+05:30', '2025-06-26 17:30:59+05:30', 'original');
INSERT INTO "Question" (id, question_type_id, board_question, created_at, updated_at) 
VALUES (60265, 9, false, '2025-06-26 17:30:59+05:30', '2025-06-26 17:30:59+05:30');
INSERT INTO "Question_Topic" (id, question_id, topic_id, created_at, updated_at) 
VALUES (80265, 60265, 50005, '2025-06-26 17:30:59+05:30', '2025-06-26 17:30:59+05:30');
INSERT INTO "Question_Text" (id, question_id, question_text, created_at, updated_at) 
VALUES (70265, 60265, 'Explain the concept of properties of inverse trigonometric functions with an example.', '2025-06-26 17:30:59+05:30', '2025-06-26 17:30:59+05:30');
INSERT INTO "Question_Text_Topic_Medium" 
(id, question_text_id, question_topic_id, instruction_medium_id, is_verified, created_at, updated_at, translation_status) 
VALUES (90265, 70265, 80265, 50001, true, '2025-06-26 17:30:59+05:30', '2025-06-26 17:30:59+05:30', 'original');
INSERT INTO "Question" (id, question_type_id, board_question, created_at, updated_at) 
VALUES (60266, 10, false, '2025-06-26 17:30:59+05:30', '2025-06-26 17:30:59+05:30');
INSERT INTO "Question_Topic" (id, question_id, topic_id, created_at, updated_at) 
VALUES (80266, 60266, 50005, '2025-06-26 17:30:59+05:30', '2025-06-26 17:30:59+05:30');
INSERT INTO "Question_Text" (id, question_id, question_text, created_at, updated_at) 
VALUES (70266, 60266, 'Question about properties of inverse trigonometric functions - Type: Complete and Identify Reaction', '2025-06-26 17:30:59+05:30', '2025-06-26 17:30:59+05:30');
INSERT INTO "Question_Text_Topic_Medium" 
(id, question_text_id, question_topic_id, instruction_medium_id, is_verified, created_at, updated_at, translation_status) 
VALUES (90266, 70266, 80266, 50001, true, '2025-06-26 17:30:59+05:30', '2025-06-26 17:30:59+05:30', 'original');
INSERT INTO "Question" (id, question_type_id, board_question, created_at, updated_at) 
VALUES (60267, 10, false, '2025-06-26 17:30:59+05:30', '2025-06-26 17:30:59+05:30');
INSERT INTO "Question_Topic" (id, question_id, topic_id, created_at, updated_at) 
VALUES (80267, 60267, 50005, '2025-06-26 17:30:59+05:30', '2025-06-26 17:30:59+05:30');
INSERT INTO "Question_Text" (id, question_id, question_text, created_at, updated_at) 
VALUES (70267, 60267, 'Question about properties of inverse trigonometric functions - Type: Complete and Identify Reaction', '2025-06-26 17:30:59+05:30', '2025-06-26 17:30:59+05:30');
INSERT INTO "Question_Text_Topic_Medium" 
(id, question_text_id, question_topic_id, instruction_medium_id, is_verified, created_at, updated_at, translation_status) 
VALUES (90267, 70267, 80267, 50001, true, '2025-06-26 17:30:59+05:30', '2025-06-26 17:30:59+05:30', 'original');
INSERT INTO "Question" (id, question_type_id, board_question, created_at, updated_at) 
VALUES (60268, 10, false, '2025-06-26 17:30:59+05:30', '2025-06-26 17:30:59+05:30');
INSERT INTO "Question_Topic" (id, question_id, topic_id, created_at, updated_at) 
VALUES (80268, 60268, 50005, '2025-06-26 17:30:59+05:30', '2025-06-26 17:30:59+05:30');
INSERT INTO "Question_Text" (id, question_id, question_text, created_at, updated_at) 
VALUES (70268, 60268, 'Question about properties of inverse trigonometric functions - Type: Complete and Identify Reaction', '2025-06-26 17:30:59+05:30', '2025-06-26 17:30:59+05:30');
INSERT INTO "Question_Text_Topic_Medium" 
(id, question_text_id, question_topic_id, instruction_medium_id, is_verified, created_at, updated_at, translation_status) 
VALUES (90268, 70268, 80268, 50001, true, '2025-06-26 17:30:59+05:30', '2025-06-26 17:30:59+05:30', 'original');
INSERT INTO "Question" (id, question_type_id, board_question, created_at, updated_at) 
VALUES (60269, 10, false, '2025-06-26 17:30:59+05:30', '2025-06-26 17:30:59+05:30');
INSERT INTO "Question_Topic" (id, question_id, topic_id, created_at, updated_at) 
VALUES (80269, 60269, 50005, '2025-06-26 17:30:59+05:30', '2025-06-26 17:30:59+05:30');
INSERT INTO "Question_Text" (id, question_id, question_text, created_at, updated_at) 
VALUES (70269, 60269, 'Question about properties of inverse trigonometric functions - Type: Complete and Identify Reaction', '2025-06-26 17:30:59+05:30', '2025-06-26 17:30:59+05:30');
INSERT INTO "Question_Text_Topic_Medium" 
(id, question_text_id, question_topic_id, instruction_medium_id, is_verified, created_at, updated_at, translation_status) 
VALUES (90269, 70269, 80269, 50001, true, '2025-06-26 17:30:59+05:30', '2025-06-26 17:30:59+05:30', 'original');
INSERT INTO "Question" (id, question_type_id, board_question, created_at, updated_at) 
VALUES (60270, 10, false, '2025-06-26 17:30:59+05:30', '2025-06-26 17:30:59+05:30');
INSERT INTO "Question_Topic" (id, question_id, topic_id, created_at, updated_at) 
VALUES (80270, 60270, 50005, '2025-06-26 17:30:59+05:30', '2025-06-26 17:30:59+05:30');
INSERT INTO "Question_Text" (id, question_id, question_text, created_at, updated_at) 
VALUES (70270, 60270, 'Question about properties of inverse trigonometric functions - Type: Complete and Identify Reaction', '2025-06-26 17:30:59+05:30', '2025-06-26 17:30:59+05:30');
INSERT INTO "Question_Text_Topic_Medium" 
(id, question_text_id, question_topic_id, instruction_medium_id, is_verified, created_at, updated_at, translation_status) 
VALUES (90270, 70270, 80270, 50001, true, '2025-06-26 17:30:59+05:30', '2025-06-26 17:30:59+05:30', 'original');
INSERT INTO "Question" (id, question_type_id, board_question, created_at, updated_at) 
VALUES (60271, 11, false, '2025-06-26 17:30:59+05:30', '2025-06-26 17:30:59+05:30');
INSERT INTO "Question_Topic" (id, question_id, topic_id, created_at, updated_at) 
VALUES (80271, 60271, 50005, '2025-06-26 17:30:59+05:30', '2025-06-26 17:30:59+05:30');
INSERT INTO "Question_Text" (id, question_id, question_text, created_at, updated_at) 
VALUES (70271, 60271, 'Question about properties of inverse trigonometric functions - Type: Short Note', '2025-06-26 17:30:59+05:30', '2025-06-26 17:30:59+05:30');
INSERT INTO "Question_Text_Topic_Medium" 
(id, question_text_id, question_topic_id, instruction_medium_id, is_verified, created_at, updated_at, translation_status) 
VALUES (90271, 70271, 80271, 50001, true, '2025-06-26 17:30:59+05:30', '2025-06-26 17:30:59+05:30', 'original');
INSERT INTO "Question" (id, question_type_id, board_question, created_at, updated_at) 
VALUES (60272, 11, false, '2025-06-26 17:30:59+05:30', '2025-06-26 17:30:59+05:30');
INSERT INTO "Question_Topic" (id, question_id, topic_id, created_at, updated_at) 
VALUES (80272, 60272, 50005, '2025-06-26 17:30:59+05:30', '2025-06-26 17:30:59+05:30');
INSERT INTO "Question_Text" (id, question_id, question_text, created_at, updated_at) 
VALUES (70272, 60272, 'Question about properties of inverse trigonometric functions - Type: Short Note', '2025-06-26 17:30:59+05:30', '2025-06-26 17:30:59+05:30');
INSERT INTO "Question_Text_Topic_Medium" 
(id, question_text_id, question_topic_id, instruction_medium_id, is_verified, created_at, updated_at, translation_status) 
VALUES (90272, 70272, 80272, 50001, true, '2025-06-26 17:30:59+05:30', '2025-06-26 17:30:59+05:30', 'original');
INSERT INTO "Question" (id, question_type_id, board_question, created_at, updated_at) 
VALUES (60273, 11, false, '2025-06-26 17:30:59+05:30', '2025-06-26 17:30:59+05:30');
INSERT INTO "Question_Topic" (id, question_id, topic_id, created_at, updated_at) 
VALUES (80273, 60273, 50005, '2025-06-26 17:30:59+05:30', '2025-06-26 17:30:59+05:30');
INSERT INTO "Question_Text" (id, question_id, question_text, created_at, updated_at) 
VALUES (70273, 60273, 'Question about properties of inverse trigonometric functions - Type: Short Note', '2025-06-26 17:30:59+05:30', '2025-06-26 17:30:59+05:30');
INSERT INTO "Question_Text_Topic_Medium" 
(id, question_text_id, question_topic_id, instruction_medium_id, is_verified, created_at, updated_at, translation_status) 
VALUES (90273, 70273, 80273, 50001, true, '2025-06-26 17:30:59+05:30', '2025-06-26 17:30:59+05:30', 'original');
INSERT INTO "Question" (id, question_type_id, board_question, created_at, updated_at) 
VALUES (60274, 11, false, '2025-06-26 17:30:59+05:30', '2025-06-26 17:30:59+05:30');
INSERT INTO "Question_Topic" (id, question_id, topic_id, created_at, updated_at) 
VALUES (80274, 60274, 50005, '2025-06-26 17:30:59+05:30', '2025-06-26 17:30:59+05:30');
INSERT INTO "Question_Text" (id, question_id, question_text, created_at, updated_at) 
VALUES (70274, 60274, 'Question about properties of inverse trigonometric functions - Type: Short Note', '2025-06-26 17:30:59+05:30', '2025-06-26 17:30:59+05:30');
INSERT INTO "Question_Text_Topic_Medium" 
(id, question_text_id, question_topic_id, instruction_medium_id, is_verified, created_at, updated_at, translation_status) 
VALUES (90274, 70274, 80274, 50001, true, '2025-06-26 17:30:59+05:30', '2025-06-26 17:30:59+05:30', 'original');
INSERT INTO "Question" (id, question_type_id, board_question, created_at, updated_at) 
VALUES (60275, 11, false, '2025-06-26 17:30:59+05:30', '2025-06-26 17:30:59+05:30');
INSERT INTO "Question_Topic" (id, question_id, topic_id, created_at, updated_at) 
VALUES (80275, 60275, 50005, '2025-06-26 17:30:59+05:30', '2025-06-26 17:30:59+05:30');
INSERT INTO "Question_Text" (id, question_id, question_text, created_at, updated_at) 
VALUES (70275, 60275, 'Question about properties of inverse trigonometric functions - Type: Short Note', '2025-06-26 17:30:59+05:30', '2025-06-26 17:30:59+05:30');
INSERT INTO "Question_Text_Topic_Medium" 
(id, question_text_id, question_topic_id, instruction_medium_id, is_verified, created_at, updated_at, translation_status) 
VALUES (90275, 70275, 80275, 50001, true, '2025-06-26 17:30:59+05:30', '2025-06-26 17:30:59+05:30', 'original');
INSERT INTO "Question" (id, question_type_id, board_question, created_at, updated_at) 
VALUES (60276, 1, false, '2025-06-26 17:30:59+05:30', '2025-06-26 17:30:59+05:30');
INSERT INTO "Question_Topic" (id, question_id, topic_id, created_at, updated_at) 
VALUES (80276, 60276, 50006, '2025-06-26 17:30:59+05:30', '2025-06-26 17:30:59+05:30');
INSERT INTO "Question_Text" (id, question_id, question_text, created_at, updated_at) 
VALUES (70276, 60276, 'Which of the following is true about introduction to matrices?', '2025-06-26 17:30:59+05:30', '2025-06-26 17:30:59+05:30');
INSERT INTO "Question_Text_Topic_Medium" 
(id, question_text_id, question_topic_id, instruction_medium_id, is_verified, created_at, updated_at, translation_status) 
VALUES (90276, 70276, 80276, 50001, true, '2025-06-26 17:30:59+05:30', '2025-06-26 17:30:59+05:30', 'original');
INSERT INTO "Mcq_Option" 
(id, question_text_id, option_text, is_correct, created_at, updated_at) 
VALUES (100101, 70276, 'Correct answer for Introduction to Matrices', true, '2025-06-26 17:30:59+05:30', '2025-06-26 17:30:59+05:30');
INSERT INTO "Mcq_Option" 
(id, question_text_id, option_text, is_correct, created_at, updated_at) 
VALUES (100102, 70276, 'Incorrect option A for Introduction to Matrices', false, '2025-06-26 17:30:59+05:30', '2025-06-26 17:30:59+05:30');
INSERT INTO "Mcq_Option" 
(id, question_text_id, option_text, is_correct, created_at, updated_at) 
VALUES (100103, 70276, 'Incorrect option B for Introduction to Matrices', false, '2025-06-26 17:30:59+05:30', '2025-06-26 17:30:59+05:30');
INSERT INTO "Mcq_Option" 
(id, question_text_id, option_text, is_correct, created_at, updated_at) 
VALUES (100104, 70276, 'Incorrect option C for Introduction to Matrices', false, '2025-06-26 17:30:59+05:30', '2025-06-26 17:30:59+05:30');
INSERT INTO "Question" (id, question_type_id, board_question, created_at, updated_at) 
VALUES (60277, 1, false, '2025-06-26 17:30:59+05:30', '2025-06-26 17:30:59+05:30');
INSERT INTO "Question_Topic" (id, question_id, topic_id, created_at, updated_at) 
VALUES (80277, 60277, 50006, '2025-06-26 17:30:59+05:30', '2025-06-26 17:30:59+05:30');
INSERT INTO "Question_Text" (id, question_id, question_text, created_at, updated_at) 
VALUES (70277, 60277, 'Which of the following is true about introduction to matrices?', '2025-06-26 17:30:59+05:30', '2025-06-26 17:30:59+05:30');
INSERT INTO "Question_Text_Topic_Medium" 
(id, question_text_id, question_topic_id, instruction_medium_id, is_verified, created_at, updated_at, translation_status) 
VALUES (90277, 70277, 80277, 50001, true, '2025-06-26 17:30:59+05:30', '2025-06-26 17:30:59+05:30', 'original');
INSERT INTO "Mcq_Option" 
(id, question_text_id, option_text, is_correct, created_at, updated_at) 
VALUES (100105, 70277, 'Correct answer for Introduction to Matrices', true, '2025-06-26 17:30:59+05:30', '2025-06-26 17:30:59+05:30');
INSERT INTO "Mcq_Option" 
(id, question_text_id, option_text, is_correct, created_at, updated_at) 
VALUES (100106, 70277, 'Incorrect option A for Introduction to Matrices', false, '2025-06-26 17:30:59+05:30', '2025-06-26 17:30:59+05:30');
INSERT INTO "Mcq_Option" 
(id, question_text_id, option_text, is_correct, created_at, updated_at) 
VALUES (100107, 70277, 'Incorrect option B for Introduction to Matrices', false, '2025-06-26 17:30:59+05:30', '2025-06-26 17:30:59+05:30');
INSERT INTO "Mcq_Option" 
(id, question_text_id, option_text, is_correct, created_at, updated_at) 
VALUES (100108, 70277, 'Incorrect option C for Introduction to Matrices', false, '2025-06-26 17:30:59+05:30', '2025-06-26 17:30:59+05:30');
INSERT INTO "Question" (id, question_type_id, board_question, created_at, updated_at) 
VALUES (60278, 1, false, '2025-06-26 17:30:59+05:30', '2025-06-26 17:30:59+05:30');
INSERT INTO "Question_Topic" (id, question_id, topic_id, created_at, updated_at) 
VALUES (80278, 60278, 50006, '2025-06-26 17:30:59+05:30', '2025-06-26 17:30:59+05:30');
INSERT INTO "Question_Text" (id, question_id, question_text, created_at, updated_at) 
VALUES (70278, 60278, 'Which of the following is true about introduction to matrices?', '2025-06-26 17:30:59+05:30', '2025-06-26 17:30:59+05:30');
INSERT INTO "Question_Text_Topic_Medium" 
(id, question_text_id, question_topic_id, instruction_medium_id, is_verified, created_at, updated_at, translation_status) 
VALUES (90278, 70278, 80278, 50001, true, '2025-06-26 17:30:59+05:30', '2025-06-26 17:30:59+05:30', 'original');
INSERT INTO "Mcq_Option" 
(id, question_text_id, option_text, is_correct, created_at, updated_at) 
VALUES (100109, 70278, 'Correct answer for Introduction to Matrices', true, '2025-06-26 17:30:59+05:30', '2025-06-26 17:30:59+05:30');
INSERT INTO "Mcq_Option" 
(id, question_text_id, option_text, is_correct, created_at, updated_at) 
VALUES (100110, 70278, 'Incorrect option A for Introduction to Matrices', false, '2025-06-26 17:30:59+05:30', '2025-06-26 17:30:59+05:30');
INSERT INTO "Mcq_Option" 
(id, question_text_id, option_text, is_correct, created_at, updated_at) 
VALUES (100111, 70278, 'Incorrect option B for Introduction to Matrices', false, '2025-06-26 17:30:59+05:30', '2025-06-26 17:30:59+05:30');
INSERT INTO "Mcq_Option" 
(id, question_text_id, option_text, is_correct, created_at, updated_at) 
VALUES (100112, 70278, 'Incorrect option C for Introduction to Matrices', false, '2025-06-26 17:30:59+05:30', '2025-06-26 17:30:59+05:30');
INSERT INTO "Question" (id, question_type_id, board_question, created_at, updated_at) 
VALUES (60279, 1, false, '2025-06-26 17:30:59+05:30', '2025-06-26 17:30:59+05:30');
INSERT INTO "Question_Topic" (id, question_id, topic_id, created_at, updated_at) 
VALUES (80279, 60279, 50006, '2025-06-26 17:30:59+05:30', '2025-06-26 17:30:59+05:30');
INSERT INTO "Question_Text" (id, question_id, question_text, created_at, updated_at) 
VALUES (70279, 60279, 'Which of the following is true about introduction to matrices?', '2025-06-26 17:30:59+05:30', '2025-06-26 17:30:59+05:30');
INSERT INTO "Question_Text_Topic_Medium" 
(id, question_text_id, question_topic_id, instruction_medium_id, is_verified, created_at, updated_at, translation_status) 
VALUES (90279, 70279, 80279, 50001, true, '2025-06-26 17:30:59+05:30', '2025-06-26 17:30:59+05:30', 'original');
INSERT INTO "Mcq_Option" 
(id, question_text_id, option_text, is_correct, created_at, updated_at) 
VALUES (100113, 70279, 'Correct answer for Introduction to Matrices', true, '2025-06-26 17:30:59+05:30', '2025-06-26 17:30:59+05:30');
INSERT INTO "Mcq_Option" 
(id, question_text_id, option_text, is_correct, created_at, updated_at) 
VALUES (100114, 70279, 'Incorrect option A for Introduction to Matrices', false, '2025-06-26 17:30:59+05:30', '2025-06-26 17:30:59+05:30');
INSERT INTO "Mcq_Option" 
(id, question_text_id, option_text, is_correct, created_at, updated_at) 
VALUES (100115, 70279, 'Incorrect option B for Introduction to Matrices', false, '2025-06-26 17:30:59+05:30', '2025-06-26 17:30:59+05:30');
INSERT INTO "Mcq_Option" 
(id, question_text_id, option_text, is_correct, created_at, updated_at) 
VALUES (100116, 70279, 'Incorrect option C for Introduction to Matrices', false, '2025-06-26 17:30:59+05:30', '2025-06-26 17:30:59+05:30');
INSERT INTO "Question" (id, question_type_id, board_question, created_at, updated_at) 
VALUES (60280, 1, false, '2025-06-26 17:30:59+05:30', '2025-06-26 17:30:59+05:30');
INSERT INTO "Question_Topic" (id, question_id, topic_id, created_at, updated_at) 
VALUES (80280, 60280, 50006, '2025-06-26 17:30:59+05:30', '2025-06-26 17:30:59+05:30');
INSERT INTO "Question_Text" (id, question_id, question_text, created_at, updated_at) 
VALUES (70280, 60280, 'Which of the following is true about introduction to matrices?', '2025-06-26 17:30:59+05:30', '2025-06-26 17:30:59+05:30');
INSERT INTO "Question_Text_Topic_Medium" 
(id, question_text_id, question_topic_id, instruction_medium_id, is_verified, created_at, updated_at, translation_status) 
VALUES (90280, 70280, 80280, 50001, true, '2025-06-26 17:30:59+05:30', '2025-06-26 17:30:59+05:30', 'original');
INSERT INTO "Mcq_Option" 
(id, question_text_id, option_text, is_correct, created_at, updated_at) 
VALUES (100117, 70280, 'Correct answer for Introduction to Matrices', true, '2025-06-26 17:30:59+05:30', '2025-06-26 17:30:59+05:30');
INSERT INTO "Mcq_Option" 
(id, question_text_id, option_text, is_correct, created_at, updated_at) 
VALUES (100118, 70280, 'Incorrect option A for Introduction to Matrices', false, '2025-06-26 17:30:59+05:30', '2025-06-26 17:30:59+05:30');
INSERT INTO "Mcq_Option" 
(id, question_text_id, option_text, is_correct, created_at, updated_at) 
VALUES (100119, 70280, 'Incorrect option B for Introduction to Matrices', false, '2025-06-26 17:30:59+05:30', '2025-06-26 17:30:59+05:30');
INSERT INTO "Mcq_Option" 
(id, question_text_id, option_text, is_correct, created_at, updated_at) 
VALUES (100120, 70280, 'Incorrect option C for Introduction to Matrices', false, '2025-06-26 17:30:59+05:30', '2025-06-26 17:30:59+05:30');
INSERT INTO "Question" (id, question_type_id, board_question, created_at, updated_at) 
VALUES (60281, 2, false, '2025-06-26 17:30:59+05:30', '2025-06-26 17:30:59+05:30');
INSERT INTO "Question_Topic" (id, question_id, topic_id, created_at, updated_at) 
VALUES (80281, 60281, 50006, '2025-06-26 17:30:59+05:30', '2025-06-26 17:30:59+05:30');
INSERT INTO "Question_Text" (id, question_id, question_text, created_at, updated_at) 
VALUES (70281, 60281, 'Question about introduction to matrices - Type: Odd One Out', '2025-06-26 17:30:59+05:30', '2025-06-26 17:30:59+05:30');
INSERT INTO "Question_Text_Topic_Medium" 
(id, question_text_id, question_topic_id, instruction_medium_id, is_verified, created_at, updated_at, translation_status) 
VALUES (90281, 70281, 80281, 50001, true, '2025-06-26 17:30:59+05:30', '2025-06-26 17:30:59+05:30', 'original');
INSERT INTO "Question" (id, question_type_id, board_question, created_at, updated_at) 
VALUES (60282, 2, false, '2025-06-26 17:30:59+05:30', '2025-06-26 17:30:59+05:30');
INSERT INTO "Question_Topic" (id, question_id, topic_id, created_at, updated_at) 
VALUES (80282, 60282, 50006, '2025-06-26 17:30:59+05:30', '2025-06-26 17:30:59+05:30');
INSERT INTO "Question_Text" (id, question_id, question_text, created_at, updated_at) 
VALUES (70282, 60282, 'Question about introduction to matrices - Type: Odd One Out', '2025-06-26 17:30:59+05:30', '2025-06-26 17:30:59+05:30');
INSERT INTO "Question_Text_Topic_Medium" 
(id, question_text_id, question_topic_id, instruction_medium_id, is_verified, created_at, updated_at, translation_status) 
VALUES (90282, 70282, 80282, 50001, true, '2025-06-26 17:30:59+05:30', '2025-06-26 17:30:59+05:30', 'original');
INSERT INTO "Question" (id, question_type_id, board_question, created_at, updated_at) 
VALUES (60283, 2, false, '2025-06-26 17:30:59+05:30', '2025-06-26 17:30:59+05:30');
INSERT INTO "Question_Topic" (id, question_id, topic_id, created_at, updated_at) 
VALUES (80283, 60283, 50006, '2025-06-26 17:30:59+05:30', '2025-06-26 17:30:59+05:30');
INSERT INTO "Question_Text" (id, question_id, question_text, created_at, updated_at) 
VALUES (70283, 60283, 'Question about introduction to matrices - Type: Odd One Out', '2025-06-26 17:30:59+05:30', '2025-06-26 17:30:59+05:30');
INSERT INTO "Question_Text_Topic_Medium" 
(id, question_text_id, question_topic_id, instruction_medium_id, is_verified, created_at, updated_at, translation_status) 
VALUES (90283, 70283, 80283, 50001, true, '2025-06-26 17:30:59+05:30', '2025-06-26 17:30:59+05:30', 'original');
INSERT INTO "Question" (id, question_type_id, board_question, created_at, updated_at) 
VALUES (60284, 2, false, '2025-06-26 17:30:59+05:30', '2025-06-26 17:30:59+05:30');
INSERT INTO "Question_Topic" (id, question_id, topic_id, created_at, updated_at) 
VALUES (80284, 60284, 50006, '2025-06-26 17:30:59+05:30', '2025-06-26 17:30:59+05:30');
INSERT INTO "Question_Text" (id, question_id, question_text, created_at, updated_at) 
VALUES (70284, 60284, 'Question about introduction to matrices - Type: Odd One Out', '2025-06-26 17:30:59+05:30', '2025-06-26 17:30:59+05:30');
INSERT INTO "Question_Text_Topic_Medium" 
(id, question_text_id, question_topic_id, instruction_medium_id, is_verified, created_at, updated_at, translation_status) 
VALUES (90284, 70284, 80284, 50001, true, '2025-06-26 17:30:59+05:30', '2025-06-26 17:30:59+05:30', 'original');
INSERT INTO "Question" (id, question_type_id, board_question, created_at, updated_at) 
VALUES (60285, 2, false, '2025-06-26 17:30:59+05:30', '2025-06-26 17:30:59+05:30');
INSERT INTO "Question_Topic" (id, question_id, topic_id, created_at, updated_at) 
VALUES (80285, 60285, 50006, '2025-06-26 17:30:59+05:30', '2025-06-26 17:30:59+05:30');
INSERT INTO "Question_Text" (id, question_id, question_text, created_at, updated_at) 
VALUES (70285, 60285, 'Question about introduction to matrices - Type: Odd One Out', '2025-06-26 17:30:59+05:30', '2025-06-26 17:30:59+05:30');
INSERT INTO "Question_Text_Topic_Medium" 
(id, question_text_id, question_topic_id, instruction_medium_id, is_verified, created_at, updated_at, translation_status) 
VALUES (90285, 70285, 80285, 50001, true, '2025-06-26 17:30:59+05:30', '2025-06-26 17:30:59+05:30', 'original');
INSERT INTO "Question" (id, question_type_id, board_question, created_at, updated_at) 
VALUES (60286, 3, false, '2025-06-26 17:30:59+05:30', '2025-06-26 17:30:59+05:30');
INSERT INTO "Question_Topic" (id, question_id, topic_id, created_at, updated_at) 
VALUES (80286, 60286, 50006, '2025-06-26 17:30:59+05:30', '2025-06-26 17:30:59+05:30');
INSERT INTO "Question_Text" (id, question_id, question_text, created_at, updated_at) 
VALUES (70286, 60286, 'Question about introduction to matrices - Type: Complete the Correlation', '2025-06-26 17:30:59+05:30', '2025-06-26 17:30:59+05:30');
INSERT INTO "Question_Text_Topic_Medium" 
(id, question_text_id, question_topic_id, instruction_medium_id, is_verified, created_at, updated_at, translation_status) 
VALUES (90286, 70286, 80286, 50001, true, '2025-06-26 17:30:59+05:30', '2025-06-26 17:30:59+05:30', 'original');
INSERT INTO "Question" (id, question_type_id, board_question, created_at, updated_at) 
VALUES (60287, 3, false, '2025-06-26 17:30:59+05:30', '2025-06-26 17:30:59+05:30');
INSERT INTO "Question_Topic" (id, question_id, topic_id, created_at, updated_at) 
VALUES (80287, 60287, 50006, '2025-06-26 17:30:59+05:30', '2025-06-26 17:30:59+05:30');
INSERT INTO "Question_Text" (id, question_id, question_text, created_at, updated_at) 
VALUES (70287, 60287, 'Question about introduction to matrices - Type: Complete the Correlation', '2025-06-26 17:30:59+05:30', '2025-06-26 17:30:59+05:30');
INSERT INTO "Question_Text_Topic_Medium" 
(id, question_text_id, question_topic_id, instruction_medium_id, is_verified, created_at, updated_at, translation_status) 
VALUES (90287, 70287, 80287, 50001, true, '2025-06-26 17:30:59+05:30', '2025-06-26 17:30:59+05:30', 'original');
INSERT INTO "Question" (id, question_type_id, board_question, created_at, updated_at) 
VALUES (60288, 3, false, '2025-06-26 17:30:59+05:30', '2025-06-26 17:30:59+05:30');
INSERT INTO "Question_Topic" (id, question_id, topic_id, created_at, updated_at) 
VALUES (80288, 60288, 50006, '2025-06-26 17:30:59+05:30', '2025-06-26 17:30:59+05:30');
INSERT INTO "Question_Text" (id, question_id, question_text, created_at, updated_at) 
VALUES (70288, 60288, 'Question about introduction to matrices - Type: Complete the Correlation', '2025-06-26 17:30:59+05:30', '2025-06-26 17:30:59+05:30');
INSERT INTO "Question_Text_Topic_Medium" 
(id, question_text_id, question_topic_id, instruction_medium_id, is_verified, created_at, updated_at, translation_status) 
VALUES (90288, 70288, 80288, 50001, true, '2025-06-26 17:30:59+05:30', '2025-06-26 17:30:59+05:30', 'original');
INSERT INTO "Question" (id, question_type_id, board_question, created_at, updated_at) 
VALUES (60289, 3, false, '2025-06-26 17:30:59+05:30', '2025-06-26 17:30:59+05:30');
INSERT INTO "Question_Topic" (id, question_id, topic_id, created_at, updated_at) 
VALUES (80289, 60289, 50006, '2025-06-26 17:30:59+05:30', '2025-06-26 17:30:59+05:30');
INSERT INTO "Question_Text" (id, question_id, question_text, created_at, updated_at) 
VALUES (70289, 60289, 'Question about introduction to matrices - Type: Complete the Correlation', '2025-06-26 17:30:59+05:30', '2025-06-26 17:30:59+05:30');
INSERT INTO "Question_Text_Topic_Medium" 
(id, question_text_id, question_topic_id, instruction_medium_id, is_verified, created_at, updated_at, translation_status) 
VALUES (90289, 70289, 80289, 50001, true, '2025-06-26 17:30:59+05:30', '2025-06-26 17:30:59+05:30', 'original');
INSERT INTO "Question" (id, question_type_id, board_question, created_at, updated_at) 
VALUES (60290, 3, false, '2025-06-26 17:30:59+05:30', '2025-06-26 17:30:59+05:30');
INSERT INTO "Question_Topic" (id, question_id, topic_id, created_at, updated_at) 
VALUES (80290, 60290, 50006, '2025-06-26 17:30:59+05:30', '2025-06-26 17:30:59+05:30');
INSERT INTO "Question_Text" (id, question_id, question_text, created_at, updated_at) 
VALUES (70290, 60290, 'Question about introduction to matrices - Type: Complete the Correlation', '2025-06-26 17:30:59+05:30', '2025-06-26 17:30:59+05:30');
INSERT INTO "Question_Text_Topic_Medium" 
(id, question_text_id, question_topic_id, instruction_medium_id, is_verified, created_at, updated_at, translation_status) 
VALUES (90290, 70290, 80290, 50001, true, '2025-06-26 17:30:59+05:30', '2025-06-26 17:30:59+05:30', 'original');
INSERT INTO "Question" (id, question_type_id, board_question, created_at, updated_at) 
VALUES (60291, 4, false, '2025-06-26 17:30:59+05:30', '2025-06-26 17:30:59+05:30');
INSERT INTO "Question_Topic" (id, question_id, topic_id, created_at, updated_at) 
VALUES (80291, 60291, 50006, '2025-06-26 17:30:59+05:30', '2025-06-26 17:30:59+05:30');
INSERT INTO "Question_Text" (id, question_id, question_text, created_at, updated_at) 
VALUES (70291, 60291, 'Statement about introduction to matrices is always true. (True/False)', '2025-06-26 17:30:59+05:30', '2025-06-26 17:30:59+05:30');
INSERT INTO "Question_Text_Topic_Medium" 
(id, question_text_id, question_topic_id, instruction_medium_id, is_verified, created_at, updated_at, translation_status) 
VALUES (90291, 70291, 80291, 50001, true, '2025-06-26 17:30:59+05:30', '2025-06-26 17:30:59+05:30', 'original');
INSERT INTO "Question" (id, question_type_id, board_question, created_at, updated_at) 
VALUES (60292, 4, false, '2025-06-26 17:30:59+05:30', '2025-06-26 17:30:59+05:30');
INSERT INTO "Question_Topic" (id, question_id, topic_id, created_at, updated_at) 
VALUES (80292, 60292, 50006, '2025-06-26 17:30:59+05:30', '2025-06-26 17:30:59+05:30');
INSERT INTO "Question_Text" (id, question_id, question_text, created_at, updated_at) 
VALUES (70292, 60292, 'Statement about introduction to matrices is always true. (True/False)', '2025-06-26 17:30:59+05:30', '2025-06-26 17:30:59+05:30');
INSERT INTO "Question_Text_Topic_Medium" 
(id, question_text_id, question_topic_id, instruction_medium_id, is_verified, created_at, updated_at, translation_status) 
VALUES (90292, 70292, 80292, 50001, true, '2025-06-26 17:30:59+05:30', '2025-06-26 17:30:59+05:30', 'original');
INSERT INTO "Question" (id, question_type_id, board_question, created_at, updated_at) 
VALUES (60293, 4, false, '2025-06-26 17:30:59+05:30', '2025-06-26 17:30:59+05:30');
INSERT INTO "Question_Topic" (id, question_id, topic_id, created_at, updated_at) 
VALUES (80293, 60293, 50006, '2025-06-26 17:30:59+05:30', '2025-06-26 17:30:59+05:30');
INSERT INTO "Question_Text" (id, question_id, question_text, created_at, updated_at) 
VALUES (70293, 60293, 'Statement about introduction to matrices is always true. (True/False)', '2025-06-26 17:30:59+05:30', '2025-06-26 17:30:59+05:30');
INSERT INTO "Question_Text_Topic_Medium" 
(id, question_text_id, question_topic_id, instruction_medium_id, is_verified, created_at, updated_at, translation_status) 
VALUES (90293, 70293, 80293, 50001, true, '2025-06-26 17:30:59+05:30', '2025-06-26 17:30:59+05:30', 'original');
INSERT INTO "Question" (id, question_type_id, board_question, created_at, updated_at) 
VALUES (60294, 4, false, '2025-06-26 17:30:59+05:30', '2025-06-26 17:30:59+05:30');
INSERT INTO "Question_Topic" (id, question_id, topic_id, created_at, updated_at) 
VALUES (80294, 60294, 50006, '2025-06-26 17:30:59+05:30', '2025-06-26 17:30:59+05:30');
INSERT INTO "Question_Text" (id, question_id, question_text, created_at, updated_at) 
VALUES (70294, 60294, 'Statement about introduction to matrices is always true. (True/False)', '2025-06-26 17:30:59+05:30', '2025-06-26 17:30:59+05:30');
INSERT INTO "Question_Text_Topic_Medium" 
(id, question_text_id, question_topic_id, instruction_medium_id, is_verified, created_at, updated_at, translation_status) 
VALUES (90294, 70294, 80294, 50001, true, '2025-06-26 17:30:59+05:30', '2025-06-26 17:30:59+05:30', 'original');
INSERT INTO "Question" (id, question_type_id, board_question, created_at, updated_at) 
VALUES (60295, 4, false, '2025-06-26 17:30:59+05:30', '2025-06-26 17:30:59+05:30');
INSERT INTO "Question_Topic" (id, question_id, topic_id, created_at, updated_at) 
VALUES (80295, 60295, 50006, '2025-06-26 17:30:59+05:30', '2025-06-26 17:30:59+05:30');
INSERT INTO "Question_Text" (id, question_id, question_text, created_at, updated_at) 
VALUES (70295, 60295, 'Statement about introduction to matrices is always true. (True/False)', '2025-06-26 17:30:59+05:30', '2025-06-26 17:30:59+05:30');
INSERT INTO "Question_Text_Topic_Medium" 
(id, question_text_id, question_topic_id, instruction_medium_id, is_verified, created_at, updated_at, translation_status) 
VALUES (90295, 70295, 80295, 50001, true, '2025-06-26 17:30:59+05:30', '2025-06-26 17:30:59+05:30', 'original');
INSERT INTO "Question" (id, question_type_id, board_question, created_at, updated_at) 
VALUES (60296, 5, false, '2025-06-26 17:30:59+05:30', '2025-06-26 17:30:59+05:30');
INSERT INTO "Question_Topic" (id, question_id, topic_id, created_at, updated_at) 
VALUES (80296, 60296, 50006, '2025-06-26 17:30:59+05:30', '2025-06-26 17:30:59+05:30');
INSERT INTO "Question_Text" (id, question_id, question_text, created_at, updated_at) 
VALUES (70296, 60296, 'Match the following concepts related to introduction to matrices:', '2025-06-26 17:30:59+05:30', '2025-06-26 17:30:59+05:30');
INSERT INTO "Question_Text_Topic_Medium" 
(id, question_text_id, question_topic_id, instruction_medium_id, is_verified, created_at, updated_at, translation_status) 
VALUES (90296, 70296, 80296, 50001, true, '2025-06-26 17:30:59+05:30', '2025-06-26 17:30:59+05:30', 'original');
INSERT INTO "Match_Pair" 
(id, question_text_id, left_text, right_text, created_at, updated_at) 
VALUES (110076, 70296, 'Concept A of Introduction to Matrices', 'Definition A of Introduction to Matrices', '2025-06-26 17:30:59+05:30', '2025-06-26 17:30:59+05:30');
INSERT INTO "Match_Pair" 
(id, question_text_id, left_text, right_text, created_at, updated_at) 
VALUES (110077, 70296, 'Concept B of Introduction to Matrices', 'Definition B of Introduction to Matrices', '2025-06-26 17:30:59+05:30', '2025-06-26 17:30:59+05:30');
INSERT INTO "Match_Pair" 
(id, question_text_id, left_text, right_text, created_at, updated_at) 
VALUES (110078, 70296, 'Concept C of Introduction to Matrices', 'Definition C of Introduction to Matrices', '2025-06-26 17:30:59+05:30', '2025-06-26 17:30:59+05:30');
INSERT INTO "Question" (id, question_type_id, board_question, created_at, updated_at) 
VALUES (60297, 5, false, '2025-06-26 17:30:59+05:30', '2025-06-26 17:30:59+05:30');
INSERT INTO "Question_Topic" (id, question_id, topic_id, created_at, updated_at) 
VALUES (80297, 60297, 50006, '2025-06-26 17:30:59+05:30', '2025-06-26 17:30:59+05:30');
INSERT INTO "Question_Text" (id, question_id, question_text, created_at, updated_at) 
VALUES (70297, 60297, 'Match the following concepts related to introduction to matrices:', '2025-06-26 17:30:59+05:30', '2025-06-26 17:30:59+05:30');
INSERT INTO "Question_Text_Topic_Medium" 
(id, question_text_id, question_topic_id, instruction_medium_id, is_verified, created_at, updated_at, translation_status) 
VALUES (90297, 70297, 80297, 50001, true, '2025-06-26 17:30:59+05:30', '2025-06-26 17:30:59+05:30', 'original');
INSERT INTO "Match_Pair" 
(id, question_text_id, left_text, right_text, created_at, updated_at) 
VALUES (110079, 70297, 'Concept A of Introduction to Matrices', 'Definition A of Introduction to Matrices', '2025-06-26 17:30:59+05:30', '2025-06-26 17:30:59+05:30');
INSERT INTO "Match_Pair" 
(id, question_text_id, left_text, right_text, created_at, updated_at) 
VALUES (110080, 70297, 'Concept B of Introduction to Matrices', 'Definition B of Introduction to Matrices', '2025-06-26 17:30:59+05:30', '2025-06-26 17:30:59+05:30');
INSERT INTO "Match_Pair" 
(id, question_text_id, left_text, right_text, created_at, updated_at) 
VALUES (110081, 70297, 'Concept C of Introduction to Matrices', 'Definition C of Introduction to Matrices', '2025-06-26 17:30:59+05:30', '2025-06-26 17:30:59+05:30');
INSERT INTO "Question" (id, question_type_id, board_question, created_at, updated_at) 
VALUES (60298, 5, false, '2025-06-26 17:30:59+05:30', '2025-06-26 17:30:59+05:30');
INSERT INTO "Question_Topic" (id, question_id, topic_id, created_at, updated_at) 
VALUES (80298, 60298, 50006, '2025-06-26 17:30:59+05:30', '2025-06-26 17:30:59+05:30');
INSERT INTO "Question_Text" (id, question_id, question_text, created_at, updated_at) 
VALUES (70298, 60298, 'Match the following concepts related to introduction to matrices:', '2025-06-26 17:30:59+05:30', '2025-06-26 17:30:59+05:30');
INSERT INTO "Question_Text_Topic_Medium" 
(id, question_text_id, question_topic_id, instruction_medium_id, is_verified, created_at, updated_at, translation_status) 
VALUES (90298, 70298, 80298, 50001, true, '2025-06-26 17:30:59+05:30', '2025-06-26 17:30:59+05:30', 'original');
INSERT INTO "Match_Pair" 
(id, question_text_id, left_text, right_text, created_at, updated_at) 
VALUES (110082, 70298, 'Concept A of Introduction to Matrices', 'Definition A of Introduction to Matrices', '2025-06-26 17:30:59+05:30', '2025-06-26 17:30:59+05:30');
INSERT INTO "Match_Pair" 
(id, question_text_id, left_text, right_text, created_at, updated_at) 
VALUES (110083, 70298, 'Concept B of Introduction to Matrices', 'Definition B of Introduction to Matrices', '2025-06-26 17:30:59+05:30', '2025-06-26 17:30:59+05:30');
INSERT INTO "Match_Pair" 
(id, question_text_id, left_text, right_text, created_at, updated_at) 
VALUES (110084, 70298, 'Concept C of Introduction to Matrices', 'Definition C of Introduction to Matrices', '2025-06-26 17:30:59+05:30', '2025-06-26 17:30:59+05:30');
INSERT INTO "Question" (id, question_type_id, board_question, created_at, updated_at) 
VALUES (60299, 5, false, '2025-06-26 17:30:59+05:30', '2025-06-26 17:30:59+05:30');
INSERT INTO "Question_Topic" (id, question_id, topic_id, created_at, updated_at) 
VALUES (80299, 60299, 50006, '2025-06-26 17:30:59+05:30', '2025-06-26 17:30:59+05:30');
INSERT INTO "Question_Text" (id, question_id, question_text, created_at, updated_at) 
VALUES (70299, 60299, 'Match the following concepts related to introduction to matrices:', '2025-06-26 17:30:59+05:30', '2025-06-26 17:30:59+05:30');
INSERT INTO "Question_Text_Topic_Medium" 
(id, question_text_id, question_topic_id, instruction_medium_id, is_verified, created_at, updated_at, translation_status) 
VALUES (90299, 70299, 80299, 50001, true, '2025-06-26 17:30:59+05:30', '2025-06-26 17:30:59+05:30', 'original');
INSERT INTO "Match_Pair" 
(id, question_text_id, left_text, right_text, created_at, updated_at) 
VALUES (110085, 70299, 'Concept A of Introduction to Matrices', 'Definition A of Introduction to Matrices', '2025-06-26 17:30:59+05:30', '2025-06-26 17:30:59+05:30');
INSERT INTO "Match_Pair" 
(id, question_text_id, left_text, right_text, created_at, updated_at) 
VALUES (110086, 70299, 'Concept B of Introduction to Matrices', 'Definition B of Introduction to Matrices', '2025-06-26 17:30:59+05:30', '2025-06-26 17:30:59+05:30');
INSERT INTO "Match_Pair" 
(id, question_text_id, left_text, right_text, created_at, updated_at) 
VALUES (110087, 70299, 'Concept C of Introduction to Matrices', 'Definition C of Introduction to Matrices', '2025-06-26 17:30:59+05:30', '2025-06-26 17:30:59+05:30');
INSERT INTO "Question" (id, question_type_id, board_question, created_at, updated_at) 
VALUES (60300, 5, false, '2025-06-26 17:30:59+05:30', '2025-06-26 17:30:59+05:30');
INSERT INTO "Question_Topic" (id, question_id, topic_id, created_at, updated_at) 
VALUES (80300, 60300, 50006, '2025-06-26 17:30:59+05:30', '2025-06-26 17:30:59+05:30');
INSERT INTO "Question_Text" (id, question_id, question_text, created_at, updated_at) 
VALUES (70300, 60300, 'Match the following concepts related to introduction to matrices:', '2025-06-26 17:30:59+05:30', '2025-06-26 17:30:59+05:30');
INSERT INTO "Question_Text_Topic_Medium" 
(id, question_text_id, question_topic_id, instruction_medium_id, is_verified, created_at, updated_at, translation_status) 
VALUES (90300, 70300, 80300, 50001, true, '2025-06-26 17:30:59+05:30', '2025-06-26 17:30:59+05:30', 'original');
INSERT INTO "Match_Pair" 
(id, question_text_id, left_text, right_text, created_at, updated_at) 
VALUES (110088, 70300, 'Concept A of Introduction to Matrices', 'Definition A of Introduction to Matrices', '2025-06-26 17:30:59+05:30', '2025-06-26 17:30:59+05:30');
INSERT INTO "Match_Pair" 
(id, question_text_id, left_text, right_text, created_at, updated_at) 
VALUES (110089, 70300, 'Concept B of Introduction to Matrices', 'Definition B of Introduction to Matrices', '2025-06-26 17:30:59+05:30', '2025-06-26 17:30:59+05:30');
INSERT INTO "Match_Pair" 
(id, question_text_id, left_text, right_text, created_at, updated_at) 
VALUES (110090, 70300, 'Concept C of Introduction to Matrices', 'Definition C of Introduction to Matrices', '2025-06-26 17:30:59+05:30', '2025-06-26 17:30:59+05:30');
INSERT INTO "Question" (id, question_type_id, board_question, created_at, updated_at) 
VALUES (60301, 6, false, '2025-06-26 17:30:59+05:30', '2025-06-26 17:30:59+05:30');
INSERT INTO "Question_Topic" (id, question_id, topic_id, created_at, updated_at) 
VALUES (80301, 60301, 50006, '2025-06-26 17:30:59+05:30', '2025-06-26 17:30:59+05:30');
INSERT INTO "Question_Text" (id, question_id, question_text, created_at, updated_at) 
VALUES (70301, 60301, 'In introduction to matrices, the main concept is _______.', '2025-06-26 17:30:59+05:30', '2025-06-26 17:30:59+05:30');
INSERT INTO "Question_Text_Topic_Medium" 
(id, question_text_id, question_topic_id, instruction_medium_id, is_verified, created_at, updated_at, translation_status) 
VALUES (90301, 70301, 80301, 50001, true, '2025-06-26 17:30:59+05:30', '2025-06-26 17:30:59+05:30', 'original');
INSERT INTO "Question" (id, question_type_id, board_question, created_at, updated_at) 
VALUES (60302, 6, false, '2025-06-26 17:30:59+05:30', '2025-06-26 17:30:59+05:30');
INSERT INTO "Question_Topic" (id, question_id, topic_id, created_at, updated_at) 
VALUES (80302, 60302, 50006, '2025-06-26 17:30:59+05:30', '2025-06-26 17:30:59+05:30');
INSERT INTO "Question_Text" (id, question_id, question_text, created_at, updated_at) 
VALUES (70302, 60302, 'In introduction to matrices, the main concept is _______.', '2025-06-26 17:30:59+05:30', '2025-06-26 17:30:59+05:30');
INSERT INTO "Question_Text_Topic_Medium" 
(id, question_text_id, question_topic_id, instruction_medium_id, is_verified, created_at, updated_at, translation_status) 
VALUES (90302, 70302, 80302, 50001, true, '2025-06-26 17:30:59+05:30', '2025-06-26 17:30:59+05:30', 'original');
INSERT INTO "Question" (id, question_type_id, board_question, created_at, updated_at) 
VALUES (60303, 6, false, '2025-06-26 17:30:59+05:30', '2025-06-26 17:30:59+05:30');
INSERT INTO "Question_Topic" (id, question_id, topic_id, created_at, updated_at) 
VALUES (80303, 60303, 50006, '2025-06-26 17:30:59+05:30', '2025-06-26 17:30:59+05:30');
INSERT INTO "Question_Text" (id, question_id, question_text, created_at, updated_at) 
VALUES (70303, 60303, 'In introduction to matrices, the main concept is _______.', '2025-06-26 17:30:59+05:30', '2025-06-26 17:30:59+05:30');
INSERT INTO "Question_Text_Topic_Medium" 
(id, question_text_id, question_topic_id, instruction_medium_id, is_verified, created_at, updated_at, translation_status) 
VALUES (90303, 70303, 80303, 50001, true, '2025-06-26 17:30:59+05:30', '2025-06-26 17:30:59+05:30', 'original');
INSERT INTO "Question" (id, question_type_id, board_question, created_at, updated_at) 
VALUES (60304, 6, false, '2025-06-26 17:30:59+05:30', '2025-06-26 17:30:59+05:30');
INSERT INTO "Question_Topic" (id, question_id, topic_id, created_at, updated_at) 
VALUES (80304, 60304, 50006, '2025-06-26 17:30:59+05:30', '2025-06-26 17:30:59+05:30');
INSERT INTO "Question_Text" (id, question_id, question_text, created_at, updated_at) 
VALUES (70304, 60304, 'In introduction to matrices, the main concept is _______.', '2025-06-26 17:30:59+05:30', '2025-06-26 17:30:59+05:30');
INSERT INTO "Question_Text_Topic_Medium" 
(id, question_text_id, question_topic_id, instruction_medium_id, is_verified, created_at, updated_at, translation_status) 
VALUES (90304, 70304, 80304, 50001, true, '2025-06-26 17:30:59+05:30', '2025-06-26 17:30:59+05:30', 'original');
INSERT INTO "Question" (id, question_type_id, board_question, created_at, updated_at) 
VALUES (60305, 6, false, '2025-06-26 17:30:59+05:30', '2025-06-26 17:30:59+05:30');
INSERT INTO "Question_Topic" (id, question_id, topic_id, created_at, updated_at) 
VALUES (80305, 60305, 50006, '2025-06-26 17:30:59+05:30', '2025-06-26 17:30:59+05:30');
INSERT INTO "Question_Text" (id, question_id, question_text, created_at, updated_at) 
VALUES (70305, 60305, 'In introduction to matrices, the main concept is _______.', '2025-06-26 17:30:59+05:30', '2025-06-26 17:30:59+05:30');
INSERT INTO "Question_Text_Topic_Medium" 
(id, question_text_id, question_topic_id, instruction_medium_id, is_verified, created_at, updated_at, translation_status) 
VALUES (90305, 70305, 80305, 50001, true, '2025-06-26 17:30:59+05:30', '2025-06-26 17:30:59+05:30', 'original');
INSERT INTO "Question" (id, question_type_id, board_question, created_at, updated_at) 
VALUES (60306, 7, false, '2025-06-26 17:30:59+05:30', '2025-06-26 17:30:59+05:30');
INSERT INTO "Question_Topic" (id, question_id, topic_id, created_at, updated_at) 
VALUES (80306, 60306, 50006, '2025-06-26 17:30:59+05:30', '2025-06-26 17:30:59+05:30');
INSERT INTO "Question_Text" (id, question_id, question_text, created_at, updated_at) 
VALUES (70306, 60306, 'What is the key term in introduction to matrices?', '2025-06-26 17:30:59+05:30', '2025-06-26 17:30:59+05:30');
INSERT INTO "Question_Text_Topic_Medium" 
(id, question_text_id, question_topic_id, instruction_medium_id, is_verified, created_at, updated_at, translation_status) 
VALUES (90306, 70306, 80306, 50001, true, '2025-06-26 17:30:59+05:30', '2025-06-26 17:30:59+05:30', 'original');
INSERT INTO "Question" (id, question_type_id, board_question, created_at, updated_at) 
VALUES (60307, 7, false, '2025-06-26 17:30:59+05:30', '2025-06-26 17:30:59+05:30');
INSERT INTO "Question_Topic" (id, question_id, topic_id, created_at, updated_at) 
VALUES (80307, 60307, 50006, '2025-06-26 17:30:59+05:30', '2025-06-26 17:30:59+05:30');
INSERT INTO "Question_Text" (id, question_id, question_text, created_at, updated_at) 
VALUES (70307, 60307, 'What is the key term in introduction to matrices?', '2025-06-26 17:30:59+05:30', '2025-06-26 17:30:59+05:30');
INSERT INTO "Question_Text_Topic_Medium" 
(id, question_text_id, question_topic_id, instruction_medium_id, is_verified, created_at, updated_at, translation_status) 
VALUES (90307, 70307, 80307, 50001, true, '2025-06-26 17:30:59+05:30', '2025-06-26 17:30:59+05:30', 'original');
INSERT INTO "Question" (id, question_type_id, board_question, created_at, updated_at) 
VALUES (60308, 7, false, '2025-06-26 17:30:59+05:30', '2025-06-26 17:30:59+05:30');
INSERT INTO "Question_Topic" (id, question_id, topic_id, created_at, updated_at) 
VALUES (80308, 60308, 50006, '2025-06-26 17:30:59+05:30', '2025-06-26 17:30:59+05:30');
INSERT INTO "Question_Text" (id, question_id, question_text, created_at, updated_at) 
VALUES (70308, 60308, 'What is the key term in introduction to matrices?', '2025-06-26 17:30:59+05:30', '2025-06-26 17:30:59+05:30');
INSERT INTO "Question_Text_Topic_Medium" 
(id, question_text_id, question_topic_id, instruction_medium_id, is_verified, created_at, updated_at, translation_status) 
VALUES (90308, 70308, 80308, 50001, true, '2025-06-26 17:30:59+05:30', '2025-06-26 17:30:59+05:30', 'original');
INSERT INTO "Question" (id, question_type_id, board_question, created_at, updated_at) 
VALUES (60309, 7, false, '2025-06-26 17:30:59+05:30', '2025-06-26 17:30:59+05:30');
INSERT INTO "Question_Topic" (id, question_id, topic_id, created_at, updated_at) 
VALUES (80309, 60309, 50006, '2025-06-26 17:30:59+05:30', '2025-06-26 17:30:59+05:30');
INSERT INTO "Question_Text" (id, question_id, question_text, created_at, updated_at) 
VALUES (70309, 60309, 'What is the key term in introduction to matrices?', '2025-06-26 17:30:59+05:30', '2025-06-26 17:30:59+05:30');
INSERT INTO "Question_Text_Topic_Medium" 
(id, question_text_id, question_topic_id, instruction_medium_id, is_verified, created_at, updated_at, translation_status) 
VALUES (90309, 70309, 80309, 50001, true, '2025-06-26 17:30:59+05:30', '2025-06-26 17:30:59+05:30', 'original');
INSERT INTO "Question" (id, question_type_id, board_question, created_at, updated_at) 
VALUES (60310, 7, false, '2025-06-26 17:30:59+05:30', '2025-06-26 17:30:59+05:30');
INSERT INTO "Question_Topic" (id, question_id, topic_id, created_at, updated_at) 
VALUES (80310, 60310, 50006, '2025-06-26 17:30:59+05:30', '2025-06-26 17:30:59+05:30');
INSERT INTO "Question_Text" (id, question_id, question_text, created_at, updated_at) 
VALUES (70310, 60310, 'What is the key term in introduction to matrices?', '2025-06-26 17:30:59+05:30', '2025-06-26 17:30:59+05:30');
INSERT INTO "Question_Text_Topic_Medium" 
(id, question_text_id, question_topic_id, instruction_medium_id, is_verified, created_at, updated_at, translation_status) 
VALUES (90310, 70310, 80310, 50001, true, '2025-06-26 17:30:59+05:30', '2025-06-26 17:30:59+05:30', 'original');
INSERT INTO "Question" (id, question_type_id, board_question, created_at, updated_at) 
VALUES (60311, 8, false, '2025-06-26 17:30:59+05:30', '2025-06-26 17:30:59+05:30');
INSERT INTO "Question_Topic" (id, question_id, topic_id, created_at, updated_at) 
VALUES (80311, 60311, 50006, '2025-06-26 17:30:59+05:30', '2025-06-26 17:30:59+05:30');
INSERT INTO "Question_Text" (id, question_id, question_text, created_at, updated_at) 
VALUES (70311, 60311, 'Question about introduction to matrices - Type: Give Scientific Reasons', '2025-06-26 17:30:59+05:30', '2025-06-26 17:30:59+05:30');
INSERT INTO "Question_Text_Topic_Medium" 
(id, question_text_id, question_topic_id, instruction_medium_id, is_verified, created_at, updated_at, translation_status) 
VALUES (90311, 70311, 80311, 50001, true, '2025-06-26 17:30:59+05:30', '2025-06-26 17:30:59+05:30', 'original');
INSERT INTO "Question" (id, question_type_id, board_question, created_at, updated_at) 
VALUES (60312, 8, false, '2025-06-26 17:30:59+05:30', '2025-06-26 17:30:59+05:30');
INSERT INTO "Question_Topic" (id, question_id, topic_id, created_at, updated_at) 
VALUES (80312, 60312, 50006, '2025-06-26 17:30:59+05:30', '2025-06-26 17:30:59+05:30');
INSERT INTO "Question_Text" (id, question_id, question_text, created_at, updated_at) 
VALUES (70312, 60312, 'Question about introduction to matrices - Type: Give Scientific Reasons', '2025-06-26 17:30:59+05:30', '2025-06-26 17:30:59+05:30');
INSERT INTO "Question_Text_Topic_Medium" 
(id, question_text_id, question_topic_id, instruction_medium_id, is_verified, created_at, updated_at, translation_status) 
VALUES (90312, 70312, 80312, 50001, true, '2025-06-26 17:30:59+05:30', '2025-06-26 17:30:59+05:30', 'original');
INSERT INTO "Question" (id, question_type_id, board_question, created_at, updated_at) 
VALUES (60313, 8, false, '2025-06-26 17:30:59+05:30', '2025-06-26 17:30:59+05:30');
INSERT INTO "Question_Topic" (id, question_id, topic_id, created_at, updated_at) 
VALUES (80313, 60313, 50006, '2025-06-26 17:30:59+05:30', '2025-06-26 17:30:59+05:30');
INSERT INTO "Question_Text" (id, question_id, question_text, created_at, updated_at) 
VALUES (70313, 60313, 'Question about introduction to matrices - Type: Give Scientific Reasons', '2025-06-26 17:30:59+05:30', '2025-06-26 17:30:59+05:30');
INSERT INTO "Question_Text_Topic_Medium" 
(id, question_text_id, question_topic_id, instruction_medium_id, is_verified, created_at, updated_at, translation_status) 
VALUES (90313, 70313, 80313, 50001, true, '2025-06-26 17:30:59+05:30', '2025-06-26 17:30:59+05:30', 'original');
INSERT INTO "Question" (id, question_type_id, board_question, created_at, updated_at) 
VALUES (60314, 8, false, '2025-06-26 17:30:59+05:30', '2025-06-26 17:30:59+05:30');
INSERT INTO "Question_Topic" (id, question_id, topic_id, created_at, updated_at) 
VALUES (80314, 60314, 50006, '2025-06-26 17:30:59+05:30', '2025-06-26 17:30:59+05:30');
INSERT INTO "Question_Text" (id, question_id, question_text, created_at, updated_at) 
VALUES (70314, 60314, 'Question about introduction to matrices - Type: Give Scientific Reasons', '2025-06-26 17:30:59+05:30', '2025-06-26 17:30:59+05:30');
INSERT INTO "Question_Text_Topic_Medium" 
(id, question_text_id, question_topic_id, instruction_medium_id, is_verified, created_at, updated_at, translation_status) 
VALUES (90314, 70314, 80314, 50001, true, '2025-06-26 17:30:59+05:30', '2025-06-26 17:30:59+05:30', 'original');
INSERT INTO "Question" (id, question_type_id, board_question, created_at, updated_at) 
VALUES (60315, 8, false, '2025-06-26 17:30:59+05:30', '2025-06-26 17:30:59+05:30');
INSERT INTO "Question_Topic" (id, question_id, topic_id, created_at, updated_at) 
VALUES (80315, 60315, 50006, '2025-06-26 17:30:59+05:30', '2025-06-26 17:30:59+05:30');
INSERT INTO "Question_Text" (id, question_id, question_text, created_at, updated_at) 
VALUES (70315, 60315, 'Question about introduction to matrices - Type: Give Scientific Reasons', '2025-06-26 17:30:59+05:30', '2025-06-26 17:30:59+05:30');
INSERT INTO "Question_Text_Topic_Medium" 
(id, question_text_id, question_topic_id, instruction_medium_id, is_verified, created_at, updated_at, translation_status) 
VALUES (90315, 70315, 80315, 50001, true, '2025-06-26 17:30:59+05:30', '2025-06-26 17:30:59+05:30', 'original');
INSERT INTO "Question" (id, question_type_id, board_question, created_at, updated_at) 
VALUES (60316, 9, false, '2025-06-26 17:30:59+05:30', '2025-06-26 17:30:59+05:30');
INSERT INTO "Question_Topic" (id, question_id, topic_id, created_at, updated_at) 
VALUES (80316, 60316, 50006, '2025-06-26 17:30:59+05:30', '2025-06-26 17:30:59+05:30');
INSERT INTO "Question_Text" (id, question_id, question_text, created_at, updated_at) 
VALUES (70316, 60316, 'Explain the concept of introduction to matrices with an example.', '2025-06-26 17:30:59+05:30', '2025-06-26 17:30:59+05:30');
INSERT INTO "Question_Text_Topic_Medium" 
(id, question_text_id, question_topic_id, instruction_medium_id, is_verified, created_at, updated_at, translation_status) 
VALUES (90316, 70316, 80316, 50001, true, '2025-06-26 17:30:59+05:30', '2025-06-26 17:30:59+05:30', 'original');
INSERT INTO "Question" (id, question_type_id, board_question, created_at, updated_at) 
VALUES (60317, 9, false, '2025-06-26 17:30:59+05:30', '2025-06-26 17:30:59+05:30');
INSERT INTO "Question_Topic" (id, question_id, topic_id, created_at, updated_at) 
VALUES (80317, 60317, 50006, '2025-06-26 17:30:59+05:30', '2025-06-26 17:30:59+05:30');
INSERT INTO "Question_Text" (id, question_id, question_text, created_at, updated_at) 
VALUES (70317, 60317, 'Explain the concept of introduction to matrices with an example.', '2025-06-26 17:30:59+05:30', '2025-06-26 17:30:59+05:30');
INSERT INTO "Question_Text_Topic_Medium" 
(id, question_text_id, question_topic_id, instruction_medium_id, is_verified, created_at, updated_at, translation_status) 
VALUES (90317, 70317, 80317, 50001, true, '2025-06-26 17:30:59+05:30', '2025-06-26 17:30:59+05:30', 'original');
INSERT INTO "Question" (id, question_type_id, board_question, created_at, updated_at) 
VALUES (60318, 9, false, '2025-06-26 17:30:59+05:30', '2025-06-26 17:30:59+05:30');
INSERT INTO "Question_Topic" (id, question_id, topic_id, created_at, updated_at) 
VALUES (80318, 60318, 50006, '2025-06-26 17:30:59+05:30', '2025-06-26 17:30:59+05:30');
INSERT INTO "Question_Text" (id, question_id, question_text, created_at, updated_at) 
VALUES (70318, 60318, 'Explain the concept of introduction to matrices with an example.', '2025-06-26 17:30:59+05:30', '2025-06-26 17:30:59+05:30');
INSERT INTO "Question_Text_Topic_Medium" 
(id, question_text_id, question_topic_id, instruction_medium_id, is_verified, created_at, updated_at, translation_status) 
VALUES (90318, 70318, 80318, 50001, true, '2025-06-26 17:30:59+05:30', '2025-06-26 17:30:59+05:30', 'original');
INSERT INTO "Question" (id, question_type_id, board_question, created_at, updated_at) 
VALUES (60319, 9, false, '2025-06-26 17:30:59+05:30', '2025-06-26 17:30:59+05:30');
INSERT INTO "Question_Topic" (id, question_id, topic_id, created_at, updated_at) 
VALUES (80319, 60319, 50006, '2025-06-26 17:30:59+05:30', '2025-06-26 17:30:59+05:30');
INSERT INTO "Question_Text" (id, question_id, question_text, created_at, updated_at) 
VALUES (70319, 60319, 'Explain the concept of introduction to matrices with an example.', '2025-06-26 17:30:59+05:30', '2025-06-26 17:30:59+05:30');
INSERT INTO "Question_Text_Topic_Medium" 
(id, question_text_id, question_topic_id, instruction_medium_id, is_verified, created_at, updated_at, translation_status) 
VALUES (90319, 70319, 80319, 50001, true, '2025-06-26 17:30:59+05:30', '2025-06-26 17:30:59+05:30', 'original');
INSERT INTO "Question" (id, question_type_id, board_question, created_at, updated_at) 
VALUES (60320, 9, false, '2025-06-26 17:30:59+05:30', '2025-06-26 17:30:59+05:30');
INSERT INTO "Question_Topic" (id, question_id, topic_id, created_at, updated_at) 
VALUES (80320, 60320, 50006, '2025-06-26 17:30:59+05:30', '2025-06-26 17:30:59+05:30');
INSERT INTO "Question_Text" (id, question_id, question_text, created_at, updated_at) 
VALUES (70320, 60320, 'Explain the concept of introduction to matrices with an example.', '2025-06-26 17:30:59+05:30', '2025-06-26 17:30:59+05:30');
INSERT INTO "Question_Text_Topic_Medium" 
(id, question_text_id, question_topic_id, instruction_medium_id, is_verified, created_at, updated_at, translation_status) 
VALUES (90320, 70320, 80320, 50001, true, '2025-06-26 17:30:59+05:30', '2025-06-26 17:30:59+05:30', 'original');
INSERT INTO "Question" (id, question_type_id, board_question, created_at, updated_at) 
VALUES (60321, 10, false, '2025-06-26 17:30:59+05:30', '2025-06-26 17:30:59+05:30');
INSERT INTO "Question_Topic" (id, question_id, topic_id, created_at, updated_at) 
VALUES (80321, 60321, 50006, '2025-06-26 17:30:59+05:30', '2025-06-26 17:30:59+05:30');
INSERT INTO "Question_Text" (id, question_id, question_text, created_at, updated_at) 
VALUES (70321, 60321, 'Question about introduction to matrices - Type: Complete and Identify Reaction', '2025-06-26 17:30:59+05:30', '2025-06-26 17:30:59+05:30');
INSERT INTO "Question_Text_Topic_Medium" 
(id, question_text_id, question_topic_id, instruction_medium_id, is_verified, created_at, updated_at, translation_status) 
VALUES (90321, 70321, 80321, 50001, true, '2025-06-26 17:30:59+05:30', '2025-06-26 17:30:59+05:30', 'original');
INSERT INTO "Question" (id, question_type_id, board_question, created_at, updated_at) 
VALUES (60322, 10, false, '2025-06-26 17:30:59+05:30', '2025-06-26 17:30:59+05:30');
INSERT INTO "Question_Topic" (id, question_id, topic_id, created_at, updated_at) 
VALUES (80322, 60322, 50006, '2025-06-26 17:30:59+05:30', '2025-06-26 17:30:59+05:30');
INSERT INTO "Question_Text" (id, question_id, question_text, created_at, updated_at) 
VALUES (70322, 60322, 'Question about introduction to matrices - Type: Complete and Identify Reaction', '2025-06-26 17:30:59+05:30', '2025-06-26 17:30:59+05:30');
INSERT INTO "Question_Text_Topic_Medium" 
(id, question_text_id, question_topic_id, instruction_medium_id, is_verified, created_at, updated_at, translation_status) 
VALUES (90322, 70322, 80322, 50001, true, '2025-06-26 17:30:59+05:30', '2025-06-26 17:30:59+05:30', 'original');
INSERT INTO "Question" (id, question_type_id, board_question, created_at, updated_at) 
VALUES (60323, 10, false, '2025-06-26 17:30:59+05:30', '2025-06-26 17:30:59+05:30');
INSERT INTO "Question_Topic" (id, question_id, topic_id, created_at, updated_at) 
VALUES (80323, 60323, 50006, '2025-06-26 17:30:59+05:30', '2025-06-26 17:30:59+05:30');
INSERT INTO "Question_Text" (id, question_id, question_text, created_at, updated_at) 
VALUES (70323, 60323, 'Question about introduction to matrices - Type: Complete and Identify Reaction', '2025-06-26 17:30:59+05:30', '2025-06-26 17:30:59+05:30');
INSERT INTO "Question_Text_Topic_Medium" 
(id, question_text_id, question_topic_id, instruction_medium_id, is_verified, created_at, updated_at, translation_status) 
VALUES (90323, 70323, 80323, 50001, true, '2025-06-26 17:30:59+05:30', '2025-06-26 17:30:59+05:30', 'original');
INSERT INTO "Question" (id, question_type_id, board_question, created_at, updated_at) 
VALUES (60324, 10, false, '2025-06-26 17:30:59+05:30', '2025-06-26 17:30:59+05:30');
INSERT INTO "Question_Topic" (id, question_id, topic_id, created_at, updated_at) 
VALUES (80324, 60324, 50006, '2025-06-26 17:30:59+05:30', '2025-06-26 17:30:59+05:30');
INSERT INTO "Question_Text" (id, question_id, question_text, created_at, updated_at) 
VALUES (70324, 60324, 'Question about introduction to matrices - Type: Complete and Identify Reaction', '2025-06-26 17:30:59+05:30', '2025-06-26 17:30:59+05:30');
INSERT INTO "Question_Text_Topic_Medium" 
(id, question_text_id, question_topic_id, instruction_medium_id, is_verified, created_at, updated_at, translation_status) 
VALUES (90324, 70324, 80324, 50001, true, '2025-06-26 17:30:59+05:30', '2025-06-26 17:30:59+05:30', 'original');
INSERT INTO "Question" (id, question_type_id, board_question, created_at, updated_at) 
VALUES (60325, 10, false, '2025-06-26 17:30:59+05:30', '2025-06-26 17:30:59+05:30');
INSERT INTO "Question_Topic" (id, question_id, topic_id, created_at, updated_at) 
VALUES (80325, 60325, 50006, '2025-06-26 17:30:59+05:30', '2025-06-26 17:30:59+05:30');
INSERT INTO "Question_Text" (id, question_id, question_text, created_at, updated_at) 
VALUES (70325, 60325, 'Question about introduction to matrices - Type: Complete and Identify Reaction', '2025-06-26 17:30:59+05:30', '2025-06-26 17:30:59+05:30');
INSERT INTO "Question_Text_Topic_Medium" 
(id, question_text_id, question_topic_id, instruction_medium_id, is_verified, created_at, updated_at, translation_status) 
VALUES (90325, 70325, 80325, 50001, true, '2025-06-26 17:30:59+05:30', '2025-06-26 17:30:59+05:30', 'original');
INSERT INTO "Question" (id, question_type_id, board_question, created_at, updated_at) 
VALUES (60326, 11, false, '2025-06-26 17:30:59+05:30', '2025-06-26 17:30:59+05:30');
INSERT INTO "Question_Topic" (id, question_id, topic_id, created_at, updated_at) 
VALUES (80326, 60326, 50006, '2025-06-26 17:30:59+05:30', '2025-06-26 17:30:59+05:30');
INSERT INTO "Question_Text" (id, question_id, question_text, created_at, updated_at) 
VALUES (70326, 60326, 'Question about introduction to matrices - Type: Short Note', '2025-06-26 17:30:59+05:30', '2025-06-26 17:30:59+05:30');
INSERT INTO "Question_Text_Topic_Medium" 
(id, question_text_id, question_topic_id, instruction_medium_id, is_verified, created_at, updated_at, translation_status) 
VALUES (90326, 70326, 80326, 50001, true, '2025-06-26 17:30:59+05:30', '2025-06-26 17:30:59+05:30', 'original');
INSERT INTO "Question" (id, question_type_id, board_question, created_at, updated_at) 
VALUES (60327, 11, false, '2025-06-26 17:30:59+05:30', '2025-06-26 17:30:59+05:30');
INSERT INTO "Question_Topic" (id, question_id, topic_id, created_at, updated_at) 
VALUES (80327, 60327, 50006, '2025-06-26 17:30:59+05:30', '2025-06-26 17:30:59+05:30');
INSERT INTO "Question_Text" (id, question_id, question_text, created_at, updated_at) 
VALUES (70327, 60327, 'Question about introduction to matrices - Type: Short Note', '2025-06-26 17:30:59+05:30', '2025-06-26 17:30:59+05:30');
INSERT INTO "Question_Text_Topic_Medium" 
(id, question_text_id, question_topic_id, instruction_medium_id, is_verified, created_at, updated_at, translation_status) 
VALUES (90327, 70327, 80327, 50001, true, '2025-06-26 17:30:59+05:30', '2025-06-26 17:30:59+05:30', 'original');
INSERT INTO "Question" (id, question_type_id, board_question, created_at, updated_at) 
VALUES (60328, 11, false, '2025-06-26 17:30:59+05:30', '2025-06-26 17:30:59+05:30');
INSERT INTO "Question_Topic" (id, question_id, topic_id, created_at, updated_at) 
VALUES (80328, 60328, 50006, '2025-06-26 17:30:59+05:30', '2025-06-26 17:30:59+05:30');
INSERT INTO "Question_Text" (id, question_id, question_text, created_at, updated_at) 
VALUES (70328, 60328, 'Question about introduction to matrices - Type: Short Note', '2025-06-26 17:30:59+05:30', '2025-06-26 17:30:59+05:30');
INSERT INTO "Question_Text_Topic_Medium" 
(id, question_text_id, question_topic_id, instruction_medium_id, is_verified, created_at, updated_at, translation_status) 
VALUES (90328, 70328, 80328, 50001, true, '2025-06-26 17:30:59+05:30', '2025-06-26 17:30:59+05:30', 'original');
INSERT INTO "Question" (id, question_type_id, board_question, created_at, updated_at) 
VALUES (60329, 11, false, '2025-06-26 17:30:59+05:30', '2025-06-26 17:30:59+05:30');
INSERT INTO "Question_Topic" (id, question_id, topic_id, created_at, updated_at) 
VALUES (80329, 60329, 50006, '2025-06-26 17:30:59+05:30', '2025-06-26 17:30:59+05:30');
INSERT INTO "Question_Text" (id, question_id, question_text, created_at, updated_at) 
VALUES (70329, 60329, 'Question about introduction to matrices - Type: Short Note', '2025-06-26 17:30:59+05:30', '2025-06-26 17:30:59+05:30');
INSERT INTO "Question_Text_Topic_Medium" 
(id, question_text_id, question_topic_id, instruction_medium_id, is_verified, created_at, updated_at, translation_status) 
VALUES (90329, 70329, 80329, 50001, true, '2025-06-26 17:30:59+05:30', '2025-06-26 17:30:59+05:30', 'original');
INSERT INTO "Question" (id, question_type_id, board_question, created_at, updated_at) 
VALUES (60330, 11, false, '2025-06-26 17:30:59+05:30', '2025-06-26 17:30:59+05:30');
INSERT INTO "Question_Topic" (id, question_id, topic_id, created_at, updated_at) 
VALUES (80330, 60330, 50006, '2025-06-26 17:30:59+05:30', '2025-06-26 17:30:59+05:30');
INSERT INTO "Question_Text" (id, question_id, question_text, created_at, updated_at) 
VALUES (70330, 60330, 'Question about introduction to matrices - Type: Short Note', '2025-06-26 17:30:59+05:30', '2025-06-26 17:30:59+05:30');
INSERT INTO "Question_Text_Topic_Medium" 
(id, question_text_id, question_topic_id, instruction_medium_id, is_verified, created_at, updated_at, translation_status) 
VALUES (90330, 70330, 80330, 50001, true, '2025-06-26 17:30:59+05:30', '2025-06-26 17:30:59+05:30', 'original');
INSERT INTO "Question" (id, question_type_id, board_question, created_at, updated_at) 
VALUES (60331, 1, false, '2025-06-26 17:30:59+05:30', '2025-06-26 17:30:59+05:30');
INSERT INTO "Question_Topic" (id, question_id, topic_id, created_at, updated_at) 
VALUES (80331, 60331, 50007, '2025-06-26 17:30:59+05:30', '2025-06-26 17:30:59+05:30');
INSERT INTO "Question_Text" (id, question_id, question_text, created_at, updated_at) 
VALUES (70331, 60331, 'Which of the following is true about operations on matrices?', '2025-06-26 17:30:59+05:30', '2025-06-26 17:30:59+05:30');
INSERT INTO "Question_Text_Topic_Medium" 
(id, question_text_id, question_topic_id, instruction_medium_id, is_verified, created_at, updated_at, translation_status) 
VALUES (90331, 70331, 80331, 50001, true, '2025-06-26 17:30:59+05:30', '2025-06-26 17:30:59+05:30', 'original');
INSERT INTO "Mcq_Option" 
(id, question_text_id, option_text, is_correct, created_at, updated_at) 
VALUES (100121, 70331, 'Correct answer for Operations on Matrices', true, '2025-06-26 17:30:59+05:30', '2025-06-26 17:30:59+05:30');
INSERT INTO "Mcq_Option" 
(id, question_text_id, option_text, is_correct, created_at, updated_at) 
VALUES (100122, 70331, 'Incorrect option A for Operations on Matrices', false, '2025-06-26 17:30:59+05:30', '2025-06-26 17:30:59+05:30');
INSERT INTO "Mcq_Option" 
(id, question_text_id, option_text, is_correct, created_at, updated_at) 
VALUES (100123, 70331, 'Incorrect option B for Operations on Matrices', false, '2025-06-26 17:30:59+05:30', '2025-06-26 17:30:59+05:30');
INSERT INTO "Mcq_Option" 
(id, question_text_id, option_text, is_correct, created_at, updated_at) 
VALUES (100124, 70331, 'Incorrect option C for Operations on Matrices', false, '2025-06-26 17:30:59+05:30', '2025-06-26 17:30:59+05:30');
INSERT INTO "Question" (id, question_type_id, board_question, created_at, updated_at) 
VALUES (60332, 1, false, '2025-06-26 17:30:59+05:30', '2025-06-26 17:30:59+05:30');
INSERT INTO "Question_Topic" (id, question_id, topic_id, created_at, updated_at) 
VALUES (80332, 60332, 50007, '2025-06-26 17:30:59+05:30', '2025-06-26 17:30:59+05:30');
INSERT INTO "Question_Text" (id, question_id, question_text, created_at, updated_at) 
VALUES (70332, 60332, 'Which of the following is true about operations on matrices?', '2025-06-26 17:30:59+05:30', '2025-06-26 17:30:59+05:30');
INSERT INTO "Question_Text_Topic_Medium" 
(id, question_text_id, question_topic_id, instruction_medium_id, is_verified, created_at, updated_at, translation_status) 
VALUES (90332, 70332, 80332, 50001, true, '2025-06-26 17:30:59+05:30', '2025-06-26 17:30:59+05:30', 'original');
INSERT INTO "Mcq_Option" 
(id, question_text_id, option_text, is_correct, created_at, updated_at) 
VALUES (100125, 70332, 'Correct answer for Operations on Matrices', true, '2025-06-26 17:30:59+05:30', '2025-06-26 17:30:59+05:30');
INSERT INTO "Mcq_Option" 
(id, question_text_id, option_text, is_correct, created_at, updated_at) 
VALUES (100126, 70332, 'Incorrect option A for Operations on Matrices', false, '2025-06-26 17:30:59+05:30', '2025-06-26 17:30:59+05:30');
INSERT INTO "Mcq_Option" 
(id, question_text_id, option_text, is_correct, created_at, updated_at) 
VALUES (100127, 70332, 'Incorrect option B for Operations on Matrices', false, '2025-06-26 17:30:59+05:30', '2025-06-26 17:30:59+05:30');
INSERT INTO "Mcq_Option" 
(id, question_text_id, option_text, is_correct, created_at, updated_at) 
VALUES (100128, 70332, 'Incorrect option C for Operations on Matrices', false, '2025-06-26 17:30:59+05:30', '2025-06-26 17:30:59+05:30');
INSERT INTO "Question" (id, question_type_id, board_question, created_at, updated_at) 
VALUES (60333, 1, false, '2025-06-26 17:30:59+05:30', '2025-06-26 17:30:59+05:30');
INSERT INTO "Question_Topic" (id, question_id, topic_id, created_at, updated_at) 
VALUES (80333, 60333, 50007, '2025-06-26 17:30:59+05:30', '2025-06-26 17:30:59+05:30');
INSERT INTO "Question_Text" (id, question_id, question_text, created_at, updated_at) 
VALUES (70333, 60333, 'Which of the following is true about operations on matrices?', '2025-06-26 17:30:59+05:30', '2025-06-26 17:30:59+05:30');
INSERT INTO "Question_Text_Topic_Medium" 
(id, question_text_id, question_topic_id, instruction_medium_id, is_verified, created_at, updated_at, translation_status) 
VALUES (90333, 70333, 80333, 50001, true, '2025-06-26 17:30:59+05:30', '2025-06-26 17:30:59+05:30', 'original');
INSERT INTO "Mcq_Option" 
(id, question_text_id, option_text, is_correct, created_at, updated_at) 
VALUES (100129, 70333, 'Correct answer for Operations on Matrices', true, '2025-06-26 17:30:59+05:30', '2025-06-26 17:30:59+05:30');
INSERT INTO "Mcq_Option" 
(id, question_text_id, option_text, is_correct, created_at, updated_at) 
VALUES (100130, 70333, 'Incorrect option A for Operations on Matrices', false, '2025-06-26 17:30:59+05:30', '2025-06-26 17:30:59+05:30');
INSERT INTO "Mcq_Option" 
(id, question_text_id, option_text, is_correct, created_at, updated_at) 
VALUES (100131, 70333, 'Incorrect option B for Operations on Matrices', false, '2025-06-26 17:30:59+05:30', '2025-06-26 17:30:59+05:30');
INSERT INTO "Mcq_Option" 
(id, question_text_id, option_text, is_correct, created_at, updated_at) 
VALUES (100132, 70333, 'Incorrect option C for Operations on Matrices', false, '2025-06-26 17:30:59+05:30', '2025-06-26 17:30:59+05:30');
INSERT INTO "Question" (id, question_type_id, board_question, created_at, updated_at) 
VALUES (60334, 1, false, '2025-06-26 17:30:59+05:30', '2025-06-26 17:30:59+05:30');
INSERT INTO "Question_Topic" (id, question_id, topic_id, created_at, updated_at) 
VALUES (80334, 60334, 50007, '2025-06-26 17:30:59+05:30', '2025-06-26 17:30:59+05:30');
INSERT INTO "Question_Text" (id, question_id, question_text, created_at, updated_at) 
VALUES (70334, 60334, 'Which of the following is true about operations on matrices?', '2025-06-26 17:30:59+05:30', '2025-06-26 17:30:59+05:30');
INSERT INTO "Question_Text_Topic_Medium" 
(id, question_text_id, question_topic_id, instruction_medium_id, is_verified, created_at, updated_at, translation_status) 
VALUES (90334, 70334, 80334, 50001, true, '2025-06-26 17:30:59+05:30', '2025-06-26 17:30:59+05:30', 'original');
INSERT INTO "Mcq_Option" 
(id, question_text_id, option_text, is_correct, created_at, updated_at) 
VALUES (100133, 70334, 'Correct answer for Operations on Matrices', true, '2025-06-26 17:30:59+05:30', '2025-06-26 17:30:59+05:30');
INSERT INTO "Mcq_Option" 
(id, question_text_id, option_text, is_correct, created_at, updated_at) 
VALUES (100134, 70334, 'Incorrect option A for Operations on Matrices', false, '2025-06-26 17:30:59+05:30', '2025-06-26 17:30:59+05:30');
INSERT INTO "Mcq_Option" 
(id, question_text_id, option_text, is_correct, created_at, updated_at) 
VALUES (100135, 70334, 'Incorrect option B for Operations on Matrices', false, '2025-06-26 17:30:59+05:30', '2025-06-26 17:30:59+05:30');
INSERT INTO "Mcq_Option" 
(id, question_text_id, option_text, is_correct, created_at, updated_at) 
VALUES (100136, 70334, 'Incorrect option C for Operations on Matrices', false, '2025-06-26 17:30:59+05:30', '2025-06-26 17:30:59+05:30');
INSERT INTO "Question" (id, question_type_id, board_question, created_at, updated_at) 
VALUES (60335, 1, false, '2025-06-26 17:30:59+05:30', '2025-06-26 17:30:59+05:30');
INSERT INTO "Question_Topic" (id, question_id, topic_id, created_at, updated_at) 
VALUES (80335, 60335, 50007, '2025-06-26 17:30:59+05:30', '2025-06-26 17:30:59+05:30');
INSERT INTO "Question_Text" (id, question_id, question_text, created_at, updated_at) 
VALUES (70335, 60335, 'Which of the following is true about operations on matrices?', '2025-06-26 17:30:59+05:30', '2025-06-26 17:30:59+05:30');
INSERT INTO "Question_Text_Topic_Medium" 
(id, question_text_id, question_topic_id, instruction_medium_id, is_verified, created_at, updated_at, translation_status) 
VALUES (90335, 70335, 80335, 50001, true, '2025-06-26 17:30:59+05:30', '2025-06-26 17:30:59+05:30', 'original');
INSERT INTO "Mcq_Option" 
(id, question_text_id, option_text, is_correct, created_at, updated_at) 
VALUES (100137, 70335, 'Correct answer for Operations on Matrices', true, '2025-06-26 17:30:59+05:30', '2025-06-26 17:30:59+05:30');
INSERT INTO "Mcq_Option" 
(id, question_text_id, option_text, is_correct, created_at, updated_at) 
VALUES (100138, 70335, 'Incorrect option A for Operations on Matrices', false, '2025-06-26 17:30:59+05:30', '2025-06-26 17:30:59+05:30');
INSERT INTO "Mcq_Option" 
(id, question_text_id, option_text, is_correct, created_at, updated_at) 
VALUES (100139, 70335, 'Incorrect option B for Operations on Matrices', false, '2025-06-26 17:30:59+05:30', '2025-06-26 17:30:59+05:30');
INSERT INTO "Mcq_Option" 
(id, question_text_id, option_text, is_correct, created_at, updated_at) 
VALUES (100140, 70335, 'Incorrect option C for Operations on Matrices', false, '2025-06-26 17:30:59+05:30', '2025-06-26 17:30:59+05:30');
INSERT INTO "Question" (id, question_type_id, board_question, created_at, updated_at) 
VALUES (60336, 2, false, '2025-06-26 17:30:59+05:30', '2025-06-26 17:30:59+05:30');
INSERT INTO "Question_Topic" (id, question_id, topic_id, created_at, updated_at) 
VALUES (80336, 60336, 50007, '2025-06-26 17:30:59+05:30', '2025-06-26 17:30:59+05:30');
INSERT INTO "Question_Text" (id, question_id, question_text, created_at, updated_at) 
VALUES (70336, 60336, 'Question about operations on matrices - Type: Odd One Out', '2025-06-26 17:30:59+05:30', '2025-06-26 17:30:59+05:30');
INSERT INTO "Question_Text_Topic_Medium" 
(id, question_text_id, question_topic_id, instruction_medium_id, is_verified, created_at, updated_at, translation_status) 
VALUES (90336, 70336, 80336, 50001, true, '2025-06-26 17:30:59+05:30', '2025-06-26 17:30:59+05:30', 'original');
INSERT INTO "Question" (id, question_type_id, board_question, created_at, updated_at) 
VALUES (60337, 2, false, '2025-06-26 17:30:59+05:30', '2025-06-26 17:30:59+05:30');
INSERT INTO "Question_Topic" (id, question_id, topic_id, created_at, updated_at) 
VALUES (80337, 60337, 50007, '2025-06-26 17:30:59+05:30', '2025-06-26 17:30:59+05:30');
INSERT INTO "Question_Text" (id, question_id, question_text, created_at, updated_at) 
VALUES (70337, 60337, 'Question about operations on matrices - Type: Odd One Out', '2025-06-26 17:30:59+05:30', '2025-06-26 17:30:59+05:30');
INSERT INTO "Question_Text_Topic_Medium" 
(id, question_text_id, question_topic_id, instruction_medium_id, is_verified, created_at, updated_at, translation_status) 
VALUES (90337, 70337, 80337, 50001, true, '2025-06-26 17:30:59+05:30', '2025-06-26 17:30:59+05:30', 'original');
INSERT INTO "Question" (id, question_type_id, board_question, created_at, updated_at) 
VALUES (60338, 2, false, '2025-06-26 17:30:59+05:30', '2025-06-26 17:30:59+05:30');
INSERT INTO "Question_Topic" (id, question_id, topic_id, created_at, updated_at) 
VALUES (80338, 60338, 50007, '2025-06-26 17:30:59+05:30', '2025-06-26 17:30:59+05:30');
INSERT INTO "Question_Text" (id, question_id, question_text, created_at, updated_at) 
VALUES (70338, 60338, 'Question about operations on matrices - Type: Odd One Out', '2025-06-26 17:30:59+05:30', '2025-06-26 17:30:59+05:30');
INSERT INTO "Question_Text_Topic_Medium" 
(id, question_text_id, question_topic_id, instruction_medium_id, is_verified, created_at, updated_at, translation_status) 
VALUES (90338, 70338, 80338, 50001, true, '2025-06-26 17:30:59+05:30', '2025-06-26 17:30:59+05:30', 'original');
INSERT INTO "Question" (id, question_type_id, board_question, created_at, updated_at) 
VALUES (60339, 2, false, '2025-06-26 17:30:59+05:30', '2025-06-26 17:30:59+05:30');
INSERT INTO "Question_Topic" (id, question_id, topic_id, created_at, updated_at) 
VALUES (80339, 60339, 50007, '2025-06-26 17:30:59+05:30', '2025-06-26 17:30:59+05:30');
INSERT INTO "Question_Text" (id, question_id, question_text, created_at, updated_at) 
VALUES (70339, 60339, 'Question about operations on matrices - Type: Odd One Out', '2025-06-26 17:30:59+05:30', '2025-06-26 17:30:59+05:30');
INSERT INTO "Question_Text_Topic_Medium" 
(id, question_text_id, question_topic_id, instruction_medium_id, is_verified, created_at, updated_at, translation_status) 
VALUES (90339, 70339, 80339, 50001, true, '2025-06-26 17:30:59+05:30', '2025-06-26 17:30:59+05:30', 'original');
INSERT INTO "Question" (id, question_type_id, board_question, created_at, updated_at) 
VALUES (60340, 2, false, '2025-06-26 17:30:59+05:30', '2025-06-26 17:30:59+05:30');
INSERT INTO "Question_Topic" (id, question_id, topic_id, created_at, updated_at) 
VALUES (80340, 60340, 50007, '2025-06-26 17:30:59+05:30', '2025-06-26 17:30:59+05:30');
INSERT INTO "Question_Text" (id, question_id, question_text, created_at, updated_at) 
VALUES (70340, 60340, 'Question about operations on matrices - Type: Odd One Out', '2025-06-26 17:30:59+05:30', '2025-06-26 17:30:59+05:30');
INSERT INTO "Question_Text_Topic_Medium" 
(id, question_text_id, question_topic_id, instruction_medium_id, is_verified, created_at, updated_at, translation_status) 
VALUES (90340, 70340, 80340, 50001, true, '2025-06-26 17:30:59+05:30', '2025-06-26 17:30:59+05:30', 'original');
INSERT INTO "Question" (id, question_type_id, board_question, created_at, updated_at) 
VALUES (60341, 3, false, '2025-06-26 17:30:59+05:30', '2025-06-26 17:30:59+05:30');
INSERT INTO "Question_Topic" (id, question_id, topic_id, created_at, updated_at) 
VALUES (80341, 60341, 50007, '2025-06-26 17:30:59+05:30', '2025-06-26 17:30:59+05:30');
INSERT INTO "Question_Text" (id, question_id, question_text, created_at, updated_at) 
VALUES (70341, 60341, 'Question about operations on matrices - Type: Complete the Correlation', '2025-06-26 17:30:59+05:30', '2025-06-26 17:30:59+05:30');
INSERT INTO "Question_Text_Topic_Medium" 
(id, question_text_id, question_topic_id, instruction_medium_id, is_verified, created_at, updated_at, translation_status) 
VALUES (90341, 70341, 80341, 50001, true, '2025-06-26 17:30:59+05:30', '2025-06-26 17:30:59+05:30', 'original');
INSERT INTO "Question" (id, question_type_id, board_question, created_at, updated_at) 
VALUES (60342, 3, false, '2025-06-26 17:30:59+05:30', '2025-06-26 17:30:59+05:30');
INSERT INTO "Question_Topic" (id, question_id, topic_id, created_at, updated_at) 
VALUES (80342, 60342, 50007, '2025-06-26 17:30:59+05:30', '2025-06-26 17:30:59+05:30');
INSERT INTO "Question_Text" (id, question_id, question_text, created_at, updated_at) 
VALUES (70342, 60342, 'Question about operations on matrices - Type: Complete the Correlation', '2025-06-26 17:30:59+05:30', '2025-06-26 17:30:59+05:30');
INSERT INTO "Question_Text_Topic_Medium" 
(id, question_text_id, question_topic_id, instruction_medium_id, is_verified, created_at, updated_at, translation_status) 
VALUES (90342, 70342, 80342, 50001, true, '2025-06-26 17:30:59+05:30', '2025-06-26 17:30:59+05:30', 'original');
INSERT INTO "Question" (id, question_type_id, board_question, created_at, updated_at) 
VALUES (60343, 3, false, '2025-06-26 17:30:59+05:30', '2025-06-26 17:30:59+05:30');
INSERT INTO "Question_Topic" (id, question_id, topic_id, created_at, updated_at) 
VALUES (80343, 60343, 50007, '2025-06-26 17:30:59+05:30', '2025-06-26 17:30:59+05:30');
INSERT INTO "Question_Text" (id, question_id, question_text, created_at, updated_at) 
VALUES (70343, 60343, 'Question about operations on matrices - Type: Complete the Correlation', '2025-06-26 17:30:59+05:30', '2025-06-26 17:30:59+05:30');
INSERT INTO "Question_Text_Topic_Medium" 
(id, question_text_id, question_topic_id, instruction_medium_id, is_verified, created_at, updated_at, translation_status) 
VALUES (90343, 70343, 80343, 50001, true, '2025-06-26 17:30:59+05:30', '2025-06-26 17:30:59+05:30', 'original');
INSERT INTO "Question" (id, question_type_id, board_question, created_at, updated_at) 
VALUES (60344, 3, false, '2025-06-26 17:30:59+05:30', '2025-06-26 17:30:59+05:30');
INSERT INTO "Question_Topic" (id, question_id, topic_id, created_at, updated_at) 
VALUES (80344, 60344, 50007, '2025-06-26 17:30:59+05:30', '2025-06-26 17:30:59+05:30');
INSERT INTO "Question_Text" (id, question_id, question_text, created_at, updated_at) 
VALUES (70344, 60344, 'Question about operations on matrices - Type: Complete the Correlation', '2025-06-26 17:30:59+05:30', '2025-06-26 17:30:59+05:30');
INSERT INTO "Question_Text_Topic_Medium" 
(id, question_text_id, question_topic_id, instruction_medium_id, is_verified, created_at, updated_at, translation_status) 
VALUES (90344, 70344, 80344, 50001, true, '2025-06-26 17:30:59+05:30', '2025-06-26 17:30:59+05:30', 'original');
INSERT INTO "Question" (id, question_type_id, board_question, created_at, updated_at) 
VALUES (60345, 3, false, '2025-06-26 17:30:59+05:30', '2025-06-26 17:30:59+05:30');
INSERT INTO "Question_Topic" (id, question_id, topic_id, created_at, updated_at) 
VALUES (80345, 60345, 50007, '2025-06-26 17:30:59+05:30', '2025-06-26 17:30:59+05:30');
INSERT INTO "Question_Text" (id, question_id, question_text, created_at, updated_at) 
VALUES (70345, 60345, 'Question about operations on matrices - Type: Complete the Correlation', '2025-06-26 17:30:59+05:30', '2025-06-26 17:30:59+05:30');
INSERT INTO "Question_Text_Topic_Medium" 
(id, question_text_id, question_topic_id, instruction_medium_id, is_verified, created_at, updated_at, translation_status) 
VALUES (90345, 70345, 80345, 50001, true, '2025-06-26 17:30:59+05:30', '2025-06-26 17:30:59+05:30', 'original');
INSERT INTO "Question" (id, question_type_id, board_question, created_at, updated_at) 
VALUES (60346, 4, false, '2025-06-26 17:30:59+05:30', '2025-06-26 17:30:59+05:30');
INSERT INTO "Question_Topic" (id, question_id, topic_id, created_at, updated_at) 
VALUES (80346, 60346, 50007, '2025-06-26 17:30:59+05:30', '2025-06-26 17:30:59+05:30');
INSERT INTO "Question_Text" (id, question_id, question_text, created_at, updated_at) 
VALUES (70346, 60346, 'Statement about operations on matrices is always true. (True/False)', '2025-06-26 17:30:59+05:30', '2025-06-26 17:30:59+05:30');
INSERT INTO "Question_Text_Topic_Medium" 
(id, question_text_id, question_topic_id, instruction_medium_id, is_verified, created_at, updated_at, translation_status) 
VALUES (90346, 70346, 80346, 50001, true, '2025-06-26 17:30:59+05:30', '2025-06-26 17:30:59+05:30', 'original');
INSERT INTO "Question" (id, question_type_id, board_question, created_at, updated_at) 
VALUES (60347, 4, false, '2025-06-26 17:30:59+05:30', '2025-06-26 17:30:59+05:30');
INSERT INTO "Question_Topic" (id, question_id, topic_id, created_at, updated_at) 
VALUES (80347, 60347, 50007, '2025-06-26 17:30:59+05:30', '2025-06-26 17:30:59+05:30');
INSERT INTO "Question_Text" (id, question_id, question_text, created_at, updated_at) 
VALUES (70347, 60347, 'Statement about operations on matrices is always true. (True/False)', '2025-06-26 17:30:59+05:30', '2025-06-26 17:30:59+05:30');
INSERT INTO "Question_Text_Topic_Medium" 
(id, question_text_id, question_topic_id, instruction_medium_id, is_verified, created_at, updated_at, translation_status) 
VALUES (90347, 70347, 80347, 50001, true, '2025-06-26 17:30:59+05:30', '2025-06-26 17:30:59+05:30', 'original');
INSERT INTO "Question" (id, question_type_id, board_question, created_at, updated_at) 
VALUES (60348, 4, false, '2025-06-26 17:30:59+05:30', '2025-06-26 17:30:59+05:30');
INSERT INTO "Question_Topic" (id, question_id, topic_id, created_at, updated_at) 
VALUES (80348, 60348, 50007, '2025-06-26 17:30:59+05:30', '2025-06-26 17:30:59+05:30');
INSERT INTO "Question_Text" (id, question_id, question_text, created_at, updated_at) 
VALUES (70348, 60348, 'Statement about operations on matrices is always true. (True/False)', '2025-06-26 17:30:59+05:30', '2025-06-26 17:30:59+05:30');
INSERT INTO "Question_Text_Topic_Medium" 
(id, question_text_id, question_topic_id, instruction_medium_id, is_verified, created_at, updated_at, translation_status) 
VALUES (90348, 70348, 80348, 50001, true, '2025-06-26 17:30:59+05:30', '2025-06-26 17:30:59+05:30', 'original');
INSERT INTO "Question" (id, question_type_id, board_question, created_at, updated_at) 
VALUES (60349, 4, false, '2025-06-26 17:30:59+05:30', '2025-06-26 17:30:59+05:30');
INSERT INTO "Question_Topic" (id, question_id, topic_id, created_at, updated_at) 
VALUES (80349, 60349, 50007, '2025-06-26 17:30:59+05:30', '2025-06-26 17:30:59+05:30');
INSERT INTO "Question_Text" (id, question_id, question_text, created_at, updated_at) 
VALUES (70349, 60349, 'Statement about operations on matrices is always true. (True/False)', '2025-06-26 17:30:59+05:30', '2025-06-26 17:30:59+05:30');
INSERT INTO "Question_Text_Topic_Medium" 
(id, question_text_id, question_topic_id, instruction_medium_id, is_verified, created_at, updated_at, translation_status) 
VALUES (90349, 70349, 80349, 50001, true, '2025-06-26 17:30:59+05:30', '2025-06-26 17:30:59+05:30', 'original');
INSERT INTO "Question" (id, question_type_id, board_question, created_at, updated_at) 
VALUES (60350, 4, false, '2025-06-26 17:30:59+05:30', '2025-06-26 17:30:59+05:30');
INSERT INTO "Question_Topic" (id, question_id, topic_id, created_at, updated_at) 
VALUES (80350, 60350, 50007, '2025-06-26 17:30:59+05:30', '2025-06-26 17:30:59+05:30');
INSERT INTO "Question_Text" (id, question_id, question_text, created_at, updated_at) 
VALUES (70350, 60350, 'Statement about operations on matrices is always true. (True/False)', '2025-06-26 17:30:59+05:30', '2025-06-26 17:30:59+05:30');
INSERT INTO "Question_Text_Topic_Medium" 
(id, question_text_id, question_topic_id, instruction_medium_id, is_verified, created_at, updated_at, translation_status) 
VALUES (90350, 70350, 80350, 50001, true, '2025-06-26 17:30:59+05:30', '2025-06-26 17:30:59+05:30', 'original');
INSERT INTO "Question" (id, question_type_id, board_question, created_at, updated_at) 
VALUES (60351, 5, false, '2025-06-26 17:30:59+05:30', '2025-06-26 17:30:59+05:30');
INSERT INTO "Question_Topic" (id, question_id, topic_id, created_at, updated_at) 
VALUES (80351, 60351, 50007, '2025-06-26 17:30:59+05:30', '2025-06-26 17:30:59+05:30');
INSERT INTO "Question_Text" (id, question_id, question_text, created_at, updated_at) 
VALUES (70351, 60351, 'Match the following concepts related to operations on matrices:', '2025-06-26 17:30:59+05:30', '2025-06-26 17:30:59+05:30');
INSERT INTO "Question_Text_Topic_Medium" 
(id, question_text_id, question_topic_id, instruction_medium_id, is_verified, created_at, updated_at, translation_status) 
VALUES (90351, 70351, 80351, 50001, true, '2025-06-26 17:30:59+05:30', '2025-06-26 17:30:59+05:30', 'original');
INSERT INTO "Match_Pair" 
(id, question_text_id, left_text, right_text, created_at, updated_at) 
VALUES (110091, 70351, 'Concept A of Operations on Matrices', 'Definition A of Operations on Matrices', '2025-06-26 17:30:59+05:30', '2025-06-26 17:30:59+05:30');
INSERT INTO "Match_Pair" 
(id, question_text_id, left_text, right_text, created_at, updated_at) 
VALUES (110092, 70351, 'Concept B of Operations on Matrices', 'Definition B of Operations on Matrices', '2025-06-26 17:30:59+05:30', '2025-06-26 17:30:59+05:30');
INSERT INTO "Match_Pair" 
(id, question_text_id, left_text, right_text, created_at, updated_at) 
VALUES (110093, 70351, 'Concept C of Operations on Matrices', 'Definition C of Operations on Matrices', '2025-06-26 17:30:59+05:30', '2025-06-26 17:30:59+05:30');
INSERT INTO "Question" (id, question_type_id, board_question, created_at, updated_at) 
VALUES (60352, 5, false, '2025-06-26 17:30:59+05:30', '2025-06-26 17:30:59+05:30');
INSERT INTO "Question_Topic" (id, question_id, topic_id, created_at, updated_at) 
VALUES (80352, 60352, 50007, '2025-06-26 17:30:59+05:30', '2025-06-26 17:30:59+05:30');
INSERT INTO "Question_Text" (id, question_id, question_text, created_at, updated_at) 
VALUES (70352, 60352, 'Match the following concepts related to operations on matrices:', '2025-06-26 17:30:59+05:30', '2025-06-26 17:30:59+05:30');
INSERT INTO "Question_Text_Topic_Medium" 
(id, question_text_id, question_topic_id, instruction_medium_id, is_verified, created_at, updated_at, translation_status) 
VALUES (90352, 70352, 80352, 50001, true, '2025-06-26 17:30:59+05:30', '2025-06-26 17:30:59+05:30', 'original');
INSERT INTO "Match_Pair" 
(id, question_text_id, left_text, right_text, created_at, updated_at) 
VALUES (110094, 70352, 'Concept A of Operations on Matrices', 'Definition A of Operations on Matrices', '2025-06-26 17:30:59+05:30', '2025-06-26 17:30:59+05:30');
INSERT INTO "Match_Pair" 
(id, question_text_id, left_text, right_text, created_at, updated_at) 
VALUES (110095, 70352, 'Concept B of Operations on Matrices', 'Definition B of Operations on Matrices', '2025-06-26 17:30:59+05:30', '2025-06-26 17:30:59+05:30');
INSERT INTO "Match_Pair" 
(id, question_text_id, left_text, right_text, created_at, updated_at) 
VALUES (110096, 70352, 'Concept C of Operations on Matrices', 'Definition C of Operations on Matrices', '2025-06-26 17:30:59+05:30', '2025-06-26 17:30:59+05:30');
INSERT INTO "Question" (id, question_type_id, board_question, created_at, updated_at) 
VALUES (60353, 5, false, '2025-06-26 17:30:59+05:30', '2025-06-26 17:30:59+05:30');
INSERT INTO "Question_Topic" (id, question_id, topic_id, created_at, updated_at) 
VALUES (80353, 60353, 50007, '2025-06-26 17:30:59+05:30', '2025-06-26 17:30:59+05:30');
INSERT INTO "Question_Text" (id, question_id, question_text, created_at, updated_at) 
VALUES (70353, 60353, 'Match the following concepts related to operations on matrices:', '2025-06-26 17:30:59+05:30', '2025-06-26 17:30:59+05:30');
INSERT INTO "Question_Text_Topic_Medium" 
(id, question_text_id, question_topic_id, instruction_medium_id, is_verified, created_at, updated_at, translation_status) 
VALUES (90353, 70353, 80353, 50001, true, '2025-06-26 17:30:59+05:30', '2025-06-26 17:30:59+05:30', 'original');
INSERT INTO "Match_Pair" 
(id, question_text_id, left_text, right_text, created_at, updated_at) 
VALUES (110097, 70353, 'Concept A of Operations on Matrices', 'Definition A of Operations on Matrices', '2025-06-26 17:30:59+05:30', '2025-06-26 17:30:59+05:30');
INSERT INTO "Match_Pair" 
(id, question_text_id, left_text, right_text, created_at, updated_at) 
VALUES (110098, 70353, 'Concept B of Operations on Matrices', 'Definition B of Operations on Matrices', '2025-06-26 17:30:59+05:30', '2025-06-26 17:30:59+05:30');
INSERT INTO "Match_Pair" 
(id, question_text_id, left_text, right_text, created_at, updated_at) 
VALUES (110099, 70353, 'Concept C of Operations on Matrices', 'Definition C of Operations on Matrices', '2025-06-26 17:30:59+05:30', '2025-06-26 17:30:59+05:30');
INSERT INTO "Question" (id, question_type_id, board_question, created_at, updated_at) 
VALUES (60354, 5, false, '2025-06-26 17:30:59+05:30', '2025-06-26 17:30:59+05:30');
INSERT INTO "Question_Topic" (id, question_id, topic_id, created_at, updated_at) 
VALUES (80354, 60354, 50007, '2025-06-26 17:30:59+05:30', '2025-06-26 17:30:59+05:30');
INSERT INTO "Question_Text" (id, question_id, question_text, created_at, updated_at) 
VALUES (70354, 60354, 'Match the following concepts related to operations on matrices:', '2025-06-26 17:30:59+05:30', '2025-06-26 17:30:59+05:30');
INSERT INTO "Question_Text_Topic_Medium" 
(id, question_text_id, question_topic_id, instruction_medium_id, is_verified, created_at, updated_at, translation_status) 
VALUES (90354, 70354, 80354, 50001, true, '2025-06-26 17:30:59+05:30', '2025-06-26 17:30:59+05:30', 'original');
INSERT INTO "Match_Pair" 
(id, question_text_id, left_text, right_text, created_at, updated_at) 
VALUES (110100, 70354, 'Concept A of Operations on Matrices', 'Definition A of Operations on Matrices', '2025-06-26 17:30:59+05:30', '2025-06-26 17:30:59+05:30');
INSERT INTO "Match_Pair" 
(id, question_text_id, left_text, right_text, created_at, updated_at) 
VALUES (110101, 70354, 'Concept B of Operations on Matrices', 'Definition B of Operations on Matrices', '2025-06-26 17:30:59+05:30', '2025-06-26 17:30:59+05:30');
INSERT INTO "Match_Pair" 
(id, question_text_id, left_text, right_text, created_at, updated_at) 
VALUES (110102, 70354, 'Concept C of Operations on Matrices', 'Definition C of Operations on Matrices', '2025-06-26 17:30:59+05:30', '2025-06-26 17:30:59+05:30');
INSERT INTO "Question" (id, question_type_id, board_question, created_at, updated_at) 
VALUES (60355, 5, false, '2025-06-26 17:30:59+05:30', '2025-06-26 17:30:59+05:30');
INSERT INTO "Question_Topic" (id, question_id, topic_id, created_at, updated_at) 
VALUES (80355, 60355, 50007, '2025-06-26 17:30:59+05:30', '2025-06-26 17:30:59+05:30');
INSERT INTO "Question_Text" (id, question_id, question_text, created_at, updated_at) 
VALUES (70355, 60355, 'Match the following concepts related to operations on matrices:', '2025-06-26 17:30:59+05:30', '2025-06-26 17:30:59+05:30');
INSERT INTO "Question_Text_Topic_Medium" 
(id, question_text_id, question_topic_id, instruction_medium_id, is_verified, created_at, updated_at, translation_status) 
VALUES (90355, 70355, 80355, 50001, true, '2025-06-26 17:30:59+05:30', '2025-06-26 17:30:59+05:30', 'original');
INSERT INTO "Match_Pair" 
(id, question_text_id, left_text, right_text, created_at, updated_at) 
VALUES (110103, 70355, 'Concept A of Operations on Matrices', 'Definition A of Operations on Matrices', '2025-06-26 17:30:59+05:30', '2025-06-26 17:30:59+05:30');
INSERT INTO "Match_Pair" 
(id, question_text_id, left_text, right_text, created_at, updated_at) 
VALUES (110104, 70355, 'Concept B of Operations on Matrices', 'Definition B of Operations on Matrices', '2025-06-26 17:30:59+05:30', '2025-06-26 17:30:59+05:30');
INSERT INTO "Match_Pair" 
(id, question_text_id, left_text, right_text, created_at, updated_at) 
VALUES (110105, 70355, 'Concept C of Operations on Matrices', 'Definition C of Operations on Matrices', '2025-06-26 17:30:59+05:30', '2025-06-26 17:30:59+05:30');
INSERT INTO "Question" (id, question_type_id, board_question, created_at, updated_at) 
VALUES (60356, 6, false, '2025-06-26 17:30:59+05:30', '2025-06-26 17:30:59+05:30');
INSERT INTO "Question_Topic" (id, question_id, topic_id, created_at, updated_at) 
VALUES (80356, 60356, 50007, '2025-06-26 17:30:59+05:30', '2025-06-26 17:30:59+05:30');
INSERT INTO "Question_Text" (id, question_id, question_text, created_at, updated_at) 
VALUES (70356, 60356, 'In operations on matrices, the main concept is _______.', '2025-06-26 17:30:59+05:30', '2025-06-26 17:30:59+05:30');
INSERT INTO "Question_Text_Topic_Medium" 
(id, question_text_id, question_topic_id, instruction_medium_id, is_verified, created_at, updated_at, translation_status) 
VALUES (90356, 70356, 80356, 50001, true, '2025-06-26 17:30:59+05:30', '2025-06-26 17:30:59+05:30', 'original');
INSERT INTO "Question" (id, question_type_id, board_question, created_at, updated_at) 
VALUES (60357, 6, false, '2025-06-26 17:30:59+05:30', '2025-06-26 17:30:59+05:30');
INSERT INTO "Question_Topic" (id, question_id, topic_id, created_at, updated_at) 
VALUES (80357, 60357, 50007, '2025-06-26 17:30:59+05:30', '2025-06-26 17:30:59+05:30');
INSERT INTO "Question_Text" (id, question_id, question_text, created_at, updated_at) 
VALUES (70357, 60357, 'In operations on matrices, the main concept is _______.', '2025-06-26 17:30:59+05:30', '2025-06-26 17:30:59+05:30');
INSERT INTO "Question_Text_Topic_Medium" 
(id, question_text_id, question_topic_id, instruction_medium_id, is_verified, created_at, updated_at, translation_status) 
VALUES (90357, 70357, 80357, 50001, true, '2025-06-26 17:30:59+05:30', '2025-06-26 17:30:59+05:30', 'original');
INSERT INTO "Question" (id, question_type_id, board_question, created_at, updated_at) 
VALUES (60358, 6, false, '2025-06-26 17:30:59+05:30', '2025-06-26 17:30:59+05:30');
INSERT INTO "Question_Topic" (id, question_id, topic_id, created_at, updated_at) 
VALUES (80358, 60358, 50007, '2025-06-26 17:30:59+05:30', '2025-06-26 17:30:59+05:30');
INSERT INTO "Question_Text" (id, question_id, question_text, created_at, updated_at) 
VALUES (70358, 60358, 'In operations on matrices, the main concept is _______.', '2025-06-26 17:30:59+05:30', '2025-06-26 17:30:59+05:30');
INSERT INTO "Question_Text_Topic_Medium" 
(id, question_text_id, question_topic_id, instruction_medium_id, is_verified, created_at, updated_at, translation_status) 
VALUES (90358, 70358, 80358, 50001, true, '2025-06-26 17:30:59+05:30', '2025-06-26 17:30:59+05:30', 'original');
INSERT INTO "Question" (id, question_type_id, board_question, created_at, updated_at) 
VALUES (60359, 6, false, '2025-06-26 17:30:59+05:30', '2025-06-26 17:30:59+05:30');
INSERT INTO "Question_Topic" (id, question_id, topic_id, created_at, updated_at) 
VALUES (80359, 60359, 50007, '2025-06-26 17:30:59+05:30', '2025-06-26 17:30:59+05:30');
INSERT INTO "Question_Text" (id, question_id, question_text, created_at, updated_at) 
VALUES (70359, 60359, 'In operations on matrices, the main concept is _______.', '2025-06-26 17:30:59+05:30', '2025-06-26 17:30:59+05:30');
INSERT INTO "Question_Text_Topic_Medium" 
(id, question_text_id, question_topic_id, instruction_medium_id, is_verified, created_at, updated_at, translation_status) 
VALUES (90359, 70359, 80359, 50001, true, '2025-06-26 17:30:59+05:30', '2025-06-26 17:30:59+05:30', 'original');
INSERT INTO "Question" (id, question_type_id, board_question, created_at, updated_at) 
VALUES (60360, 6, false, '2025-06-26 17:30:59+05:30', '2025-06-26 17:30:59+05:30');
INSERT INTO "Question_Topic" (id, question_id, topic_id, created_at, updated_at) 
VALUES (80360, 60360, 50007, '2025-06-26 17:30:59+05:30', '2025-06-26 17:30:59+05:30');
INSERT INTO "Question_Text" (id, question_id, question_text, created_at, updated_at) 
VALUES (70360, 60360, 'In operations on matrices, the main concept is _______.', '2025-06-26 17:30:59+05:30', '2025-06-26 17:30:59+05:30');
INSERT INTO "Question_Text_Topic_Medium" 
(id, question_text_id, question_topic_id, instruction_medium_id, is_verified, created_at, updated_at, translation_status) 
VALUES (90360, 70360, 80360, 50001, true, '2025-06-26 17:30:59+05:30', '2025-06-26 17:30:59+05:30', 'original');
INSERT INTO "Question" (id, question_type_id, board_question, created_at, updated_at) 
VALUES (60361, 7, false, '2025-06-26 17:30:59+05:30', '2025-06-26 17:30:59+05:30');
INSERT INTO "Question_Topic" (id, question_id, topic_id, created_at, updated_at) 
VALUES (80361, 60361, 50007, '2025-06-26 17:30:59+05:30', '2025-06-26 17:30:59+05:30');
INSERT INTO "Question_Text" (id, question_id, question_text, created_at, updated_at) 
VALUES (70361, 60361, 'What is the key term in operations on matrices?', '2025-06-26 17:30:59+05:30', '2025-06-26 17:30:59+05:30');
INSERT INTO "Question_Text_Topic_Medium" 
(id, question_text_id, question_topic_id, instruction_medium_id, is_verified, created_at, updated_at, translation_status) 
VALUES (90361, 70361, 80361, 50001, true, '2025-06-26 17:30:59+05:30', '2025-06-26 17:30:59+05:30', 'original');
INSERT INTO "Question" (id, question_type_id, board_question, created_at, updated_at) 
VALUES (60362, 7, false, '2025-06-26 17:30:59+05:30', '2025-06-26 17:30:59+05:30');
INSERT INTO "Question_Topic" (id, question_id, topic_id, created_at, updated_at) 
VALUES (80362, 60362, 50007, '2025-06-26 17:30:59+05:30', '2025-06-26 17:30:59+05:30');
INSERT INTO "Question_Text" (id, question_id, question_text, created_at, updated_at) 
VALUES (70362, 60362, 'What is the key term in operations on matrices?', '2025-06-26 17:30:59+05:30', '2025-06-26 17:30:59+05:30');
INSERT INTO "Question_Text_Topic_Medium" 
(id, question_text_id, question_topic_id, instruction_medium_id, is_verified, created_at, updated_at, translation_status) 
VALUES (90362, 70362, 80362, 50001, true, '2025-06-26 17:30:59+05:30', '2025-06-26 17:30:59+05:30', 'original');
INSERT INTO "Question" (id, question_type_id, board_question, created_at, updated_at) 
VALUES (60363, 7, false, '2025-06-26 17:30:59+05:30', '2025-06-26 17:30:59+05:30');
INSERT INTO "Question_Topic" (id, question_id, topic_id, created_at, updated_at) 
VALUES (80363, 60363, 50007, '2025-06-26 17:30:59+05:30', '2025-06-26 17:30:59+05:30');
INSERT INTO "Question_Text" (id, question_id, question_text, created_at, updated_at) 
VALUES (70363, 60363, 'What is the key term in operations on matrices?', '2025-06-26 17:30:59+05:30', '2025-06-26 17:30:59+05:30');
INSERT INTO "Question_Text_Topic_Medium" 
(id, question_text_id, question_topic_id, instruction_medium_id, is_verified, created_at, updated_at, translation_status) 
VALUES (90363, 70363, 80363, 50001, true, '2025-06-26 17:30:59+05:30', '2025-06-26 17:30:59+05:30', 'original');
INSERT INTO "Question" (id, question_type_id, board_question, created_at, updated_at) 
VALUES (60364, 7, false, '2025-06-26 17:30:59+05:30', '2025-06-26 17:30:59+05:30');
INSERT INTO "Question_Topic" (id, question_id, topic_id, created_at, updated_at) 
VALUES (80364, 60364, 50007, '2025-06-26 17:30:59+05:30', '2025-06-26 17:30:59+05:30');
INSERT INTO "Question_Text" (id, question_id, question_text, created_at, updated_at) 
VALUES (70364, 60364, 'What is the key term in operations on matrices?', '2025-06-26 17:30:59+05:30', '2025-06-26 17:30:59+05:30');
INSERT INTO "Question_Text_Topic_Medium" 
(id, question_text_id, question_topic_id, instruction_medium_id, is_verified, created_at, updated_at, translation_status) 
VALUES (90364, 70364, 80364, 50001, true, '2025-06-26 17:30:59+05:30', '2025-06-26 17:30:59+05:30', 'original');
INSERT INTO "Question" (id, question_type_id, board_question, created_at, updated_at) 
VALUES (60365, 7, false, '2025-06-26 17:30:59+05:30', '2025-06-26 17:30:59+05:30');
INSERT INTO "Question_Topic" (id, question_id, topic_id, created_at, updated_at) 
VALUES (80365, 60365, 50007, '2025-06-26 17:30:59+05:30', '2025-06-26 17:30:59+05:30');
INSERT INTO "Question_Text" (id, question_id, question_text, created_at, updated_at) 
VALUES (70365, 60365, 'What is the key term in operations on matrices?', '2025-06-26 17:30:59+05:30', '2025-06-26 17:30:59+05:30');
INSERT INTO "Question_Text_Topic_Medium" 
(id, question_text_id, question_topic_id, instruction_medium_id, is_verified, created_at, updated_at, translation_status) 
VALUES (90365, 70365, 80365, 50001, true, '2025-06-26 17:30:59+05:30', '2025-06-26 17:30:59+05:30', 'original');
INSERT INTO "Question" (id, question_type_id, board_question, created_at, updated_at) 
VALUES (60366, 8, false, '2025-06-26 17:30:59+05:30', '2025-06-26 17:30:59+05:30');
INSERT INTO "Question_Topic" (id, question_id, topic_id, created_at, updated_at) 
VALUES (80366, 60366, 50007, '2025-06-26 17:30:59+05:30', '2025-06-26 17:30:59+05:30');
INSERT INTO "Question_Text" (id, question_id, question_text, created_at, updated_at) 
VALUES (70366, 60366, 'Question about operations on matrices - Type: Give Scientific Reasons', '2025-06-26 17:30:59+05:30', '2025-06-26 17:30:59+05:30');
INSERT INTO "Question_Text_Topic_Medium" 
(id, question_text_id, question_topic_id, instruction_medium_id, is_verified, created_at, updated_at, translation_status) 
VALUES (90366, 70366, 80366, 50001, true, '2025-06-26 17:30:59+05:30', '2025-06-26 17:30:59+05:30', 'original');
INSERT INTO "Question" (id, question_type_id, board_question, created_at, updated_at) 
VALUES (60367, 8, false, '2025-06-26 17:30:59+05:30', '2025-06-26 17:30:59+05:30');
INSERT INTO "Question_Topic" (id, question_id, topic_id, created_at, updated_at) 
VALUES (80367, 60367, 50007, '2025-06-26 17:30:59+05:30', '2025-06-26 17:30:59+05:30');
INSERT INTO "Question_Text" (id, question_id, question_text, created_at, updated_at) 
VALUES (70367, 60367, 'Question about operations on matrices - Type: Give Scientific Reasons', '2025-06-26 17:30:59+05:30', '2025-06-26 17:30:59+05:30');
INSERT INTO "Question_Text_Topic_Medium" 
(id, question_text_id, question_topic_id, instruction_medium_id, is_verified, created_at, updated_at, translation_status) 
VALUES (90367, 70367, 80367, 50001, true, '2025-06-26 17:30:59+05:30', '2025-06-26 17:30:59+05:30', 'original');
INSERT INTO "Question" (id, question_type_id, board_question, created_at, updated_at) 
VALUES (60368, 8, false, '2025-06-26 17:30:59+05:30', '2025-06-26 17:30:59+05:30');
INSERT INTO "Question_Topic" (id, question_id, topic_id, created_at, updated_at) 
VALUES (80368, 60368, 50007, '2025-06-26 17:30:59+05:30', '2025-06-26 17:30:59+05:30');
INSERT INTO "Question_Text" (id, question_id, question_text, created_at, updated_at) 
VALUES (70368, 60368, 'Question about operations on matrices - Type: Give Scientific Reasons', '2025-06-26 17:30:59+05:30', '2025-06-26 17:30:59+05:30');
INSERT INTO "Question_Text_Topic_Medium" 
(id, question_text_id, question_topic_id, instruction_medium_id, is_verified, created_at, updated_at, translation_status) 
VALUES (90368, 70368, 80368, 50001, true, '2025-06-26 17:30:59+05:30', '2025-06-26 17:30:59+05:30', 'original');
INSERT INTO "Question" (id, question_type_id, board_question, created_at, updated_at) 
VALUES (60369, 8, false, '2025-06-26 17:30:59+05:30', '2025-06-26 17:30:59+05:30');
INSERT INTO "Question_Topic" (id, question_id, topic_id, created_at, updated_at) 
VALUES (80369, 60369, 50007, '2025-06-26 17:30:59+05:30', '2025-06-26 17:30:59+05:30');
INSERT INTO "Question_Text" (id, question_id, question_text, created_at, updated_at) 
VALUES (70369, 60369, 'Question about operations on matrices - Type: Give Scientific Reasons', '2025-06-26 17:30:59+05:30', '2025-06-26 17:30:59+05:30');
INSERT INTO "Question_Text_Topic_Medium" 
(id, question_text_id, question_topic_id, instruction_medium_id, is_verified, created_at, updated_at, translation_status) 
VALUES (90369, 70369, 80369, 50001, true, '2025-06-26 17:30:59+05:30', '2025-06-26 17:30:59+05:30', 'original');
INSERT INTO "Question" (id, question_type_id, board_question, created_at, updated_at) 
VALUES (60370, 8, false, '2025-06-26 17:30:59+05:30', '2025-06-26 17:30:59+05:30');
INSERT INTO "Question_Topic" (id, question_id, topic_id, created_at, updated_at) 
VALUES (80370, 60370, 50007, '2025-06-26 17:30:59+05:30', '2025-06-26 17:30:59+05:30');
INSERT INTO "Question_Text" (id, question_id, question_text, created_at, updated_at) 
VALUES (70370, 60370, 'Question about operations on matrices - Type: Give Scientific Reasons', '2025-06-26 17:30:59+05:30', '2025-06-26 17:30:59+05:30');
INSERT INTO "Question_Text_Topic_Medium" 
(id, question_text_id, question_topic_id, instruction_medium_id, is_verified, created_at, updated_at, translation_status) 
VALUES (90370, 70370, 80370, 50001, true, '2025-06-26 17:30:59+05:30', '2025-06-26 17:30:59+05:30', 'original');
INSERT INTO "Question" (id, question_type_id, board_question, created_at, updated_at) 
VALUES (60371, 9, false, '2025-06-26 17:30:59+05:30', '2025-06-26 17:30:59+05:30');
INSERT INTO "Question_Topic" (id, question_id, topic_id, created_at, updated_at) 
VALUES (80371, 60371, 50007, '2025-06-26 17:30:59+05:30', '2025-06-26 17:30:59+05:30');
INSERT INTO "Question_Text" (id, question_id, question_text, created_at, updated_at) 
VALUES (70371, 60371, 'Explain the concept of operations on matrices with an example.', '2025-06-26 17:30:59+05:30', '2025-06-26 17:30:59+05:30');
INSERT INTO "Question_Text_Topic_Medium" 
(id, question_text_id, question_topic_id, instruction_medium_id, is_verified, created_at, updated_at, translation_status) 
VALUES (90371, 70371, 80371, 50001, true, '2025-06-26 17:30:59+05:30', '2025-06-26 17:30:59+05:30', 'original');
INSERT INTO "Question" (id, question_type_id, board_question, created_at, updated_at) 
VALUES (60372, 9, false, '2025-06-26 17:30:59+05:30', '2025-06-26 17:30:59+05:30');
INSERT INTO "Question_Topic" (id, question_id, topic_id, created_at, updated_at) 
VALUES (80372, 60372, 50007, '2025-06-26 17:30:59+05:30', '2025-06-26 17:30:59+05:30');
INSERT INTO "Question_Text" (id, question_id, question_text, created_at, updated_at) 
VALUES (70372, 60372, 'Explain the concept of operations on matrices with an example.', '2025-06-26 17:30:59+05:30', '2025-06-26 17:30:59+05:30');
INSERT INTO "Question_Text_Topic_Medium" 
(id, question_text_id, question_topic_id, instruction_medium_id, is_verified, created_at, updated_at, translation_status) 
VALUES (90372, 70372, 80372, 50001, true, '2025-06-26 17:30:59+05:30', '2025-06-26 17:30:59+05:30', 'original');
INSERT INTO "Question" (id, question_type_id, board_question, created_at, updated_at) 
VALUES (60373, 9, false, '2025-06-26 17:30:59+05:30', '2025-06-26 17:30:59+05:30');
INSERT INTO "Question_Topic" (id, question_id, topic_id, created_at, updated_at) 
VALUES (80373, 60373, 50007, '2025-06-26 17:30:59+05:30', '2025-06-26 17:30:59+05:30');
INSERT INTO "Question_Text" (id, question_id, question_text, created_at, updated_at) 
VALUES (70373, 60373, 'Explain the concept of operations on matrices with an example.', '2025-06-26 17:30:59+05:30', '2025-06-26 17:30:59+05:30');
INSERT INTO "Question_Text_Topic_Medium" 
(id, question_text_id, question_topic_id, instruction_medium_id, is_verified, created_at, updated_at, translation_status) 
VALUES (90373, 70373, 80373, 50001, true, '2025-06-26 17:30:59+05:30', '2025-06-26 17:30:59+05:30', 'original');
INSERT INTO "Question" (id, question_type_id, board_question, created_at, updated_at) 
VALUES (60374, 9, false, '2025-06-26 17:30:59+05:30', '2025-06-26 17:30:59+05:30');
INSERT INTO "Question_Topic" (id, question_id, topic_id, created_at, updated_at) 
VALUES (80374, 60374, 50007, '2025-06-26 17:30:59+05:30', '2025-06-26 17:30:59+05:30');
INSERT INTO "Question_Text" (id, question_id, question_text, created_at, updated_at) 
VALUES (70374, 60374, 'Explain the concept of operations on matrices with an example.', '2025-06-26 17:30:59+05:30', '2025-06-26 17:30:59+05:30');
INSERT INTO "Question_Text_Topic_Medium" 
(id, question_text_id, question_topic_id, instruction_medium_id, is_verified, created_at, updated_at, translation_status) 
VALUES (90374, 70374, 80374, 50001, true, '2025-06-26 17:30:59+05:30', '2025-06-26 17:30:59+05:30', 'original');
INSERT INTO "Question" (id, question_type_id, board_question, created_at, updated_at) 
VALUES (60375, 9, false, '2025-06-26 17:30:59+05:30', '2025-06-26 17:30:59+05:30');
INSERT INTO "Question_Topic" (id, question_id, topic_id, created_at, updated_at) 
VALUES (80375, 60375, 50007, '2025-06-26 17:30:59+05:30', '2025-06-26 17:30:59+05:30');
INSERT INTO "Question_Text" (id, question_id, question_text, created_at, updated_at) 
VALUES (70375, 60375, 'Explain the concept of operations on matrices with an example.', '2025-06-26 17:30:59+05:30', '2025-06-26 17:30:59+05:30');
INSERT INTO "Question_Text_Topic_Medium" 
(id, question_text_id, question_topic_id, instruction_medium_id, is_verified, created_at, updated_at, translation_status) 
VALUES (90375, 70375, 80375, 50001, true, '2025-06-26 17:30:59+05:30', '2025-06-26 17:30:59+05:30', 'original');
INSERT INTO "Question" (id, question_type_id, board_question, created_at, updated_at) 
VALUES (60376, 10, false, '2025-06-26 17:30:59+05:30', '2025-06-26 17:30:59+05:30');
INSERT INTO "Question_Topic" (id, question_id, topic_id, created_at, updated_at) 
VALUES (80376, 60376, 50007, '2025-06-26 17:30:59+05:30', '2025-06-26 17:30:59+05:30');
INSERT INTO "Question_Text" (id, question_id, question_text, created_at, updated_at) 
VALUES (70376, 60376, 'Question about operations on matrices - Type: Complete and Identify Reaction', '2025-06-26 17:30:59+05:30', '2025-06-26 17:30:59+05:30');
INSERT INTO "Question_Text_Topic_Medium" 
(id, question_text_id, question_topic_id, instruction_medium_id, is_verified, created_at, updated_at, translation_status) 
VALUES (90376, 70376, 80376, 50001, true, '2025-06-26 17:30:59+05:30', '2025-06-26 17:30:59+05:30', 'original');
INSERT INTO "Question" (id, question_type_id, board_question, created_at, updated_at) 
VALUES (60377, 10, false, '2025-06-26 17:30:59+05:30', '2025-06-26 17:30:59+05:30');
INSERT INTO "Question_Topic" (id, question_id, topic_id, created_at, updated_at) 
VALUES (80377, 60377, 50007, '2025-06-26 17:30:59+05:30', '2025-06-26 17:30:59+05:30');
INSERT INTO "Question_Text" (id, question_id, question_text, created_at, updated_at) 
VALUES (70377, 60377, 'Question about operations on matrices - Type: Complete and Identify Reaction', '2025-06-26 17:30:59+05:30', '2025-06-26 17:30:59+05:30');
INSERT INTO "Question_Text_Topic_Medium" 
(id, question_text_id, question_topic_id, instruction_medium_id, is_verified, created_at, updated_at, translation_status) 
VALUES (90377, 70377, 80377, 50001, true, '2025-06-26 17:30:59+05:30', '2025-06-26 17:30:59+05:30', 'original');
INSERT INTO "Question" (id, question_type_id, board_question, created_at, updated_at) 
VALUES (60378, 10, false, '2025-06-26 17:30:59+05:30', '2025-06-26 17:30:59+05:30');
INSERT INTO "Question_Topic" (id, question_id, topic_id, created_at, updated_at) 
VALUES (80378, 60378, 50007, '2025-06-26 17:30:59+05:30', '2025-06-26 17:30:59+05:30');
INSERT INTO "Question_Text" (id, question_id, question_text, created_at, updated_at) 
VALUES (70378, 60378, 'Question about operations on matrices - Type: Complete and Identify Reaction', '2025-06-26 17:30:59+05:30', '2025-06-26 17:30:59+05:30');
INSERT INTO "Question_Text_Topic_Medium" 
(id, question_text_id, question_topic_id, instruction_medium_id, is_verified, created_at, updated_at, translation_status) 
VALUES (90378, 70378, 80378, 50001, true, '2025-06-26 17:30:59+05:30', '2025-06-26 17:30:59+05:30', 'original');
INSERT INTO "Question" (id, question_type_id, board_question, created_at, updated_at) 
VALUES (60379, 10, false, '2025-06-26 17:30:59+05:30', '2025-06-26 17:30:59+05:30');
INSERT INTO "Question_Topic" (id, question_id, topic_id, created_at, updated_at) 
VALUES (80379, 60379, 50007, '2025-06-26 17:30:59+05:30', '2025-06-26 17:30:59+05:30');
INSERT INTO "Question_Text" (id, question_id, question_text, created_at, updated_at) 
VALUES (70379, 60379, 'Question about operations on matrices - Type: Complete and Identify Reaction', '2025-06-26 17:30:59+05:30', '2025-06-26 17:30:59+05:30');
INSERT INTO "Question_Text_Topic_Medium" 
(id, question_text_id, question_topic_id, instruction_medium_id, is_verified, created_at, updated_at, translation_status) 
VALUES (90379, 70379, 80379, 50001, true, '2025-06-26 17:30:59+05:30', '2025-06-26 17:30:59+05:30', 'original');
INSERT INTO "Question" (id, question_type_id, board_question, created_at, updated_at) 
VALUES (60380, 10, false, '2025-06-26 17:30:59+05:30', '2025-06-26 17:30:59+05:30');
INSERT INTO "Question_Topic" (id, question_id, topic_id, created_at, updated_at) 
VALUES (80380, 60380, 50007, '2025-06-26 17:30:59+05:30', '2025-06-26 17:30:59+05:30');
INSERT INTO "Question_Text" (id, question_id, question_text, created_at, updated_at) 
VALUES (70380, 60380, 'Question about operations on matrices - Type: Complete and Identify Reaction', '2025-06-26 17:30:59+05:30', '2025-06-26 17:30:59+05:30');
INSERT INTO "Question_Text_Topic_Medium" 
(id, question_text_id, question_topic_id, instruction_medium_id, is_verified, created_at, updated_at, translation_status) 
VALUES (90380, 70380, 80380, 50001, true, '2025-06-26 17:30:59+05:30', '2025-06-26 17:30:59+05:30', 'original');
INSERT INTO "Question" (id, question_type_id, board_question, created_at, updated_at) 
VALUES (60381, 11, false, '2025-06-26 17:30:59+05:30', '2025-06-26 17:30:59+05:30');
INSERT INTO "Question_Topic" (id, question_id, topic_id, created_at, updated_at) 
VALUES (80381, 60381, 50007, '2025-06-26 17:30:59+05:30', '2025-06-26 17:30:59+05:30');
INSERT INTO "Question_Text" (id, question_id, question_text, created_at, updated_at) 
VALUES (70381, 60381, 'Question about operations on matrices - Type: Short Note', '2025-06-26 17:30:59+05:30', '2025-06-26 17:30:59+05:30');
INSERT INTO "Question_Text_Topic_Medium" 
(id, question_text_id, question_topic_id, instruction_medium_id, is_verified, created_at, updated_at, translation_status) 
VALUES (90381, 70381, 80381, 50001, true, '2025-06-26 17:30:59+05:30', '2025-06-26 17:30:59+05:30', 'original');
INSERT INTO "Question" (id, question_type_id, board_question, created_at, updated_at) 
VALUES (60382, 11, false, '2025-06-26 17:30:59+05:30', '2025-06-26 17:30:59+05:30');
INSERT INTO "Question_Topic" (id, question_id, topic_id, created_at, updated_at) 
VALUES (80382, 60382, 50007, '2025-06-26 17:30:59+05:30', '2025-06-26 17:30:59+05:30');
INSERT INTO "Question_Text" (id, question_id, question_text, created_at, updated_at) 
VALUES (70382, 60382, 'Question about operations on matrices - Type: Short Note', '2025-06-26 17:30:59+05:30', '2025-06-26 17:30:59+05:30');
INSERT INTO "Question_Text_Topic_Medium" 
(id, question_text_id, question_topic_id, instruction_medium_id, is_verified, created_at, updated_at, translation_status) 
VALUES (90382, 70382, 80382, 50001, true, '2025-06-26 17:30:59+05:30', '2025-06-26 17:30:59+05:30', 'original');
INSERT INTO "Question" (id, question_type_id, board_question, created_at, updated_at) 
VALUES (60383, 11, false, '2025-06-26 17:30:59+05:30', '2025-06-26 17:30:59+05:30');
INSERT INTO "Question_Topic" (id, question_id, topic_id, created_at, updated_at) 
VALUES (80383, 60383, 50007, '2025-06-26 17:30:59+05:30', '2025-06-26 17:30:59+05:30');
INSERT INTO "Question_Text" (id, question_id, question_text, created_at, updated_at) 
VALUES (70383, 60383, 'Question about operations on matrices - Type: Short Note', '2025-06-26 17:30:59+05:30', '2025-06-26 17:30:59+05:30');
INSERT INTO "Question_Text_Topic_Medium" 
(id, question_text_id, question_topic_id, instruction_medium_id, is_verified, created_at, updated_at, translation_status) 
VALUES (90383, 70383, 80383, 50001, true, '2025-06-26 17:30:59+05:30', '2025-06-26 17:30:59+05:30', 'original');
INSERT INTO "Question" (id, question_type_id, board_question, created_at, updated_at) 
VALUES (60384, 11, false, '2025-06-26 17:30:59+05:30', '2025-06-26 17:30:59+05:30');
INSERT INTO "Question_Topic" (id, question_id, topic_id, created_at, updated_at) 
VALUES (80384, 60384, 50007, '2025-06-26 17:30:59+05:30', '2025-06-26 17:30:59+05:30');
INSERT INTO "Question_Text" (id, question_id, question_text, created_at, updated_at) 
VALUES (70384, 60384, 'Question about operations on matrices - Type: Short Note', '2025-06-26 17:30:59+05:30', '2025-06-26 17:30:59+05:30');
INSERT INTO "Question_Text_Topic_Medium" 
(id, question_text_id, question_topic_id, instruction_medium_id, is_verified, created_at, updated_at, translation_status) 
VALUES (90384, 70384, 80384, 50001, true, '2025-06-26 17:30:59+05:30', '2025-06-26 17:30:59+05:30', 'original');
INSERT INTO "Question" (id, question_type_id, board_question, created_at, updated_at) 
VALUES (60385, 11, false, '2025-06-26 17:30:59+05:30', '2025-06-26 17:30:59+05:30');
INSERT INTO "Question_Topic" (id, question_id, topic_id, created_at, updated_at) 
VALUES (80385, 60385, 50007, '2025-06-26 17:30:59+05:30', '2025-06-26 17:30:59+05:30');
INSERT INTO "Question_Text" (id, question_id, question_text, created_at, updated_at) 
VALUES (70385, 60385, 'Question about operations on matrices - Type: Short Note', '2025-06-26 17:30:59+05:30', '2025-06-26 17:30:59+05:30');
INSERT INTO "Question_Text_Topic_Medium" 
(id, question_text_id, question_topic_id, instruction_medium_id, is_verified, created_at, updated_at, translation_status) 
VALUES (90385, 70385, 80385, 50001, true, '2025-06-26 17:30:59+05:30', '2025-06-26 17:30:59+05:30', 'original');
INSERT INTO "Question" (id, question_type_id, board_question, created_at, updated_at) 
VALUES (60386, 1, false, '2025-06-26 17:30:59+05:30', '2025-06-26 17:30:59+05:30');
INSERT INTO "Question_Topic" (id, question_id, topic_id, created_at, updated_at) 
VALUES (80386, 60386, 50008, '2025-06-26 17:30:59+05:30', '2025-06-26 17:30:59+05:30');
INSERT INTO "Question_Text" (id, question_id, question_text, created_at, updated_at) 
VALUES (70386, 60386, 'Which of the following is true about transpose of a matrix?', '2025-06-26 17:30:59+05:30', '2025-06-26 17:30:59+05:30');
INSERT INTO "Question_Text_Topic_Medium" 
(id, question_text_id, question_topic_id, instruction_medium_id, is_verified, created_at, updated_at, translation_status) 
VALUES (90386, 70386, 80386, 50001, true, '2025-06-26 17:30:59+05:30', '2025-06-26 17:30:59+05:30', 'original');
INSERT INTO "Mcq_Option" 
(id, question_text_id, option_text, is_correct, created_at, updated_at) 
VALUES (100141, 70386, 'Correct answer for Transpose of a Matrix', true, '2025-06-26 17:30:59+05:30', '2025-06-26 17:30:59+05:30');
INSERT INTO "Mcq_Option" 
(id, question_text_id, option_text, is_correct, created_at, updated_at) 
VALUES (100142, 70386, 'Incorrect option A for Transpose of a Matrix', false, '2025-06-26 17:30:59+05:30', '2025-06-26 17:30:59+05:30');
INSERT INTO "Mcq_Option" 
(id, question_text_id, option_text, is_correct, created_at, updated_at) 
VALUES (100143, 70386, 'Incorrect option B for Transpose of a Matrix', false, '2025-06-26 17:30:59+05:30', '2025-06-26 17:30:59+05:30');
INSERT INTO "Mcq_Option" 
(id, question_text_id, option_text, is_correct, created_at, updated_at) 
VALUES (100144, 70386, 'Incorrect option C for Transpose of a Matrix', false, '2025-06-26 17:30:59+05:30', '2025-06-26 17:30:59+05:30');
INSERT INTO "Question" (id, question_type_id, board_question, created_at, updated_at) 
VALUES (60387, 1, false, '2025-06-26 17:30:59+05:30', '2025-06-26 17:30:59+05:30');
INSERT INTO "Question_Topic" (id, question_id, topic_id, created_at, updated_at) 
VALUES (80387, 60387, 50008, '2025-06-26 17:30:59+05:30', '2025-06-26 17:30:59+05:30');
INSERT INTO "Question_Text" (id, question_id, question_text, created_at, updated_at) 
VALUES (70387, 60387, 'Which of the following is true about transpose of a matrix?', '2025-06-26 17:30:59+05:30', '2025-06-26 17:30:59+05:30');
INSERT INTO "Question_Text_Topic_Medium" 
(id, question_text_id, question_topic_id, instruction_medium_id, is_verified, created_at, updated_at, translation_status) 
VALUES (90387, 70387, 80387, 50001, true, '2025-06-26 17:30:59+05:30', '2025-06-26 17:30:59+05:30', 'original');
INSERT INTO "Mcq_Option" 
(id, question_text_id, option_text, is_correct, created_at, updated_at) 
VALUES (100145, 70387, 'Correct answer for Transpose of a Matrix', true, '2025-06-26 17:30:59+05:30', '2025-06-26 17:30:59+05:30');
INSERT INTO "Mcq_Option" 
(id, question_text_id, option_text, is_correct, created_at, updated_at) 
VALUES (100146, 70387, 'Incorrect option A for Transpose of a Matrix', false, '2025-06-26 17:30:59+05:30', '2025-06-26 17:30:59+05:30');
INSERT INTO "Mcq_Option" 
(id, question_text_id, option_text, is_correct, created_at, updated_at) 
VALUES (100147, 70387, 'Incorrect option B for Transpose of a Matrix', false, '2025-06-26 17:30:59+05:30', '2025-06-26 17:30:59+05:30');
INSERT INTO "Mcq_Option" 
(id, question_text_id, option_text, is_correct, created_at, updated_at) 
VALUES (100148, 70387, 'Incorrect option C for Transpose of a Matrix', false, '2025-06-26 17:30:59+05:30', '2025-06-26 17:30:59+05:30');
INSERT INTO "Question" (id, question_type_id, board_question, created_at, updated_at) 
VALUES (60388, 1, false, '2025-06-26 17:30:59+05:30', '2025-06-26 17:30:59+05:30');
INSERT INTO "Question_Topic" (id, question_id, topic_id, created_at, updated_at) 
VALUES (80388, 60388, 50008, '2025-06-26 17:30:59+05:30', '2025-06-26 17:30:59+05:30');
INSERT INTO "Question_Text" (id, question_id, question_text, created_at, updated_at) 
VALUES (70388, 60388, 'Which of the following is true about transpose of a matrix?', '2025-06-26 17:30:59+05:30', '2025-06-26 17:30:59+05:30');
INSERT INTO "Question_Text_Topic_Medium" 
(id, question_text_id, question_topic_id, instruction_medium_id, is_verified, created_at, updated_at, translation_status) 
VALUES (90388, 70388, 80388, 50001, true, '2025-06-26 17:30:59+05:30', '2025-06-26 17:30:59+05:30', 'original');
INSERT INTO "Mcq_Option" 
(id, question_text_id, option_text, is_correct, created_at, updated_at) 
VALUES (100149, 70388, 'Correct answer for Transpose of a Matrix', true, '2025-06-26 17:30:59+05:30', '2025-06-26 17:30:59+05:30');
INSERT INTO "Mcq_Option" 
(id, question_text_id, option_text, is_correct, created_at, updated_at) 
VALUES (100150, 70388, 'Incorrect option A for Transpose of a Matrix', false, '2025-06-26 17:30:59+05:30', '2025-06-26 17:30:59+05:30');
INSERT INTO "Mcq_Option" 
(id, question_text_id, option_text, is_correct, created_at, updated_at) 
VALUES (100151, 70388, 'Incorrect option B for Transpose of a Matrix', false, '2025-06-26 17:30:59+05:30', '2025-06-26 17:30:59+05:30');
INSERT INTO "Mcq_Option" 
(id, question_text_id, option_text, is_correct, created_at, updated_at) 
VALUES (100152, 70388, 'Incorrect option C for Transpose of a Matrix', false, '2025-06-26 17:30:59+05:30', '2025-06-26 17:30:59+05:30');
INSERT INTO "Question" (id, question_type_id, board_question, created_at, updated_at) 
VALUES (60389, 1, false, '2025-06-26 17:30:59+05:30', '2025-06-26 17:30:59+05:30');
INSERT INTO "Question_Topic" (id, question_id, topic_id, created_at, updated_at) 
VALUES (80389, 60389, 50008, '2025-06-26 17:30:59+05:30', '2025-06-26 17:30:59+05:30');
INSERT INTO "Question_Text" (id, question_id, question_text, created_at, updated_at) 
VALUES (70389, 60389, 'Which of the following is true about transpose of a matrix?', '2025-06-26 17:30:59+05:30', '2025-06-26 17:30:59+05:30');
INSERT INTO "Question_Text_Topic_Medium" 
(id, question_text_id, question_topic_id, instruction_medium_id, is_verified, created_at, updated_at, translation_status) 
VALUES (90389, 70389, 80389, 50001, true, '2025-06-26 17:30:59+05:30', '2025-06-26 17:30:59+05:30', 'original');
INSERT INTO "Mcq_Option" 
(id, question_text_id, option_text, is_correct, created_at, updated_at) 
VALUES (100153, 70389, 'Correct answer for Transpose of a Matrix', true, '2025-06-26 17:30:59+05:30', '2025-06-26 17:30:59+05:30');
INSERT INTO "Mcq_Option" 
(id, question_text_id, option_text, is_correct, created_at, updated_at) 
VALUES (100154, 70389, 'Incorrect option A for Transpose of a Matrix', false, '2025-06-26 17:30:59+05:30', '2025-06-26 17:30:59+05:30');
INSERT INTO "Mcq_Option" 
(id, question_text_id, option_text, is_correct, created_at, updated_at) 
VALUES (100155, 70389, 'Incorrect option B for Transpose of a Matrix', false, '2025-06-26 17:30:59+05:30', '2025-06-26 17:30:59+05:30');
INSERT INTO "Mcq_Option" 
(id, question_text_id, option_text, is_correct, created_at, updated_at) 
VALUES (100156, 70389, 'Incorrect option C for Transpose of a Matrix', false, '2025-06-26 17:30:59+05:30', '2025-06-26 17:30:59+05:30');
INSERT INTO "Question" (id, question_type_id, board_question, created_at, updated_at) 
VALUES (60390, 1, false, '2025-06-26 17:30:59+05:30', '2025-06-26 17:30:59+05:30');
INSERT INTO "Question_Topic" (id, question_id, topic_id, created_at, updated_at) 
VALUES (80390, 60390, 50008, '2025-06-26 17:30:59+05:30', '2025-06-26 17:30:59+05:30');
INSERT INTO "Question_Text" (id, question_id, question_text, created_at, updated_at) 
VALUES (70390, 60390, 'Which of the following is true about transpose of a matrix?', '2025-06-26 17:30:59+05:30', '2025-06-26 17:30:59+05:30');
INSERT INTO "Question_Text_Topic_Medium" 
(id, question_text_id, question_topic_id, instruction_medium_id, is_verified, created_at, updated_at, translation_status) 
VALUES (90390, 70390, 80390, 50001, true, '2025-06-26 17:30:59+05:30', '2025-06-26 17:30:59+05:30', 'original');
INSERT INTO "Mcq_Option" 
(id, question_text_id, option_text, is_correct, created_at, updated_at) 
VALUES (100157, 70390, 'Correct answer for Transpose of a Matrix', true, '2025-06-26 17:30:59+05:30', '2025-06-26 17:30:59+05:30');
INSERT INTO "Mcq_Option" 
(id, question_text_id, option_text, is_correct, created_at, updated_at) 
VALUES (100158, 70390, 'Incorrect option A for Transpose of a Matrix', false, '2025-06-26 17:30:59+05:30', '2025-06-26 17:30:59+05:30');
INSERT INTO "Mcq_Option" 
(id, question_text_id, option_text, is_correct, created_at, updated_at) 
VALUES (100159, 70390, 'Incorrect option B for Transpose of a Matrix', false, '2025-06-26 17:30:59+05:30', '2025-06-26 17:30:59+05:30');
INSERT INTO "Mcq_Option" 
(id, question_text_id, option_text, is_correct, created_at, updated_at) 
VALUES (100160, 70390, 'Incorrect option C for Transpose of a Matrix', false, '2025-06-26 17:30:59+05:30', '2025-06-26 17:30:59+05:30');
INSERT INTO "Question" (id, question_type_id, board_question, created_at, updated_at) 
VALUES (60391, 2, false, '2025-06-26 17:30:59+05:30', '2025-06-26 17:30:59+05:30');
INSERT INTO "Question_Topic" (id, question_id, topic_id, created_at, updated_at) 
VALUES (80391, 60391, 50008, '2025-06-26 17:30:59+05:30', '2025-06-26 17:30:59+05:30');
INSERT INTO "Question_Text" (id, question_id, question_text, created_at, updated_at) 
VALUES (70391, 60391, 'Question about transpose of a matrix - Type: Odd One Out', '2025-06-26 17:30:59+05:30', '2025-06-26 17:30:59+05:30');
INSERT INTO "Question_Text_Topic_Medium" 
(id, question_text_id, question_topic_id, instruction_medium_id, is_verified, created_at, updated_at, translation_status) 
VALUES (90391, 70391, 80391, 50001, true, '2025-06-26 17:30:59+05:30', '2025-06-26 17:30:59+05:30', 'original');
INSERT INTO "Question" (id, question_type_id, board_question, created_at, updated_at) 
VALUES (60392, 2, false, '2025-06-26 17:30:59+05:30', '2025-06-26 17:30:59+05:30');
INSERT INTO "Question_Topic" (id, question_id, topic_id, created_at, updated_at) 
VALUES (80392, 60392, 50008, '2025-06-26 17:30:59+05:30', '2025-06-26 17:30:59+05:30');
INSERT INTO "Question_Text" (id, question_id, question_text, created_at, updated_at) 
VALUES (70392, 60392, 'Question about transpose of a matrix - Type: Odd One Out', '2025-06-26 17:30:59+05:30', '2025-06-26 17:30:59+05:30');
INSERT INTO "Question_Text_Topic_Medium" 
(id, question_text_id, question_topic_id, instruction_medium_id, is_verified, created_at, updated_at, translation_status) 
VALUES (90392, 70392, 80392, 50001, true, '2025-06-26 17:30:59+05:30', '2025-06-26 17:30:59+05:30', 'original');
INSERT INTO "Question" (id, question_type_id, board_question, created_at, updated_at) 
VALUES (60393, 2, false, '2025-06-26 17:30:59+05:30', '2025-06-26 17:30:59+05:30');
INSERT INTO "Question_Topic" (id, question_id, topic_id, created_at, updated_at) 
VALUES (80393, 60393, 50008, '2025-06-26 17:30:59+05:30', '2025-06-26 17:30:59+05:30');
INSERT INTO "Question_Text" (id, question_id, question_text, created_at, updated_at) 
VALUES (70393, 60393, 'Question about transpose of a matrix - Type: Odd One Out', '2025-06-26 17:30:59+05:30', '2025-06-26 17:30:59+05:30');
INSERT INTO "Question_Text_Topic_Medium" 
(id, question_text_id, question_topic_id, instruction_medium_id, is_verified, created_at, updated_at, translation_status) 
VALUES (90393, 70393, 80393, 50001, true, '2025-06-26 17:30:59+05:30', '2025-06-26 17:30:59+05:30', 'original');
INSERT INTO "Question" (id, question_type_id, board_question, created_at, updated_at) 
VALUES (60394, 2, false, '2025-06-26 17:30:59+05:30', '2025-06-26 17:30:59+05:30');
INSERT INTO "Question_Topic" (id, question_id, topic_id, created_at, updated_at) 
VALUES (80394, 60394, 50008, '2025-06-26 17:30:59+05:30', '2025-06-26 17:30:59+05:30');
INSERT INTO "Question_Text" (id, question_id, question_text, created_at, updated_at) 
VALUES (70394, 60394, 'Question about transpose of a matrix - Type: Odd One Out', '2025-06-26 17:30:59+05:30', '2025-06-26 17:30:59+05:30');
INSERT INTO "Question_Text_Topic_Medium" 
(id, question_text_id, question_topic_id, instruction_medium_id, is_verified, created_at, updated_at, translation_status) 
VALUES (90394, 70394, 80394, 50001, true, '2025-06-26 17:30:59+05:30', '2025-06-26 17:30:59+05:30', 'original');
INSERT INTO "Question" (id, question_type_id, board_question, created_at, updated_at) 
VALUES (60395, 2, false, '2025-06-26 17:30:59+05:30', '2025-06-26 17:30:59+05:30');
INSERT INTO "Question_Topic" (id, question_id, topic_id, created_at, updated_at) 
VALUES (80395, 60395, 50008, '2025-06-26 17:30:59+05:30', '2025-06-26 17:30:59+05:30');
INSERT INTO "Question_Text" (id, question_id, question_text, created_at, updated_at) 
VALUES (70395, 60395, 'Question about transpose of a matrix - Type: Odd One Out', '2025-06-26 17:30:59+05:30', '2025-06-26 17:30:59+05:30');
INSERT INTO "Question_Text_Topic_Medium" 
(id, question_text_id, question_topic_id, instruction_medium_id, is_verified, created_at, updated_at, translation_status) 
VALUES (90395, 70395, 80395, 50001, true, '2025-06-26 17:30:59+05:30', '2025-06-26 17:30:59+05:30', 'original');
INSERT INTO "Question" (id, question_type_id, board_question, created_at, updated_at) 
VALUES (60396, 3, false, '2025-06-26 17:30:59+05:30', '2025-06-26 17:30:59+05:30');
INSERT INTO "Question_Topic" (id, question_id, topic_id, created_at, updated_at) 
VALUES (80396, 60396, 50008, '2025-06-26 17:30:59+05:30', '2025-06-26 17:30:59+05:30');
INSERT INTO "Question_Text" (id, question_id, question_text, created_at, updated_at) 
VALUES (70396, 60396, 'Question about transpose of a matrix - Type: Complete the Correlation', '2025-06-26 17:30:59+05:30', '2025-06-26 17:30:59+05:30');
INSERT INTO "Question_Text_Topic_Medium" 
(id, question_text_id, question_topic_id, instruction_medium_id, is_verified, created_at, updated_at, translation_status) 
VALUES (90396, 70396, 80396, 50001, true, '2025-06-26 17:30:59+05:30', '2025-06-26 17:30:59+05:30', 'original');
INSERT INTO "Question" (id, question_type_id, board_question, created_at, updated_at) 
VALUES (60397, 3, false, '2025-06-26 17:30:59+05:30', '2025-06-26 17:30:59+05:30');
INSERT INTO "Question_Topic" (id, question_id, topic_id, created_at, updated_at) 
VALUES (80397, 60397, 50008, '2025-06-26 17:30:59+05:30', '2025-06-26 17:30:59+05:30');
INSERT INTO "Question_Text" (id, question_id, question_text, created_at, updated_at) 
VALUES (70397, 60397, 'Question about transpose of a matrix - Type: Complete the Correlation', '2025-06-26 17:30:59+05:30', '2025-06-26 17:30:59+05:30');
INSERT INTO "Question_Text_Topic_Medium" 
(id, question_text_id, question_topic_id, instruction_medium_id, is_verified, created_at, updated_at, translation_status) 
VALUES (90397, 70397, 80397, 50001, true, '2025-06-26 17:30:59+05:30', '2025-06-26 17:30:59+05:30', 'original');
INSERT INTO "Question" (id, question_type_id, board_question, created_at, updated_at) 
VALUES (60398, 3, false, '2025-06-26 17:30:59+05:30', '2025-06-26 17:30:59+05:30');
INSERT INTO "Question_Topic" (id, question_id, topic_id, created_at, updated_at) 
VALUES (80398, 60398, 50008, '2025-06-26 17:30:59+05:30', '2025-06-26 17:30:59+05:30');
INSERT INTO "Question_Text" (id, question_id, question_text, created_at, updated_at) 
VALUES (70398, 60398, 'Question about transpose of a matrix - Type: Complete the Correlation', '2025-06-26 17:30:59+05:30', '2025-06-26 17:30:59+05:30');
INSERT INTO "Question_Text_Topic_Medium" 
(id, question_text_id, question_topic_id, instruction_medium_id, is_verified, created_at, updated_at, translation_status) 
VALUES (90398, 70398, 80398, 50001, true, '2025-06-26 17:30:59+05:30', '2025-06-26 17:30:59+05:30', 'original');
INSERT INTO "Question" (id, question_type_id, board_question, created_at, updated_at) 
VALUES (60399, 3, false, '2025-06-26 17:30:59+05:30', '2025-06-26 17:30:59+05:30');
INSERT INTO "Question_Topic" (id, question_id, topic_id, created_at, updated_at) 
VALUES (80399, 60399, 50008, '2025-06-26 17:30:59+05:30', '2025-06-26 17:30:59+05:30');
INSERT INTO "Question_Text" (id, question_id, question_text, created_at, updated_at) 
VALUES (70399, 60399, 'Question about transpose of a matrix - Type: Complete the Correlation', '2025-06-26 17:30:59+05:30', '2025-06-26 17:30:59+05:30');
INSERT INTO "Question_Text_Topic_Medium" 
(id, question_text_id, question_topic_id, instruction_medium_id, is_verified, created_at, updated_at, translation_status) 
VALUES (90399, 70399, 80399, 50001, true, '2025-06-26 17:30:59+05:30', '2025-06-26 17:30:59+05:30', 'original');
INSERT INTO "Question" (id, question_type_id, board_question, created_at, updated_at) 
VALUES (60400, 3, false, '2025-06-26 17:30:59+05:30', '2025-06-26 17:30:59+05:30');
INSERT INTO "Question_Topic" (id, question_id, topic_id, created_at, updated_at) 
VALUES (80400, 60400, 50008, '2025-06-26 17:30:59+05:30', '2025-06-26 17:30:59+05:30');
INSERT INTO "Question_Text" (id, question_id, question_text, created_at, updated_at) 
VALUES (70400, 60400, 'Question about transpose of a matrix - Type: Complete the Correlation', '2025-06-26 17:30:59+05:30', '2025-06-26 17:30:59+05:30');
INSERT INTO "Question_Text_Topic_Medium" 
(id, question_text_id, question_topic_id, instruction_medium_id, is_verified, created_at, updated_at, translation_status) 
VALUES (90400, 70400, 80400, 50001, true, '2025-06-26 17:30:59+05:30', '2025-06-26 17:30:59+05:30', 'original');
INSERT INTO "Question" (id, question_type_id, board_question, created_at, updated_at) 
VALUES (60401, 4, false, '2025-06-26 17:30:59+05:30', '2025-06-26 17:30:59+05:30');
INSERT INTO "Question_Topic" (id, question_id, topic_id, created_at, updated_at) 
VALUES (80401, 60401, 50008, '2025-06-26 17:30:59+05:30', '2025-06-26 17:30:59+05:30');
INSERT INTO "Question_Text" (id, question_id, question_text, created_at, updated_at) 
VALUES (70401, 60401, 'Statement about transpose of a matrix is always true. (True/False)', '2025-06-26 17:30:59+05:30', '2025-06-26 17:30:59+05:30');
INSERT INTO "Question_Text_Topic_Medium" 
(id, question_text_id, question_topic_id, instruction_medium_id, is_verified, created_at, updated_at, translation_status) 
VALUES (90401, 70401, 80401, 50001, true, '2025-06-26 17:30:59+05:30', '2025-06-26 17:30:59+05:30', 'original');
INSERT INTO "Question" (id, question_type_id, board_question, created_at, updated_at) 
VALUES (60402, 4, false, '2025-06-26 17:30:59+05:30', '2025-06-26 17:30:59+05:30');
INSERT INTO "Question_Topic" (id, question_id, topic_id, created_at, updated_at) 
VALUES (80402, 60402, 50008, '2025-06-26 17:30:59+05:30', '2025-06-26 17:30:59+05:30');
INSERT INTO "Question_Text" (id, question_id, question_text, created_at, updated_at) 
VALUES (70402, 60402, 'Statement about transpose of a matrix is always true. (True/False)', '2025-06-26 17:30:59+05:30', '2025-06-26 17:30:59+05:30');
INSERT INTO "Question_Text_Topic_Medium" 
(id, question_text_id, question_topic_id, instruction_medium_id, is_verified, created_at, updated_at, translation_status) 
VALUES (90402, 70402, 80402, 50001, true, '2025-06-26 17:30:59+05:30', '2025-06-26 17:30:59+05:30', 'original');
INSERT INTO "Question" (id, question_type_id, board_question, created_at, updated_at) 
VALUES (60403, 4, false, '2025-06-26 17:30:59+05:30', '2025-06-26 17:30:59+05:30');
INSERT INTO "Question_Topic" (id, question_id, topic_id, created_at, updated_at) 
VALUES (80403, 60403, 50008, '2025-06-26 17:30:59+05:30', '2025-06-26 17:30:59+05:30');
INSERT INTO "Question_Text" (id, question_id, question_text, created_at, updated_at) 
VALUES (70403, 60403, 'Statement about transpose of a matrix is always true. (True/False)', '2025-06-26 17:30:59+05:30', '2025-06-26 17:30:59+05:30');
INSERT INTO "Question_Text_Topic_Medium" 
(id, question_text_id, question_topic_id, instruction_medium_id, is_verified, created_at, updated_at, translation_status) 
VALUES (90403, 70403, 80403, 50001, true, '2025-06-26 17:30:59+05:30', '2025-06-26 17:30:59+05:30', 'original');
INSERT INTO "Question" (id, question_type_id, board_question, created_at, updated_at) 
VALUES (60404, 4, false, '2025-06-26 17:30:59+05:30', '2025-06-26 17:30:59+05:30');
INSERT INTO "Question_Topic" (id, question_id, topic_id, created_at, updated_at) 
VALUES (80404, 60404, 50008, '2025-06-26 17:30:59+05:30', '2025-06-26 17:30:59+05:30');
INSERT INTO "Question_Text" (id, question_id, question_text, created_at, updated_at) 
VALUES (70404, 60404, 'Statement about transpose of a matrix is always true. (True/False)', '2025-06-26 17:30:59+05:30', '2025-06-26 17:30:59+05:30');
INSERT INTO "Question_Text_Topic_Medium" 
(id, question_text_id, question_topic_id, instruction_medium_id, is_verified, created_at, updated_at, translation_status) 
VALUES (90404, 70404, 80404, 50001, true, '2025-06-26 17:30:59+05:30', '2025-06-26 17:30:59+05:30', 'original');
INSERT INTO "Question" (id, question_type_id, board_question, created_at, updated_at) 
VALUES (60405, 4, false, '2025-06-26 17:30:59+05:30', '2025-06-26 17:30:59+05:30');
INSERT INTO "Question_Topic" (id, question_id, topic_id, created_at, updated_at) 
VALUES (80405, 60405, 50008, '2025-06-26 17:30:59+05:30', '2025-06-26 17:30:59+05:30');
INSERT INTO "Question_Text" (id, question_id, question_text, created_at, updated_at) 
VALUES (70405, 60405, 'Statement about transpose of a matrix is always true. (True/False)', '2025-06-26 17:30:59+05:30', '2025-06-26 17:30:59+05:30');
INSERT INTO "Question_Text_Topic_Medium" 
(id, question_text_id, question_topic_id, instruction_medium_id, is_verified, created_at, updated_at, translation_status) 
VALUES (90405, 70405, 80405, 50001, true, '2025-06-26 17:30:59+05:30', '2025-06-26 17:30:59+05:30', 'original');
INSERT INTO "Question" (id, question_type_id, board_question, created_at, updated_at) 
VALUES (60406, 5, false, '2025-06-26 17:30:59+05:30', '2025-06-26 17:30:59+05:30');
INSERT INTO "Question_Topic" (id, question_id, topic_id, created_at, updated_at) 
VALUES (80406, 60406, 50008, '2025-06-26 17:30:59+05:30', '2025-06-26 17:30:59+05:30');
INSERT INTO "Question_Text" (id, question_id, question_text, created_at, updated_at) 
VALUES (70406, 60406, 'Match the following concepts related to transpose of a matrix:', '2025-06-26 17:30:59+05:30', '2025-06-26 17:30:59+05:30');
INSERT INTO "Question_Text_Topic_Medium" 
(id, question_text_id, question_topic_id, instruction_medium_id, is_verified, created_at, updated_at, translation_status) 
VALUES (90406, 70406, 80406, 50001, true, '2025-06-26 17:30:59+05:30', '2025-06-26 17:30:59+05:30', 'original');
INSERT INTO "Match_Pair" 
(id, question_text_id, left_text, right_text, created_at, updated_at) 
VALUES (110106, 70406, 'Concept A of Transpose of a Matrix', 'Definition A of Transpose of a Matrix', '2025-06-26 17:30:59+05:30', '2025-06-26 17:30:59+05:30');
INSERT INTO "Match_Pair" 
(id, question_text_id, left_text, right_text, created_at, updated_at) 
VALUES (110107, 70406, 'Concept B of Transpose of a Matrix', 'Definition B of Transpose of a Matrix', '2025-06-26 17:30:59+05:30', '2025-06-26 17:30:59+05:30');
INSERT INTO "Match_Pair" 
(id, question_text_id, left_text, right_text, created_at, updated_at) 
VALUES (110108, 70406, 'Concept C of Transpose of a Matrix', 'Definition C of Transpose of a Matrix', '2025-06-26 17:30:59+05:30', '2025-06-26 17:30:59+05:30');
INSERT INTO "Question" (id, question_type_id, board_question, created_at, updated_at) 
VALUES (60407, 5, false, '2025-06-26 17:30:59+05:30', '2025-06-26 17:30:59+05:30');
INSERT INTO "Question_Topic" (id, question_id, topic_id, created_at, updated_at) 
VALUES (80407, 60407, 50008, '2025-06-26 17:30:59+05:30', '2025-06-26 17:30:59+05:30');
INSERT INTO "Question_Text" (id, question_id, question_text, created_at, updated_at) 
VALUES (70407, 60407, 'Match the following concepts related to transpose of a matrix:', '2025-06-26 17:30:59+05:30', '2025-06-26 17:30:59+05:30');
INSERT INTO "Question_Text_Topic_Medium" 
(id, question_text_id, question_topic_id, instruction_medium_id, is_verified, created_at, updated_at, translation_status) 
VALUES (90407, 70407, 80407, 50001, true, '2025-06-26 17:30:59+05:30', '2025-06-26 17:30:59+05:30', 'original');
INSERT INTO "Match_Pair" 
(id, question_text_id, left_text, right_text, created_at, updated_at) 
VALUES (110109, 70407, 'Concept A of Transpose of a Matrix', 'Definition A of Transpose of a Matrix', '2025-06-26 17:30:59+05:30', '2025-06-26 17:30:59+05:30');
INSERT INTO "Match_Pair" 
(id, question_text_id, left_text, right_text, created_at, updated_at) 
VALUES (110110, 70407, 'Concept B of Transpose of a Matrix', 'Definition B of Transpose of a Matrix', '2025-06-26 17:30:59+05:30', '2025-06-26 17:30:59+05:30');
INSERT INTO "Match_Pair" 
(id, question_text_id, left_text, right_text, created_at, updated_at) 
VALUES (110111, 70407, 'Concept C of Transpose of a Matrix', 'Definition C of Transpose of a Matrix', '2025-06-26 17:30:59+05:30', '2025-06-26 17:30:59+05:30');
INSERT INTO "Question" (id, question_type_id, board_question, created_at, updated_at) 
VALUES (60408, 5, false, '2025-06-26 17:30:59+05:30', '2025-06-26 17:30:59+05:30');
INSERT INTO "Question_Topic" (id, question_id, topic_id, created_at, updated_at) 
VALUES (80408, 60408, 50008, '2025-06-26 17:30:59+05:30', '2025-06-26 17:30:59+05:30');
INSERT INTO "Question_Text" (id, question_id, question_text, created_at, updated_at) 
VALUES (70408, 60408, 'Match the following concepts related to transpose of a matrix:', '2025-06-26 17:30:59+05:30', '2025-06-26 17:30:59+05:30');
INSERT INTO "Question_Text_Topic_Medium" 
(id, question_text_id, question_topic_id, instruction_medium_id, is_verified, created_at, updated_at, translation_status) 
VALUES (90408, 70408, 80408, 50001, true, '2025-06-26 17:30:59+05:30', '2025-06-26 17:30:59+05:30', 'original');
INSERT INTO "Match_Pair" 
(id, question_text_id, left_text, right_text, created_at, updated_at) 
VALUES (110112, 70408, 'Concept A of Transpose of a Matrix', 'Definition A of Transpose of a Matrix', '2025-06-26 17:30:59+05:30', '2025-06-26 17:30:59+05:30');
INSERT INTO "Match_Pair" 
(id, question_text_id, left_text, right_text, created_at, updated_at) 
VALUES (110113, 70408, 'Concept B of Transpose of a Matrix', 'Definition B of Transpose of a Matrix', '2025-06-26 17:30:59+05:30', '2025-06-26 17:30:59+05:30');
INSERT INTO "Match_Pair" 
(id, question_text_id, left_text, right_text, created_at, updated_at) 
VALUES (110114, 70408, 'Concept C of Transpose of a Matrix', 'Definition C of Transpose of a Matrix', '2025-06-26 17:30:59+05:30', '2025-06-26 17:30:59+05:30');
INSERT INTO "Question" (id, question_type_id, board_question, created_at, updated_at) 
VALUES (60409, 5, false, '2025-06-26 17:30:59+05:30', '2025-06-26 17:30:59+05:30');
INSERT INTO "Question_Topic" (id, question_id, topic_id, created_at, updated_at) 
VALUES (80409, 60409, 50008, '2025-06-26 17:30:59+05:30', '2025-06-26 17:30:59+05:30');
INSERT INTO "Question_Text" (id, question_id, question_text, created_at, updated_at) 
VALUES (70409, 60409, 'Match the following concepts related to transpose of a matrix:', '2025-06-26 17:30:59+05:30', '2025-06-26 17:30:59+05:30');
INSERT INTO "Question_Text_Topic_Medium" 
(id, question_text_id, question_topic_id, instruction_medium_id, is_verified, created_at, updated_at, translation_status) 
VALUES (90409, 70409, 80409, 50001, true, '2025-06-26 17:30:59+05:30', '2025-06-26 17:30:59+05:30', 'original');
INSERT INTO "Match_Pair" 
(id, question_text_id, left_text, right_text, created_at, updated_at) 
VALUES (110115, 70409, 'Concept A of Transpose of a Matrix', 'Definition A of Transpose of a Matrix', '2025-06-26 17:30:59+05:30', '2025-06-26 17:30:59+05:30');
INSERT INTO "Match_Pair" 
(id, question_text_id, left_text, right_text, created_at, updated_at) 
VALUES (110116, 70409, 'Concept B of Transpose of a Matrix', 'Definition B of Transpose of a Matrix', '2025-06-26 17:30:59+05:30', '2025-06-26 17:30:59+05:30');
INSERT INTO "Match_Pair" 
(id, question_text_id, left_text, right_text, created_at, updated_at) 
VALUES (110117, 70409, 'Concept C of Transpose of a Matrix', 'Definition C of Transpose of a Matrix', '2025-06-26 17:30:59+05:30', '2025-06-26 17:30:59+05:30');
INSERT INTO "Question" (id, question_type_id, board_question, created_at, updated_at) 
VALUES (60410, 5, false, '2025-06-26 17:30:59+05:30', '2025-06-26 17:30:59+05:30');
INSERT INTO "Question_Topic" (id, question_id, topic_id, created_at, updated_at) 
VALUES (80410, 60410, 50008, '2025-06-26 17:30:59+05:30', '2025-06-26 17:30:59+05:30');
INSERT INTO "Question_Text" (id, question_id, question_text, created_at, updated_at) 
VALUES (70410, 60410, 'Match the following concepts related to transpose of a matrix:', '2025-06-26 17:30:59+05:30', '2025-06-26 17:30:59+05:30');
INSERT INTO "Question_Text_Topic_Medium" 
(id, question_text_id, question_topic_id, instruction_medium_id, is_verified, created_at, updated_at, translation_status) 
VALUES (90410, 70410, 80410, 50001, true, '2025-06-26 17:30:59+05:30', '2025-06-26 17:30:59+05:30', 'original');
INSERT INTO "Match_Pair" 
(id, question_text_id, left_text, right_text, created_at, updated_at) 
VALUES (110118, 70410, 'Concept A of Transpose of a Matrix', 'Definition A of Transpose of a Matrix', '2025-06-26 17:30:59+05:30', '2025-06-26 17:30:59+05:30');
INSERT INTO "Match_Pair" 
(id, question_text_id, left_text, right_text, created_at, updated_at) 
VALUES (110119, 70410, 'Concept B of Transpose of a Matrix', 'Definition B of Transpose of a Matrix', '2025-06-26 17:30:59+05:30', '2025-06-26 17:30:59+05:30');
INSERT INTO "Match_Pair" 
(id, question_text_id, left_text, right_text, created_at, updated_at) 
VALUES (110120, 70410, 'Concept C of Transpose of a Matrix', 'Definition C of Transpose of a Matrix', '2025-06-26 17:30:59+05:30', '2025-06-26 17:30:59+05:30');
INSERT INTO "Question" (id, question_type_id, board_question, created_at, updated_at) 
VALUES (60411, 6, false, '2025-06-26 17:30:59+05:30', '2025-06-26 17:30:59+05:30');
INSERT INTO "Question_Topic" (id, question_id, topic_id, created_at, updated_at) 
VALUES (80411, 60411, 50008, '2025-06-26 17:30:59+05:30', '2025-06-26 17:30:59+05:30');
INSERT INTO "Question_Text" (id, question_id, question_text, created_at, updated_at) 
VALUES (70411, 60411, 'In transpose of a matrix, the main concept is _______.', '2025-06-26 17:30:59+05:30', '2025-06-26 17:30:59+05:30');
INSERT INTO "Question_Text_Topic_Medium" 
(id, question_text_id, question_topic_id, instruction_medium_id, is_verified, created_at, updated_at, translation_status) 
VALUES (90411, 70411, 80411, 50001, true, '2025-06-26 17:30:59+05:30', '2025-06-26 17:30:59+05:30', 'original');
INSERT INTO "Question" (id, question_type_id, board_question, created_at, updated_at) 
VALUES (60412, 6, false, '2025-06-26 17:30:59+05:30', '2025-06-26 17:30:59+05:30');
INSERT INTO "Question_Topic" (id, question_id, topic_id, created_at, updated_at) 
VALUES (80412, 60412, 50008, '2025-06-26 17:30:59+05:30', '2025-06-26 17:30:59+05:30');
INSERT INTO "Question_Text" (id, question_id, question_text, created_at, updated_at) 
VALUES (70412, 60412, 'In transpose of a matrix, the main concept is _______.', '2025-06-26 17:30:59+05:30', '2025-06-26 17:30:59+05:30');
INSERT INTO "Question_Text_Topic_Medium" 
(id, question_text_id, question_topic_id, instruction_medium_id, is_verified, created_at, updated_at, translation_status) 
VALUES (90412, 70412, 80412, 50001, true, '2025-06-26 17:30:59+05:30', '2025-06-26 17:30:59+05:30', 'original');
INSERT INTO "Question" (id, question_type_id, board_question, created_at, updated_at) 
VALUES (60413, 6, false, '2025-06-26 17:30:59+05:30', '2025-06-26 17:30:59+05:30');
INSERT INTO "Question_Topic" (id, question_id, topic_id, created_at, updated_at) 
VALUES (80413, 60413, 50008, '2025-06-26 17:30:59+05:30', '2025-06-26 17:30:59+05:30');
INSERT INTO "Question_Text" (id, question_id, question_text, created_at, updated_at) 
VALUES (70413, 60413, 'In transpose of a matrix, the main concept is _______.', '2025-06-26 17:30:59+05:30', '2025-06-26 17:30:59+05:30');
INSERT INTO "Question_Text_Topic_Medium" 
(id, question_text_id, question_topic_id, instruction_medium_id, is_verified, created_at, updated_at, translation_status) 
VALUES (90413, 70413, 80413, 50001, true, '2025-06-26 17:30:59+05:30', '2025-06-26 17:30:59+05:30', 'original');
INSERT INTO "Question" (id, question_type_id, board_question, created_at, updated_at) 
VALUES (60414, 6, false, '2025-06-26 17:30:59+05:30', '2025-06-26 17:30:59+05:30');
INSERT INTO "Question_Topic" (id, question_id, topic_id, created_at, updated_at) 
VALUES (80414, 60414, 50008, '2025-06-26 17:30:59+05:30', '2025-06-26 17:30:59+05:30');
INSERT INTO "Question_Text" (id, question_id, question_text, created_at, updated_at) 
VALUES (70414, 60414, 'In transpose of a matrix, the main concept is _______.', '2025-06-26 17:30:59+05:30', '2025-06-26 17:30:59+05:30');
INSERT INTO "Question_Text_Topic_Medium" 
(id, question_text_id, question_topic_id, instruction_medium_id, is_verified, created_at, updated_at, translation_status) 
VALUES (90414, 70414, 80414, 50001, true, '2025-06-26 17:30:59+05:30', '2025-06-26 17:30:59+05:30', 'original');
INSERT INTO "Question" (id, question_type_id, board_question, created_at, updated_at) 
VALUES (60415, 6, false, '2025-06-26 17:30:59+05:30', '2025-06-26 17:30:59+05:30');
INSERT INTO "Question_Topic" (id, question_id, topic_id, created_at, updated_at) 
VALUES (80415, 60415, 50008, '2025-06-26 17:30:59+05:30', '2025-06-26 17:30:59+05:30');
INSERT INTO "Question_Text" (id, question_id, question_text, created_at, updated_at) 
VALUES (70415, 60415, 'In transpose of a matrix, the main concept is _______.', '2025-06-26 17:30:59+05:30', '2025-06-26 17:30:59+05:30');
INSERT INTO "Question_Text_Topic_Medium" 
(id, question_text_id, question_topic_id, instruction_medium_id, is_verified, created_at, updated_at, translation_status) 
VALUES (90415, 70415, 80415, 50001, true, '2025-06-26 17:30:59+05:30', '2025-06-26 17:30:59+05:30', 'original');
INSERT INTO "Question" (id, question_type_id, board_question, created_at, updated_at) 
VALUES (60416, 7, false, '2025-06-26 17:30:59+05:30', '2025-06-26 17:30:59+05:30');
INSERT INTO "Question_Topic" (id, question_id, topic_id, created_at, updated_at) 
VALUES (80416, 60416, 50008, '2025-06-26 17:30:59+05:30', '2025-06-26 17:30:59+05:30');
INSERT INTO "Question_Text" (id, question_id, question_text, created_at, updated_at) 
VALUES (70416, 60416, 'What is the key term in transpose of a matrix?', '2025-06-26 17:30:59+05:30', '2025-06-26 17:30:59+05:30');
INSERT INTO "Question_Text_Topic_Medium" 
(id, question_text_id, question_topic_id, instruction_medium_id, is_verified, created_at, updated_at, translation_status) 
VALUES (90416, 70416, 80416, 50001, true, '2025-06-26 17:30:59+05:30', '2025-06-26 17:30:59+05:30', 'original');
INSERT INTO "Question" (id, question_type_id, board_question, created_at, updated_at) 
VALUES (60417, 7, false, '2025-06-26 17:30:59+05:30', '2025-06-26 17:30:59+05:30');
INSERT INTO "Question_Topic" (id, question_id, topic_id, created_at, updated_at) 
VALUES (80417, 60417, 50008, '2025-06-26 17:30:59+05:30', '2025-06-26 17:30:59+05:30');
INSERT INTO "Question_Text" (id, question_id, question_text, created_at, updated_at) 
VALUES (70417, 60417, 'What is the key term in transpose of a matrix?', '2025-06-26 17:30:59+05:30', '2025-06-26 17:30:59+05:30');
INSERT INTO "Question_Text_Topic_Medium" 
(id, question_text_id, question_topic_id, instruction_medium_id, is_verified, created_at, updated_at, translation_status) 
VALUES (90417, 70417, 80417, 50001, true, '2025-06-26 17:30:59+05:30', '2025-06-26 17:30:59+05:30', 'original');
INSERT INTO "Question" (id, question_type_id, board_question, created_at, updated_at) 
VALUES (60418, 7, false, '2025-06-26 17:30:59+05:30', '2025-06-26 17:30:59+05:30');
INSERT INTO "Question_Topic" (id, question_id, topic_id, created_at, updated_at) 
VALUES (80418, 60418, 50008, '2025-06-26 17:30:59+05:30', '2025-06-26 17:30:59+05:30');
INSERT INTO "Question_Text" (id, question_id, question_text, created_at, updated_at) 
VALUES (70418, 60418, 'What is the key term in transpose of a matrix?', '2025-06-26 17:30:59+05:30', '2025-06-26 17:30:59+05:30');
INSERT INTO "Question_Text_Topic_Medium" 
(id, question_text_id, question_topic_id, instruction_medium_id, is_verified, created_at, updated_at, translation_status) 
VALUES (90418, 70418, 80418, 50001, true, '2025-06-26 17:30:59+05:30', '2025-06-26 17:30:59+05:30', 'original');
INSERT INTO "Question" (id, question_type_id, board_question, created_at, updated_at) 
VALUES (60419, 7, false, '2025-06-26 17:30:59+05:30', '2025-06-26 17:30:59+05:30');
INSERT INTO "Question_Topic" (id, question_id, topic_id, created_at, updated_at) 
VALUES (80419, 60419, 50008, '2025-06-26 17:30:59+05:30', '2025-06-26 17:30:59+05:30');
INSERT INTO "Question_Text" (id, question_id, question_text, created_at, updated_at) 
VALUES (70419, 60419, 'What is the key term in transpose of a matrix?', '2025-06-26 17:30:59+05:30', '2025-06-26 17:30:59+05:30');
INSERT INTO "Question_Text_Topic_Medium" 
(id, question_text_id, question_topic_id, instruction_medium_id, is_verified, created_at, updated_at, translation_status) 
VALUES (90419, 70419, 80419, 50001, true, '2025-06-26 17:30:59+05:30', '2025-06-26 17:30:59+05:30', 'original');
INSERT INTO "Question" (id, question_type_id, board_question, created_at, updated_at) 
VALUES (60420, 7, false, '2025-06-26 17:30:59+05:30', '2025-06-26 17:30:59+05:30');
INSERT INTO "Question_Topic" (id, question_id, topic_id, created_at, updated_at) 
VALUES (80420, 60420, 50008, '2025-06-26 17:30:59+05:30', '2025-06-26 17:30:59+05:30');
INSERT INTO "Question_Text" (id, question_id, question_text, created_at, updated_at) 
VALUES (70420, 60420, 'What is the key term in transpose of a matrix?', '2025-06-26 17:30:59+05:30', '2025-06-26 17:30:59+05:30');
INSERT INTO "Question_Text_Topic_Medium" 
(id, question_text_id, question_topic_id, instruction_medium_id, is_verified, created_at, updated_at, translation_status) 
VALUES (90420, 70420, 80420, 50001, true, '2025-06-26 17:30:59+05:30', '2025-06-26 17:30:59+05:30', 'original');
INSERT INTO "Question" (id, question_type_id, board_question, created_at, updated_at) 
VALUES (60421, 8, false, '2025-06-26 17:30:59+05:30', '2025-06-26 17:30:59+05:30');
INSERT INTO "Question_Topic" (id, question_id, topic_id, created_at, updated_at) 
VALUES (80421, 60421, 50008, '2025-06-26 17:30:59+05:30', '2025-06-26 17:30:59+05:30');
INSERT INTO "Question_Text" (id, question_id, question_text, created_at, updated_at) 
VALUES (70421, 60421, 'Question about transpose of a matrix - Type: Give Scientific Reasons', '2025-06-26 17:30:59+05:30', '2025-06-26 17:30:59+05:30');
INSERT INTO "Question_Text_Topic_Medium" 
(id, question_text_id, question_topic_id, instruction_medium_id, is_verified, created_at, updated_at, translation_status) 
VALUES (90421, 70421, 80421, 50001, true, '2025-06-26 17:30:59+05:30', '2025-06-26 17:30:59+05:30', 'original');
INSERT INTO "Question" (id, question_type_id, board_question, created_at, updated_at) 
VALUES (60422, 8, false, '2025-06-26 17:30:59+05:30', '2025-06-26 17:30:59+05:30');
INSERT INTO "Question_Topic" (id, question_id, topic_id, created_at, updated_at) 
VALUES (80422, 60422, 50008, '2025-06-26 17:30:59+05:30', '2025-06-26 17:30:59+05:30');
INSERT INTO "Question_Text" (id, question_id, question_text, created_at, updated_at) 
VALUES (70422, 60422, 'Question about transpose of a matrix - Type: Give Scientific Reasons', '2025-06-26 17:30:59+05:30', '2025-06-26 17:30:59+05:30');
INSERT INTO "Question_Text_Topic_Medium" 
(id, question_text_id, question_topic_id, instruction_medium_id, is_verified, created_at, updated_at, translation_status) 
VALUES (90422, 70422, 80422, 50001, true, '2025-06-26 17:30:59+05:30', '2025-06-26 17:30:59+05:30', 'original');
INSERT INTO "Question" (id, question_type_id, board_question, created_at, updated_at) 
VALUES (60423, 8, false, '2025-06-26 17:30:59+05:30', '2025-06-26 17:30:59+05:30');
INSERT INTO "Question_Topic" (id, question_id, topic_id, created_at, updated_at) 
VALUES (80423, 60423, 50008, '2025-06-26 17:30:59+05:30', '2025-06-26 17:30:59+05:30');
INSERT INTO "Question_Text" (id, question_id, question_text, created_at, updated_at) 
VALUES (70423, 60423, 'Question about transpose of a matrix - Type: Give Scientific Reasons', '2025-06-26 17:30:59+05:30', '2025-06-26 17:30:59+05:30');
INSERT INTO "Question_Text_Topic_Medium" 
(id, question_text_id, question_topic_id, instruction_medium_id, is_verified, created_at, updated_at, translation_status) 
VALUES (90423, 70423, 80423, 50001, true, '2025-06-26 17:30:59+05:30', '2025-06-26 17:30:59+05:30', 'original');
INSERT INTO "Question" (id, question_type_id, board_question, created_at, updated_at) 
VALUES (60424, 8, false, '2025-06-26 17:30:59+05:30', '2025-06-26 17:30:59+05:30');
INSERT INTO "Question_Topic" (id, question_id, topic_id, created_at, updated_at) 
VALUES (80424, 60424, 50008, '2025-06-26 17:30:59+05:30', '2025-06-26 17:30:59+05:30');
INSERT INTO "Question_Text" (id, question_id, question_text, created_at, updated_at) 
VALUES (70424, 60424, 'Question about transpose of a matrix - Type: Give Scientific Reasons', '2025-06-26 17:30:59+05:30', '2025-06-26 17:30:59+05:30');
INSERT INTO "Question_Text_Topic_Medium" 
(id, question_text_id, question_topic_id, instruction_medium_id, is_verified, created_at, updated_at, translation_status) 
VALUES (90424, 70424, 80424, 50001, true, '2025-06-26 17:30:59+05:30', '2025-06-26 17:30:59+05:30', 'original');
INSERT INTO "Question" (id, question_type_id, board_question, created_at, updated_at) 
VALUES (60425, 8, false, '2025-06-26 17:30:59+05:30', '2025-06-26 17:30:59+05:30');
INSERT INTO "Question_Topic" (id, question_id, topic_id, created_at, updated_at) 
VALUES (80425, 60425, 50008, '2025-06-26 17:30:59+05:30', '2025-06-26 17:30:59+05:30');
INSERT INTO "Question_Text" (id, question_id, question_text, created_at, updated_at) 
VALUES (70425, 60425, 'Question about transpose of a matrix - Type: Give Scientific Reasons', '2025-06-26 17:30:59+05:30', '2025-06-26 17:30:59+05:30');
INSERT INTO "Question_Text_Topic_Medium" 
(id, question_text_id, question_topic_id, instruction_medium_id, is_verified, created_at, updated_at, translation_status) 
VALUES (90425, 70425, 80425, 50001, true, '2025-06-26 17:30:59+05:30', '2025-06-26 17:30:59+05:30', 'original');
INSERT INTO "Question" (id, question_type_id, board_question, created_at, updated_at) 
VALUES (60426, 9, false, '2025-06-26 17:30:59+05:30', '2025-06-26 17:30:59+05:30');
INSERT INTO "Question_Topic" (id, question_id, topic_id, created_at, updated_at) 
VALUES (80426, 60426, 50008, '2025-06-26 17:30:59+05:30', '2025-06-26 17:30:59+05:30');
INSERT INTO "Question_Text" (id, question_id, question_text, created_at, updated_at) 
VALUES (70426, 60426, 'Explain the concept of transpose of a matrix with an example.', '2025-06-26 17:30:59+05:30', '2025-06-26 17:30:59+05:30');
INSERT INTO "Question_Text_Topic_Medium" 
(id, question_text_id, question_topic_id, instruction_medium_id, is_verified, created_at, updated_at, translation_status) 
VALUES (90426, 70426, 80426, 50001, true, '2025-06-26 17:30:59+05:30', '2025-06-26 17:30:59+05:30', 'original');
INSERT INTO "Question" (id, question_type_id, board_question, created_at, updated_at) 
VALUES (60427, 9, false, '2025-06-26 17:30:59+05:30', '2025-06-26 17:30:59+05:30');
INSERT INTO "Question_Topic" (id, question_id, topic_id, created_at, updated_at) 
VALUES (80427, 60427, 50008, '2025-06-26 17:30:59+05:30', '2025-06-26 17:30:59+05:30');
INSERT INTO "Question_Text" (id, question_id, question_text, created_at, updated_at) 
VALUES (70427, 60427, 'Explain the concept of transpose of a matrix with an example.', '2025-06-26 17:30:59+05:30', '2025-06-26 17:30:59+05:30');
INSERT INTO "Question_Text_Topic_Medium" 
(id, question_text_id, question_topic_id, instruction_medium_id, is_verified, created_at, updated_at, translation_status) 
VALUES (90427, 70427, 80427, 50001, true, '2025-06-26 17:30:59+05:30', '2025-06-26 17:30:59+05:30', 'original');
INSERT INTO "Question" (id, question_type_id, board_question, created_at, updated_at) 
VALUES (60428, 9, false, '2025-06-26 17:30:59+05:30', '2025-06-26 17:30:59+05:30');
INSERT INTO "Question_Topic" (id, question_id, topic_id, created_at, updated_at) 
VALUES (80428, 60428, 50008, '2025-06-26 17:30:59+05:30', '2025-06-26 17:30:59+05:30');
INSERT INTO "Question_Text" (id, question_id, question_text, created_at, updated_at) 
VALUES (70428, 60428, 'Explain the concept of transpose of a matrix with an example.', '2025-06-26 17:30:59+05:30', '2025-06-26 17:30:59+05:30');
INSERT INTO "Question_Text_Topic_Medium" 
(id, question_text_id, question_topic_id, instruction_medium_id, is_verified, created_at, updated_at, translation_status) 
VALUES (90428, 70428, 80428, 50001, true, '2025-06-26 17:30:59+05:30', '2025-06-26 17:30:59+05:30', 'original');
INSERT INTO "Question" (id, question_type_id, board_question, created_at, updated_at) 
VALUES (60429, 9, false, '2025-06-26 17:30:59+05:30', '2025-06-26 17:30:59+05:30');
INSERT INTO "Question_Topic" (id, question_id, topic_id, created_at, updated_at) 
VALUES (80429, 60429, 50008, '2025-06-26 17:30:59+05:30', '2025-06-26 17:30:59+05:30');
INSERT INTO "Question_Text" (id, question_id, question_text, created_at, updated_at) 
VALUES (70429, 60429, 'Explain the concept of transpose of a matrix with an example.', '2025-06-26 17:30:59+05:30', '2025-06-26 17:30:59+05:30');
INSERT INTO "Question_Text_Topic_Medium" 
(id, question_text_id, question_topic_id, instruction_medium_id, is_verified, created_at, updated_at, translation_status) 
VALUES (90429, 70429, 80429, 50001, true, '2025-06-26 17:30:59+05:30', '2025-06-26 17:30:59+05:30', 'original');
INSERT INTO "Question" (id, question_type_id, board_question, created_at, updated_at) 
VALUES (60430, 9, false, '2025-06-26 17:30:59+05:30', '2025-06-26 17:30:59+05:30');
INSERT INTO "Question_Topic" (id, question_id, topic_id, created_at, updated_at) 
VALUES (80430, 60430, 50008, '2025-06-26 17:30:59+05:30', '2025-06-26 17:30:59+05:30');
INSERT INTO "Question_Text" (id, question_id, question_text, created_at, updated_at) 
VALUES (70430, 60430, 'Explain the concept of transpose of a matrix with an example.', '2025-06-26 17:30:59+05:30', '2025-06-26 17:30:59+05:30');
INSERT INTO "Question_Text_Topic_Medium" 
(id, question_text_id, question_topic_id, instruction_medium_id, is_verified, created_at, updated_at, translation_status) 
VALUES (90430, 70430, 80430, 50001, true, '2025-06-26 17:30:59+05:30', '2025-06-26 17:30:59+05:30', 'original');
INSERT INTO "Question" (id, question_type_id, board_question, created_at, updated_at) 
VALUES (60431, 10, false, '2025-06-26 17:30:59+05:30', '2025-06-26 17:30:59+05:30');
INSERT INTO "Question_Topic" (id, question_id, topic_id, created_at, updated_at) 
VALUES (80431, 60431, 50008, '2025-06-26 17:30:59+05:30', '2025-06-26 17:30:59+05:30');
INSERT INTO "Question_Text" (id, question_id, question_text, created_at, updated_at) 
VALUES (70431, 60431, 'Question about transpose of a matrix - Type: Complete and Identify Reaction', '2025-06-26 17:30:59+05:30', '2025-06-26 17:30:59+05:30');
INSERT INTO "Question_Text_Topic_Medium" 
(id, question_text_id, question_topic_id, instruction_medium_id, is_verified, created_at, updated_at, translation_status) 
VALUES (90431, 70431, 80431, 50001, true, '2025-06-26 17:30:59+05:30', '2025-06-26 17:30:59+05:30', 'original');
INSERT INTO "Question" (id, question_type_id, board_question, created_at, updated_at) 
VALUES (60432, 10, false, '2025-06-26 17:30:59+05:30', '2025-06-26 17:30:59+05:30');
INSERT INTO "Question_Topic" (id, question_id, topic_id, created_at, updated_at) 
VALUES (80432, 60432, 50008, '2025-06-26 17:30:59+05:30', '2025-06-26 17:30:59+05:30');
INSERT INTO "Question_Text" (id, question_id, question_text, created_at, updated_at) 
VALUES (70432, 60432, 'Question about transpose of a matrix - Type: Complete and Identify Reaction', '2025-06-26 17:30:59+05:30', '2025-06-26 17:30:59+05:30');
INSERT INTO "Question_Text_Topic_Medium" 
(id, question_text_id, question_topic_id, instruction_medium_id, is_verified, created_at, updated_at, translation_status) 
VALUES (90432, 70432, 80432, 50001, true, '2025-06-26 17:30:59+05:30', '2025-06-26 17:30:59+05:30', 'original');
INSERT INTO "Question" (id, question_type_id, board_question, created_at, updated_at) 
VALUES (60433, 10, false, '2025-06-26 17:30:59+05:30', '2025-06-26 17:30:59+05:30');
INSERT INTO "Question_Topic" (id, question_id, topic_id, created_at, updated_at) 
VALUES (80433, 60433, 50008, '2025-06-26 17:30:59+05:30', '2025-06-26 17:30:59+05:30');
INSERT INTO "Question_Text" (id, question_id, question_text, created_at, updated_at) 
VALUES (70433, 60433, 'Question about transpose of a matrix - Type: Complete and Identify Reaction', '2025-06-26 17:30:59+05:30', '2025-06-26 17:30:59+05:30');
INSERT INTO "Question_Text_Topic_Medium" 
(id, question_text_id, question_topic_id, instruction_medium_id, is_verified, created_at, updated_at, translation_status) 
VALUES (90433, 70433, 80433, 50001, true, '2025-06-26 17:30:59+05:30', '2025-06-26 17:30:59+05:30', 'original');
INSERT INTO "Question" (id, question_type_id, board_question, created_at, updated_at) 
VALUES (60434, 10, false, '2025-06-26 17:30:59+05:30', '2025-06-26 17:30:59+05:30');
INSERT INTO "Question_Topic" (id, question_id, topic_id, created_at, updated_at) 
VALUES (80434, 60434, 50008, '2025-06-26 17:30:59+05:30', '2025-06-26 17:30:59+05:30');
INSERT INTO "Question_Text" (id, question_id, question_text, created_at, updated_at) 
VALUES (70434, 60434, 'Question about transpose of a matrix - Type: Complete and Identify Reaction', '2025-06-26 17:30:59+05:30', '2025-06-26 17:30:59+05:30');
INSERT INTO "Question_Text_Topic_Medium" 
(id, question_text_id, question_topic_id, instruction_medium_id, is_verified, created_at, updated_at, translation_status) 
VALUES (90434, 70434, 80434, 50001, true, '2025-06-26 17:30:59+05:30', '2025-06-26 17:30:59+05:30', 'original');
INSERT INTO "Question" (id, question_type_id, board_question, created_at, updated_at) 
VALUES (60435, 10, false, '2025-06-26 17:30:59+05:30', '2025-06-26 17:30:59+05:30');
INSERT INTO "Question_Topic" (id, question_id, topic_id, created_at, updated_at) 
VALUES (80435, 60435, 50008, '2025-06-26 17:30:59+05:30', '2025-06-26 17:30:59+05:30');
INSERT INTO "Question_Text" (id, question_id, question_text, created_at, updated_at) 
VALUES (70435, 60435, 'Question about transpose of a matrix - Type: Complete and Identify Reaction', '2025-06-26 17:30:59+05:30', '2025-06-26 17:30:59+05:30');
INSERT INTO "Question_Text_Topic_Medium" 
(id, question_text_id, question_topic_id, instruction_medium_id, is_verified, created_at, updated_at, translation_status) 
VALUES (90435, 70435, 80435, 50001, true, '2025-06-26 17:30:59+05:30', '2025-06-26 17:30:59+05:30', 'original');
INSERT INTO "Question" (id, question_type_id, board_question, created_at, updated_at) 
VALUES (60436, 11, false, '2025-06-26 17:30:59+05:30', '2025-06-26 17:30:59+05:30');
INSERT INTO "Question_Topic" (id, question_id, topic_id, created_at, updated_at) 
VALUES (80436, 60436, 50008, '2025-06-26 17:30:59+05:30', '2025-06-26 17:30:59+05:30');
INSERT INTO "Question_Text" (id, question_id, question_text, created_at, updated_at) 
VALUES (70436, 60436, 'Question about transpose of a matrix - Type: Short Note', '2025-06-26 17:30:59+05:30', '2025-06-26 17:30:59+05:30');
INSERT INTO "Question_Text_Topic_Medium" 
(id, question_text_id, question_topic_id, instruction_medium_id, is_verified, created_at, updated_at, translation_status) 
VALUES (90436, 70436, 80436, 50001, true, '2025-06-26 17:30:59+05:30', '2025-06-26 17:30:59+05:30', 'original');
INSERT INTO "Question" (id, question_type_id, board_question, created_at, updated_at) 
VALUES (60437, 11, false, '2025-06-26 17:30:59+05:30', '2025-06-26 17:30:59+05:30');
INSERT INTO "Question_Topic" (id, question_id, topic_id, created_at, updated_at) 
VALUES (80437, 60437, 50008, '2025-06-26 17:30:59+05:30', '2025-06-26 17:30:59+05:30');
INSERT INTO "Question_Text" (id, question_id, question_text, created_at, updated_at) 
VALUES (70437, 60437, 'Question about transpose of a matrix - Type: Short Note', '2025-06-26 17:30:59+05:30', '2025-06-26 17:30:59+05:30');
INSERT INTO "Question_Text_Topic_Medium" 
(id, question_text_id, question_topic_id, instruction_medium_id, is_verified, created_at, updated_at, translation_status) 
VALUES (90437, 70437, 80437, 50001, true, '2025-06-26 17:30:59+05:30', '2025-06-26 17:30:59+05:30', 'original');
INSERT INTO "Question" (id, question_type_id, board_question, created_at, updated_at) 
VALUES (60438, 11, false, '2025-06-26 17:30:59+05:30', '2025-06-26 17:30:59+05:30');
INSERT INTO "Question_Topic" (id, question_id, topic_id, created_at, updated_at) 
VALUES (80438, 60438, 50008, '2025-06-26 17:30:59+05:30', '2025-06-26 17:30:59+05:30');
INSERT INTO "Question_Text" (id, question_id, question_text, created_at, updated_at) 
VALUES (70438, 60438, 'Question about transpose of a matrix - Type: Short Note', '2025-06-26 17:30:59+05:30', '2025-06-26 17:30:59+05:30');
INSERT INTO "Question_Text_Topic_Medium" 
(id, question_text_id, question_topic_id, instruction_medium_id, is_verified, created_at, updated_at, translation_status) 
VALUES (90438, 70438, 80438, 50001, true, '2025-06-26 17:30:59+05:30', '2025-06-26 17:30:59+05:30', 'original');
INSERT INTO "Question" (id, question_type_id, board_question, created_at, updated_at) 
VALUES (60439, 11, false, '2025-06-26 17:30:59+05:30', '2025-06-26 17:30:59+05:30');
INSERT INTO "Question_Topic" (id, question_id, topic_id, created_at, updated_at) 
VALUES (80439, 60439, 50008, '2025-06-26 17:30:59+05:30', '2025-06-26 17:30:59+05:30');
INSERT INTO "Question_Text" (id, question_id, question_text, created_at, updated_at) 
VALUES (70439, 60439, 'Question about transpose of a matrix - Type: Short Note', '2025-06-26 17:30:59+05:30', '2025-06-26 17:30:59+05:30');
INSERT INTO "Question_Text_Topic_Medium" 
(id, question_text_id, question_topic_id, instruction_medium_id, is_verified, created_at, updated_at, translation_status) 
VALUES (90439, 70439, 80439, 50001, true, '2025-06-26 17:30:59+05:30', '2025-06-26 17:30:59+05:30', 'original');
INSERT INTO "Question" (id, question_type_id, board_question, created_at, updated_at) 
VALUES (60440, 11, false, '2025-06-26 17:30:59+05:30', '2025-06-26 17:30:59+05:30');
INSERT INTO "Question_Topic" (id, question_id, topic_id, created_at, updated_at) 
VALUES (80440, 60440, 50008, '2025-06-26 17:30:59+05:30', '2025-06-26 17:30:59+05:30');
INSERT INTO "Question_Text" (id, question_id, question_text, created_at, updated_at) 
VALUES (70440, 60440, 'Question about transpose of a matrix - Type: Short Note', '2025-06-26 17:30:59+05:30', '2025-06-26 17:30:59+05:30');
INSERT INTO "Question_Text_Topic_Medium" 
(id, question_text_id, question_topic_id, instruction_medium_id, is_verified, created_at, updated_at, translation_status) 
VALUES (90440, 70440, 80440, 50001, true, '2025-06-26 17:30:59+05:30', '2025-06-26 17:30:59+05:30', 'original');
